0;0.0;21.6;21.7;21.8;21.7;21.8;21.7;21.6;21.8;
1;1.0;21.6;21.7;21.8;21.7;21.8;21.7;21.6;21.8;
2;2.0;21.7;21.7;21.8;21.7;21.8;21.7;21.6;21.8;
3;3.0;21.8;21.8;21.8;21.7;21.8;21.7;21.6;21.8;
4;4.0;21.9;21.8;21.8;21.7;21.8;21.7;21.6;21.8;
5;5.0;22.2;21.9;21.8;21.7;21.8;21.7;21.6;21.8;
6;6.0;22.2;22.1;21.9;21.8;21.8;21.7;21.6;21.8;
7;7.0;22.5;22.2;22.0;21.8;21.8;21.7;21.6;21.8;
8;8.0;22.6;22.3;22.1;21.8;21.8;21.7;21.6;21.8;
9;9.0;22.9;22.4;22.2;21.9;21.8;21.7;21.6;21.8;
10;10.0;23.0;22.6;22.2;22.0;21.9;21.7;21.7;21.8;
11;11.0;23.2;22.7;22.3;22.0;21.9;21.8;21.7;21.8;
12;12.0;23.4;22.8;22.5;22.1;21.9;21.8;21.7;21.8;
13;13.0;23.4;22.9;22.5;22.1;22.0;21.8;21.7;21.8;
14;14.0;23.7;23.0;22.6;22.2;22.0;21.8;21.7;21.8;
15;15.0;23.8;23.1;22.6;22.2;22.0;21.8;21.7;21.8;
16;16.0;24.0;23.3;22.8;22.3;22.1;21.8;21.7;21.8;
17;17.0;24.2;23.4;22.9;22.4;22.2;21.9;21.8;21.8;
18;18.0;24.3;23.5;23.0;22.5;22.2;21.9;21.8;21.8;
19;19.0;24.5;23.6;23.0;22.6;22.2;21.9;21.8;21.8;
20;20.0;24.7;23.8;23.2;22.6;22.3;22.0;21.8;21.8;
21;21.0;24.8;23.8;23.3;22.6;22.4;22.1;21.8;21.8;
22;22.0;25.0;24.0;23.4;22.7;22.5;22.1;21.8;21.8;
23;23.0;25.1;24.1;23.5;22.8;22.6;22.2;21.9;21.9;
24;24.0;25.2;24.2;23.5;22.9;22.6;22.2;21.9;21.9;
25;25.0;25.4;24.4;23.6;23.0;22.6;22.2;22.0;21.9;
26;26.0;25.5;24.4;23.8;23.0;22.7;22.2;22.0;22.0;
27;27.0;25.7;24.6;23.8;23.2;22.7;22.3;22.1;21.9;
28;28.0;25.8;24.7;23.9;23.3;22.9;22.3;22.1;22.0;
29;29.0;25.9;24.8;24.1;23.3;22.9;22.5;22.2;22.1;
30;30.0;26.0;24.9;24.2;23.4;23.0;22.5;22.2;22.1;
31;31.0;26.2;25.1;24.3;23.4;23.0;22.6;22.2;22.1;
32;32.0;26.3;25.1;24.3;23.5;23.1;22.6;22.2;22.2;
33;33.0;26.4;25.2;24.4;23.6;23.2;22.6;22.3;22.2;
34;34.0;26.5;25.3;24.5;23.7;23.2;22.6;22.3;22.2;
35;35.0;26.7;25.4;24.6;23.7;23.3;22.7;22.4;22.2;
36;36.0;26.7;25.5;24.7;23.8;23.3;22.8;22.4;22.2;
37;37.0;26.9;25.7;24.8;23.9;23.4;22.9;22.5;22.2;
38;38.0;27.0;25.7;24.9;24.0;23.4;22.9;22.5;22.3;
39;39.0;27.1;25.8;24.9;24.0;23.5;23.0;22.6;22.4;
40;40.0;27.2;25.9;25.1;24.2;23.6;23.0;22.6;22.5;
41;41.0;27.3;26.0;25.1;24.3;23.7;23.0;22.6;22.4;
42;42.0;27.4;26.1;25.2;24.3;23.8;23.1;22.7;22.5;
43;43.0;27.6;26.2;25.3;24.3;23.8;23.2;22.7;22.5;
44;44.0;27.6;26.3;25.3;24.4;23.8;23.3;22.8;22.6;
45;45.0;27.7;26.3;25.5;24.6;23.9;23.3;22.8;22.6;
46;46.0;27.9;26.4;25.5;24.6;23.9;23.4;22.9;22.6;
47;47.0;28.0;26.6;25.6;24.7;24.0;23.4;22.9;22.6;
48;48.0;28.0;26.7;25.7;24.7;24.1;23.5;23.0;22.7;
49;49.0;28.2;26.7;25.8;24.9;24.3;23.5;23.0;22.8;
50;50.0;28.3;26.8;25.9;24.9;24.3;23.6;23.1;22.9;
51;51.0;28.4;26.9;25.9;25.0;24.3;23.6;23.1;22.9;
52;52.0;28.4;27.0;26.0;25.1;24.4;23.7;23.1;22.9;
53;53.0;28.5;27.1;26.1;25.1;24.5;23.8;23.2;22.9;
54;54.0;28.7;27.2;26.2;25.2;24.6;23.8;23.2;23.0;
55;55.0;28.7;27.2;26.2;25.2;24.6;23.8;23.3;23.0;
56;56.0;28.8;27.3;26.3;25.2;24.6;23.9;23.4;23.0;
57;57.0;28.9;27.4;26.4;25.4;24.7;23.9;23.4;23.1;
58;58.0;29.0;27.5;26.4;25.5;24.7;24.0;23.4;23.1;
59;59.0;29.1;27.6;26.5;25.5;24.8;24.1;23.5;23.2;
60;60.0;29.2;27.6;26.6;25.5;24.8;24.2;23.5;23.2;
61;61.0;29.2;27.7;26.7;25.6;24.9;24.3;23.6;23.3;
62;62.0;29.3;27.8;26.7;25.7;25.1;24.3;23.6;23.3;
63;63.0;29.5;27.9;26.8;25.8;25.1;24.3;23.8;23.4;
64;64.0;29.6;28.0;26.9;25.9;25.1;24.4;23.8;23.4;
65;65.0;29.6;28.0;27.0;25.9;25.2;24.4;23.8;23.4;
66;66.0;29.7;28.0;27.1;25.9;25.2;24.5;23.8;23.5;
67;67.0;29.8;28.1;27.1;26.0;25.3;24.6;23.9;23.5;
68;68.0;29.9;28.3;27.2;26.1;25.4;24.6;24.0;23.7;
69;69.0;30.0;28.3;27.2;26.2;25.5;24.7;24.0;23.7;
70;70.0;30.1;28.4;27.3;26.3;25.5;24.7;24.1;23.8;
71;71.0;30.1;28.5;27.4;26.3;25.5;24.8;24.2;23.8;
72;72.0;30.3;28.5;27.5;26.4;25.6;24.8;24.2;23.8;
73;73.0;30.3;28.6;27.6;26.5;25.7;24.9;24.3;23.8;
74;74.0;30.4;28.7;27.6;26.5;25.8;25.0;24.3;23.9;
75;75.0;30.5;28.8;27.7;26.6;25.8;25.1;24.3;23.9;
76;76.0;30.5;28.8;27.7;26.6;25.8;25.1;24.4;23.9;
77;77.0;30.6;28.8;27.8;26.7;25.9;25.1;24.4;24.1;
78;78.0;30.7;28.9;27.8;26.7;25.9;25.2;24.4;24.2;
79;79.0;30.8;29.0;28.0;26.8;26.0;25.2;24.6;24.2;
80;80.0;30.9;29.1;28.0;26.8;26.1;25.2;24.6;24.2;
81;81.0;31.0;29.1;28.1;26.9;26.1;25.3;24.7;24.3;
82;82.0;31.2;29.2;28.1;27.0;26.2;25.4;24.7;24.3;
83;83.0;31.2;29.3;28.2;27.1;26.3;25.5;24.7;24.4;
84;84.0;31.3;29.3;28.3;27.2;26.3;25.5;24.8;24.4;
85;85.0;31.4;29.4;28.4;27.2;26.4;25.5;24.8;24.5;
86;86.0;31.4;29.5;28.4;27.2;26.4;25.6;24.9;24.5;
87;87.0;31.5;29.6;28.4;27.3;26.4;25.7;24.9;24.6;
88;88.0;31.6;29.6;28.5;27.3;26.5;25.8;25.1;24.6;
89;89.0;31.7;29.6;28.6;27.5;26.6;25.8;25.1;24.7;
90;90.0;31.7;29.7;28.7;27.5;26.7;25.8;25.1;24.7;
91;91.0;31.8;29.8;28.7;27.6;26.7;25.9;25.1;24.7;
92;92.0;31.9;29.9;28.8;27.6;26.8;25.9;25.2;24.8;
93;93.0;32.0;30.0;28.8;27.7;26.8;25.9;25.3;24.9;
94;94.0;32.1;30.0;28.9;27.8;27.0;26.1;25.4;25.0;
95;95.0;32.1;30.1;29.0;27.8;27.0;26.1;25.4;25.0;
96;96.0;32.1;30.1;29.0;27.9;27.0;26.2;25.5;25.1;
97;97.0;32.2;30.1;29.1;27.9;27.1;26.2;25.5;25.1;
98;98.0;32.3;30.3;29.1;28.0;27.2;26.3;25.5;25.1;
99;99.0;32.4;30.3;29.2;28.0;27.2;26.3;25.5;25.1;
100;100.0;32.5;30.4;29.3;28.1;27.2;26.4;25.7;25.2;
101;101.0;32.5;30.5;29.3;28.1;27.3;26.4;25.7;25.2;
102;102.0;32.5;30.5;29.4;28.2;27.4;26.5;25.7;25.3;
103;103.0;32.7;30.6;29.4;28.3;27.4;26.5;25.8;25.4;
104;104.0;32.7;30.7;29.5;28.4;27.5;26.6;25.9;25.4;
105;105.0;32.8;30.8;29.6;28.4;27.5;26.7;25.9;25.5;
106;106.0;32.9;30.9;29.6;28.4;27.6;26.7;26.0;25.5;
107;107.0;33.0;30.9;29.7;28.4;27.6;26.8;26.0;25.6;
108;108.0;33.0;31.0;29.7;28.5;27.7;26.8;26.0;25.7;
109;109.0;33.1;31.1;29.8;28.6;27.8;27.0;26.1;25.7;
110;110.0;33.2;31.1;29.9;28.7;27.8;27.0;26.2;25.7;
111;111.0;33.2;31.2;30.0;28.8;27.9;27.1;26.2;25.7;
112;112.0;33.4;31.2;30.0;28.8;27.9;27.1;26.3;25.8;
113;113.0;33.4;31.3;30.1;28.8;28.0;27.1;26.3;25.9;
114;114.0;33.4;31.3;30.1;28.8;28.0;27.2;26.4;25.9;
115;115.0;33.5;31.4;30.2;29.0;28.1;27.2;26.4;26.0;
116;116.0;33.5;31.5;30.3;29.0;28.1;27.2;26.5;26.0;
117;117.0;33.6;31.6;30.3;29.1;28.2;27.4;26.6;26.1;
118;118.0;33.7;31.6;30.4;29.1;28.3;27.4;26.6;26.1;
119;119.0;33.8;31.6;30.4;29.2;28.3;27.4;26.7;26.2;
120;120.0;33.8;31.7;30.5;29.2;28.4;27.5;26.7;26.3;
121;121.0;33.8;31.7;30.5;29.2;28.4;27.6;26.7;26.3;
122;122.0;34.0;31.8;30.5;29.3;28.4;27.6;26.7;26.3;
123;123.0;34.1;31.9;30.7;29.4;28.5;27.6;26.8;26.4;
124;124.0;34.1;31.9;30.7;29.4;28.5;27.7;26.9;26.4;
125;125.0;34.1;32.0;30.7;29.5;28.7;27.8;27.0;26.5;
126;126.0;34.2;32.0;30.8;29.6;28.7;27.8;27.0;26.5;
127;127.0;34.2;32.1;30.9;29.6;28.7;27.9;27.1;26.6;
128;128.0;34.3;32.1;30.9;29.7;28.8;28.0;27.1;26.7;
129;129.0;34.4;32.2;31.1;29.7;28.8;28.0;27.2;26.7;
130;130.0;34.5;32.2;31.1;29.8;28.9;28.0;27.2;26.7;
131;131.0;34.5;32.4;31.2;29.8;28.9;28.1;27.3;26.7;
132;132.0;34.6;32.4;31.3;29.9;29.0;28.1;27.3;26.9;
133;133.0;34.6;32.5;31.3;29.9;29.1;28.2;27.4;26.9;
134;134.0;34.8;32.5;31.3;30.1;29.1;28.3;27.4;27.0;
135;135.0;34.8;32.5;31.4;30.1;29.2;28.4;27.5;27.0;
136;136.0;34.9;32.6;31.5;30.1;29.2;28.4;27.6;27.1;
137;137.0;34.9;32.7;31.6;30.1;29.3;28.4;27.6;27.1;
138;138.0;35.0;32.8;31.6;30.3;29.3;28.4;27.6;27.2;
139;139.0;35.0;32.8;31.7;30.3;29.3;28.4;27.7;27.2;
140;140.0;35.0;32.9;31.7;30.4;29.4;28.5;27.7;27.2;
141;141.0;35.1;32.9;31.7;30.5;29.4;28.6;27.8;27.3;
142;142.0;35.2;33.0;31.7;30.5;29.5;28.7;27.9;27.4;
143;143.0;35.3;33.0;31.9;30.6;29.6;28.7;27.9;27.4;
144;144.0;35.4;33.0;31.9;30.7;29.6;28.8;28.0;27.5;
145;145.0;35.4;33.1;32.0;30.7;29.7;28.8;28.0;27.6;
146;146.0;35.4;33.2;32.0;30.8;29.7;28.9;28.0;27.6;
147;147.0;35.4;33.2;32.1;30.8;29.8;28.9;28.1;27.6;
148;148.0;35.5;33.3;32.2;30.9;29.8;29.0;28.2;27.7;
149;149.0;35.6;33.4;32.2;30.9;29.9;29.0;28.2;27.7;
150;150.0;35.7;33.4;32.2;31.0;30.0;29.1;28.3;27.7;
151;151.0;35.8;33.4;32.3;31.0;30.0;29.1;28.3;27.8;
152;152.0;35.8;33.5;32.4;31.1;30.1;29.2;28.4;27.9;
153;153.0;35.9;33.5;32.4;31.2;30.2;29.2;28.4;28.0;
154;154.0;35.9;33.7;32.5;31.2;30.1;29.3;28.5;28.0;
155;155.0;36.0;33.7;32.5;31.3;30.3;29.3;28.5;28.0;
156;156.0;36.1;33.8;32.5;31.3;30.3;29.4;28.6;28.0;
157;157.0;36.1;33.8;32.6;31.4;30.4;29.4;28.6;28.2;
158;158.0;36.2;33.8;32.7;31.4;30.4;29.6;28.7;28.2;
159;159.0;36.3;33.8;32.8;31.5;30.5;29.6;28.7;28.2;
160;160.0;36.3;33.9;32.8;31.5;30.5;29.6;28.8;28.3;
161;161.0;36.3;33.9;32.9;31.6;30.5;29.6;28.8;28.4;
162;162.0;36.3;34.0;32.9;31.7;30.6;29.7;28.8;28.4;
163;163.0;36.4;34.1;33.0;31.7;30.6;29.7;28.9;28.4;
164;164.0;36.5;34.2;33.0;31.7;30.7;29.7;28.9;28.4;
165;165.0;36.6;34.2;33.0;31.7;30.7;29.8;29.0;28.6;
166;166.0;36.7;34.2;33.0;31.8;30.8;29.9;29.0;28.6;
167;167.0;36.7;34.3;33.2;31.8;30.9;30.0;29.2;28.6;
168;168.0;36.7;34.4;33.3;32.0;30.9;30.0;29.2;28.7;
169;169.0;36.7;34.4;33.3;32.0;31.0;30.1;29.2;28.7;
170;170.0;36.8;34.5;33.4;32.1;31.1;30.1;29.2;28.8;
171;171.0;36.9;34.5;33.4;32.1;31.2;30.2;29.3;28.8;
172;172.0;37.0;34.6;33.4;32.1;31.3;30.2;29.4;28.8;
173;173.0;37.1;34.6;33.5;32.2;31.3;30.3;29.4;28.9;
174;174.0;37.1;34.7;33.5;32.2;31.3;30.3;29.5;28.9;
175;175.0;37.1;34.7;33.5;32.4;31.3;30.4;29.5;29.0;
176;176.0;37.2;34.8;33.7;32.4;31.4;30.5;29.6;29.1;
177;177.0;37.3;34.8;33.7;32.4;31.5;30.5;29.6;29.1;
178;178.0;37.3;34.9;33.8;32.5;31.6;30.5;29.6;29.2;
179;179.0;37.4;35.0;33.8;32.5;31.6;30.6;29.7;29.2;
180;180.0;37.4;35.0;33.8;32.5;31.7;30.6;29.8;29.3;
181;181.0;37.5;35.0;33.8;32.6;31.7;30.7;29.8;29.3;
182;182.0;37.5;35.1;33.9;32.6;31.7;30.7;29.9;29.3;
183;183.0;37.5;35.1;34.0;32.7;31.7;30.8;29.9;29.5;
184;184.0;37.6;35.2;34.1;32.7;31.8;30.9;30.0;29.5;
185;185.0;37.7;35.2;34.1;32.9;31.8;30.9;30.0;29.6;
186;186.0;37.7;35.3;34.2;32.9;31.9;30.9;30.1;29.6;
187;187.0;37.8;35.4;34.2;33.0;32.0;31.1;30.1;29.6;
188;188.0;37.9;35.4;34.2;33.0;32.0;31.1;30.2;29.6;
189;189.0;37.9;35.4;34.3;33.0;32.1;31.3;30.2;29.7;
190;190.0;37.9;35.4;34.3;33.0;32.1;31.3;30.3;29.7;
191;191.0;38.0;35.6;34.5;33.1;32.2;31.3;30.3;29.8;
192;192.0;38.0;35.6;34.5;33.1;32.2;31.3;30.4;29.9;
193;193.0;38.1;35.7;34.6;33.3;32.3;31.4;30.5;29.9;
194;194.0;38.2;35.7;34.6;33.3;32.3;31.5;30.5;29.9;
195;195.0;38.3;35.8;34.6;33.3;32.4;31.5;30.6;30.0;
196;196.0;38.3;35.8;34.7;33.4;32.4;31.6;30.7;30.1;
197;197.0;38.3;35.9;34.7;33.4;32.5;31.6;30.7;30.1;
198;198.0;38.4;35.9;34.8;33.5;32.5;31.7;30.9;30.1;
199;199.0;38.5;36.0;34.9;33.6;32.6;31.7;30.9;30.2;
200;200.0;38.5;36.0;34.9;33.6;32.6;31.7;30.9;30.3;
201;201.0;38.6;36.0;35.0;33.6;32.7;31.7;30.9;30.3;
202;202.0;38.6;36.1;35.0;33.6;32.7;31.8;30.9;30.3;
203;203.0;38.7;36.2;35.0;33.7;32.8;31.9;31.0;30.4;
204;204.0;38.7;36.3;35.1;33.8;32.8;32.0;31.1;30.4;
205;205.0;38.8;36.3;35.1;33.8;32.9;32.0;31.1;30.5;
206;206.0;38.8;36.3;35.1;33.8;33.0;32.1;31.2;30.5;
207;207.0;38.9;36.3;35.2;34.0;33.0;32.1;31.2;30.6;
208;208.0;38.9;36.4;35.2;34.0;33.0;32.1;31.3;30.6;
209;209.0;39.0;36.4;35.3;34.0;33.0;32.2;31.3;30.7;
210;210.0;39.1;36.5;35.4;34.1;33.1;32.2;31.3;30.8;
211;211.0;39.1;36.6;35.4;34.2;33.2;32.2;31.3;30.9;
212;212.0;39.2;36.7;35.5;34.2;33.2;32.3;31.5;30.9;
213;213.0;39.2;36.7;35.5;34.2;33.3;32.4;31.5;31.0;
214;214.0;39.2;36.7;35.5;34.3;33.3;32.4;31.6;31.0;
215;215.0;39.2;36.7;35.6;34.3;33.4;32.5;31.6;31.2;
216;216.0;39.3;36.9;35.7;34.3;33.4;32.5;31.7;31.2;
217;217.0;39.4;36.9;35.8;34.4;33.5;32.5;31.7;31.2;
218;218.0;39.4;37.0;35.8;34.5;33.5;32.6;31.7;31.3;
219;219.0;39.6;37.0;35.9;34.6;33.5;32.7;31.8;31.3;
220;220.0;39.6;37.1;35.9;34.6;33.6;32.8;31.8;31.3;
221;221.0;39.6;37.1;35.9;34.6;33.6;32.8;31.9;31.4;
222;222.0;39.6;37.1;36.0;34.6;33.7;32.9;31.9;31.5;
223;223.0;39.7;37.1;36.0;34.7;33.8;32.9;32.0;31.5;
224;224.0;39.8;37.2;36.1;34.8;33.8;33.0;32.0;31.5;
225;225.0;39.8;37.3;36.1;34.8;33.8;33.0;32.1;31.5;
226;226.0;39.9;37.3;36.2;34.9;33.8;33.0;32.1;31.7;
227;227.0;39.9;37.3;36.2;34.9;33.9;33.0;32.1;31.7;
228;228.0;40.0;37.4;36.2;35.0;33.9;33.0;32.2;31.7;
229;229.0;40.0;37.5;36.3;35.0;34.1;33.2;32.3;31.7;
230;230.0;40.0;37.5;36.3;35.0;34.1;33.2;32.3;31.8;
231;231.0;40.1;37.6;36.4;35.1;34.2;33.3;32.4;31.8;
232;232.0;40.2;37.6;36.4;35.1;34.2;33.3;32.4;31.9;
233;233.0;40.2;37.7;36.5;35.2;34.2;33.4;32.5;31.9;
234;234.0;40.3;37.7;36.6;35.3;34.2;33.4;32.5;32.0;
235;235.0;40.3;37.8;36.7;35.3;34.3;33.4;32.5;32.1;
236;236.0;40.4;37.8;36.7;35.3;34.3;33.5;32.6;32.1;
237;237.0;40.4;37.9;36.7;35.4;34.4;33.5;32.6;32.1;
238;238.0;40.5;37.9;36.7;35.4;34.5;33.6;32.7;32.1;
239;239.0;40.6;37.9;36.7;35.5;34.6;33.6;32.8;32.2;
240;240.0;40.6;38.0;36.8;35.5;34.6;33.7;32.8;32.2;
241;241.0;40.6;38.0;36.9;35.6;34.6;33.7;32.9;32.3;
242;242.0;40.7;38.1;36.9;35.6;34.7;33.8;32.9;32.4;
243;243.0;40.8;38.2;37.0;35.7;34.7;33.8;33.0;32.5;
244;244.0;40.8;38.2;37.1;35.7;34.8;33.8;33.0;32.5;
245;245.0;40.8;38.3;37.1;35.7;34.8;33.9;33.0;32.5;
246;246.0;40.9;38.3;37.1;35.9;34.8;33.9;33.1;32.5;
247;247.0;40.9;38.3;37.1;35.9;34.9;34.1;33.1;32.5;
248;248.0;40.9;38.3;37.2;35.9;34.9;34.1;33.1;32.6;
249;249.0;41.1;38.4;37.3;35.9;35.0;34.2;33.2;32.7;
250;250.0;41.3;38.5;37.3;35.9;35.0;34.2;33.3;32.7;
251;251.0;41.3;38.5;37.4;36.1;35.1;34.2;33.3;32.8;
252;252.0;41.3;38.6;37.4;36.1;35.1;34.2;33.4;32.9;
253;253.0;41.4;38.6;37.5;36.2;35.1;34.2;33.4;32.9;
254;254.0;41.4;38.7;37.5;36.2;35.2;34.3;33.4;33.0;
255;255.0;41.5;38.8;37.5;36.2;35.2;34.4;33.4;33.0;
256;256.0;41.5;38.8;37.6;36.3;35.3;34.5;33.5;33.0;
257;257.0;41.6;38.8;37.6;36.3;35.4;34.5;33.6;33.0;
258;258.0;41.6;38.9;37.7;36.4;35.4;34.6;33.7;33.1;
259;259.0;41.7;38.9;37.7;36.5;35.4;34.6;33.7;33.2;
260;260.0;41.7;38.9;37.8;36.5;35.5;34.6;33.8;33.2;
261;261.0;41.8;39.0;37.8;36.6;35.5;34.7;33.8;33.2;
262;262.0;41.8;39.1;37.9;36.6;35.6;34.7;33.8;33.3;
263;263.0;41.8;39.1;37.9;36.6;35.6;34.8;33.8;33.4;
264;264.0;41.9;39.2;38.0;36.7;35.7;34.8;33.8;33.4;
265;265.0;41.9;39.2;38.0;36.7;35.8;34.8;33.9;33.4;
266;266.0;42.0;39.2;38.0;36.7;35.8;34.9;34.0;33.4;
267;267.0;42.0;39.3;38.1;36.8;35.9;35.0;34.1;33.5;
268;268.0;42.1;39.3;38.1;36.8;35.9;35.0;34.1;33.5;
269;269.0;42.1;39.4;38.2;36.8;35.9;35.0;34.1;33.5;
270;270.0;42.2;39.4;38.3;36.9;35.9;35.0;34.2;33.6;
271;271.0;42.2;39.5;38.3;37.0;36.0;35.1;34.2;33.7;
272;272.0;42.3;39.6;38.3;37.1;36.1;35.1;34.2;33.8;
273;273.0;42.4;39.6;38.4;37.1;36.1;35.2;34.3;33.8;
274;274.0;42.4;39.6;38.4;37.1;36.2;35.2;34.3;33.8;
275;275.0;42.5;39.6;38.5;37.1;36.2;35.3;34.4;33.8;
276;276.0;42.5;39.7;38.6;37.2;36.3;35.4;34.4;33.8;
277;277.0;42.5;39.8;38.6;37.2;36.3;35.4;34.5;33.9;
278;278.0;42.5;39.8;38.7;37.3;36.3;35.4;34.5;34.1;
279;279.0;42.5;39.9;38.7;37.4;36.3;35.4;34.6;34.1;
280;280.0;42.7;39.9;38.8;37.4;36.4;35.5;34.6;34.1;
281;281.0;42.8;40.0;38.8;37.5;36.4;35.5;34.6;34.2;
282;282.0;42.8;40.0;38.8;37.5;36.5;35.6;34.7;34.2;
283;283.0;42.8;40.0;38.8;37.5;36.6;35.6;34.7;34.2;
284;284.0;42.9;40.1;38.9;37.5;36.6;35.8;34.8;34.2;
285;285.0;42.9;40.1;39.0;37.6;36.7;35.8;34.8;34.2;
286;286.0;42.9;40.2;39.0;37.6;36.7;35.9;34.9;34.4;
287;287.0;43.0;40.2;39.0;37.7;36.7;35.9;34.9;34.4;
288;288.0;43.1;40.3;39.0;37.8;36.7;35.9;35.0;34.5;
289;289.0;43.1;40.3;39.1;37.8;36.8;35.9;35.0;34.5;
290;290.0;43.1;40.4;39.2;37.9;36.8;36.0;35.1;34.5;
291;291.0;43.2;40.4;39.2;37.9;36.9;36.0;35.1;34.6;
292;292.0;43.3;40.4;39.2;37.9;36.9;36.1;35.1;34.6;
293;293.0;43.3;40.4;39.3;38.0;37.0;36.1;35.2;34.7;
294;294.0;43.3;40.5;39.3;38.0;37.1;36.2;35.2;34.7;
295;295.0;43.4;40.6;39.4;38.1;37.1;36.2;35.3;34.8;
296;296.0;43.5;40.6;39.4;38.1;37.1;36.3;35.4;34.8;
297;297.0;43.5;40.6;39.5;38.2;37.2;36.3;35.4;34.8;
298;298.0;43.5;40.8;39.6;38.2;37.2;36.3;35.4;34.9;
299;299.0;43.6;40.8;39.6;38.3;37.3;36.4;35.4;34.9;
300;300.0;43.6;40.9;39.6;38.3;37.4;36.4;35.4;35.0;
301;301.0;43.7;40.9;39.7;38.3;37.4;36.4;35.5;35.0;
302;302.0;43.7;41.0;39.7;38.4;37.4;36.5;35.6;35.0;
303;303.0;43.7;41.1;39.7;38.4;37.5;36.7;35.6;35.0;
304;304.0;43.7;41.2;39.9;38.5;37.5;36.7;35.7;35.1;
305;305.0;43.8;41.2;39.9;38.5;37.5;36.7;35.7;35.1;
306;306.0;43.9;41.3;39.9;38.6;37.5;36.7;35.8;35.3;
307;307.0;43.9;41.3;40.0;38.6;37.6;36.7;35.8;35.3;
308;308.0;44.0;41.3;40.0;38.7;37.7;36.7;35.9;35.3;
309;309.0;44.0;41.3;40.0;38.8;37.7;36.8;35.9;35.4;
310;310.0;44.1;41.4;40.0;38.8;37.7;36.9;35.9;35.4;
311;311.0;44.1;41.4;40.1;38.8;37.8;36.9;35.9;35.4;
312;312.0;44.1;41.5;40.1;38.8;37.8;36.9;36.0;35.4;
313;313.0;44.2;41.5;40.1;38.8;37.9;37.0;36.0;35.5;
314;314.0;44.2;41.6;40.3;38.9;37.9;37.1;36.1;35.5;
315;315.0;44.3;41.6;40.3;38.9;38.0;37.1;36.1;35.5;
316;316.0;44.3;41.7;40.3;38.9;38.0;37.1;36.3;35.7;
317;317.0;44.4;41.7;40.4;39.1;38.1;37.1;36.3;35.7;
318;318.0;44.4;41.7;40.4;39.1;38.1;37.2;36.3;35.8;
319;319.0;44.4;41.8;40.5;39.2;38.1;37.3;36.3;35.8;
320;320.0;44.5;41.9;40.5;39.2;38.2;37.3;36.3;35.8;
321;321.0;44.6;41.9;40.6;39.2;38.2;37.4;36.4;35.9;
322;322.0;44.6;41.9;40.6;39.3;38.3;37.4;36.4;35.9;
323;323.0;44.6;42.0;40.7;39.3;38.3;37.4;36.5;35.9;
324;324.0;44.7;42.0;40.7;39.4;38.4;37.5;36.6;36.0;
325;325.0;44.7;42.1;40.7;39.4;38.4;37.5;36.6;36.0;
326;326.0;44.8;42.1;40.8;39.5;38.4;37.5;36.7;36.1;
327;327.0;44.8;42.1;40.8;39.5;38.5;37.6;36.7;36.1;
328;328.0;44.8;42.1;40.8;39.5;38.5;37.7;36.7;36.1;
329;329.0;45.0;42.2;40.9;39.6;38.6;37.7;36.7;36.2;
330;330.0;45.0;42.2;40.9;39.6;38.6;37.7;36.7;36.2;
331;331.0;45.0;42.3;41.0;39.7;38.7;37.8;36.8;36.3;
332;332.0;45.0;42.3;41.0;39.7;38.7;37.8;36.9;36.3;
333;333.0;45.1;42.4;41.1;39.7;38.8;37.9;36.9;36.3;
334;334.0;45.1;42.5;41.1;39.7;38.8;37.9;37.0;36.3;
335;335.0;45.1;42.5;41.2;39.8;38.8;37.9;37.0;36.4;
336;336.0;45.2;42.5;41.3;39.9;38.8;38.0;37.0;36.5;
337;337.0;45.2;42.5;41.3;40.0;38.9;38.0;37.1;36.6;
338;338.0;45.4;42.6;41.4;40.0;39.0;38.1;37.1;36.6;
339;339.0;45.4;42.7;41.5;40.0;39.0;38.1;37.1;36.7;
340;340.0;45.4;42.7;41.6;40.0;39.0;38.2;37.2;36.7;
341;341.0;45.4;42.8;41.6;40.1;39.1;38.2;37.2;36.7;
342;342.0;45.4;42.9;41.6;40.1;39.1;38.3;37.3;36.7;
343;343.0;45.5;42.9;41.7;40.2;39.2;38.3;37.3;36.7;
344;344.0;45.6;42.9;41.7;40.2;39.2;38.3;37.3;36.8;
345;345.0;45.6;42.9;41.7;40.3;39.3;38.4;37.4;36.8;
346;346.0;45.7;42.9;41.8;40.3;39.3;38.4;37.4;36.9;
347;347.0;45.7;42.9;41.9;40.4;39.4;38.4;37.5;37.0;
348;348.0;45.8;43.1;41.9;40.4;39.3;38.5;37.5;37.0;
349;349.0;45.8;43.1;41.9;40.4;39.4;38.6;37.5;37.0;
350;350.0;45.8;43.1;42.0;40.4;39.4;38.6;37.6;37.1;
351;351.0;45.8;43.2;42.0;40.4;39.5;38.6;37.6;37.1;
352;352.0;45.8;43.2;42.0;40.5;39.5;38.7;37.7;37.1;
353;353.0;46.0;43.3;42.1;40.6;39.6;38.7;37.7;37.2;
354;354.0;46.0;43.3;42.1;40.8;39.6;38.8;37.8;37.2;
355;355.0;46.0;43.3;42.2;40.8;39.7;38.8;37.8;37.3;
356;356.0;46.1;43.3;42.2;40.8;39.7;38.8;37.9;37.3;
357;357.0;46.1;43.4;42.2;40.8;39.7;38.8;37.9;37.3;
358;358.0;46.2;43.5;42.3;40.9;39.8;38.9;37.9;37.4;
359;359.0;46.2;43.5;42.3;41.0;39.9;39.0;38.0;37.4;
360;360.0;46.2;43.5;42.4;41.0;39.9;39.0;38.0;37.5;
361;361.0;46.3;43.6;42.5;41.1;40.0;39.0;38.0;37.5;
362;362.0;46.3;43.6;42.5;41.1;40.0;39.1;38.1;37.5;
363;363.0;46.3;43.7;42.5;41.2;40.0;39.2;38.2;37.6;
364;364.0;46.4;43.7;42.5;41.3;40.0;39.2;38.2;37.6;
365;365.0;46.4;43.7;42.5;41.3;40.1;39.2;38.3;37.6;
366;366.0;46.5;43.8;42.6;41.3;40.1;39.2;38.3;37.7;
367;367.0;46.5;43.8;42.6;41.3;40.1;39.3;38.3;37.8;
368;368.0;46.6;43.9;42.7;41.3;40.3;39.3;38.3;37.8;
369;369.0;46.6;44.0;42.7;41.4;40.3;39.4;38.3;37.9;
370;370.0;46.6;44.0;42.8;41.4;40.3;39.4;38.4;37.9;
371;371.0;46.6;44.0;42.8;41.4;40.3;39.4;38.4;37.9;
372;372.0;46.7;44.1;42.9;41.5;40.4;39.5;38.5;37.9;
373;373.0;46.7;44.1;42.9;41.6;40.4;39.5;38.6;38.0;
374;374.0;46.8;44.2;42.9;41.6;40.4;39.6;38.6;38.0;
375;375.0;46.9;44.2;43.0;41.7;40.5;39.6;38.6;38.0;
376;376.0;47.0;44.2;43.0;41.7;40.5;39.7;38.7;38.1;
377;377.0;47.0;44.2;43.1;41.7;40.6;39.7;38.7;38.1;
378;378.0;47.0;44.2;43.1;41.7;40.7;39.7;38.8;38.2;
379;379.0;47.1;44.4;43.2;41.8;40.7;39.7;38.8;38.3;
380;380.0;47.1;44.4;43.3;41.9;40.7;39.9;38.8;38.3;
381;381.0;47.1;44.4;43.3;41.9;40.7;39.9;38.9;38.3;
382;382.0;47.1;44.5;43.3;42.0;40.8;39.9;38.9;38.3;
383;383.0;47.2;44.5;43.3;42.0;40.8;40.0;38.9;38.3;
384;384.0;47.2;44.6;43.3;42.0;40.9;40.0;39.0;38.4;
385;385.0;47.3;44.6;43.4;42.1;40.9;40.0;39.1;38.5;
386;386.0;47.3;44.6;43.4;42.1;41.0;40.0;39.1;38.5;
387;387.0;47.4;44.6;43.5;42.1;41.0;40.1;39.1;38.6;
388;388.0;47.4;44.7;43.5;42.1;41.0;40.1;39.2;38.6;
389;389.0;47.4;44.8;43.6;42.2;41.0;40.2;39.2;38.6;
390;390.0;47.5;44.8;43.6;42.3;41.2;40.3;39.2;38.7;
391;391.0;47.5;44.8;43.6;42.3;41.2;40.3;39.2;38.7;
392;392.0;47.5;44.9;43.7;42.3;41.2;40.3;39.3;38.8;
393;393.0;47.6;44.9;43.7;42.4;41.3;40.3;39.3;38.8;
394;394.0;47.6;44.9;43.7;42.4;41.4;40.4;39.3;38.8;
395;395.0;47.6;45.0;43.8;42.5;41.4;40.4;39.5;38.8;
396;396.0;47.7;45.0;43.8;42.5;41.5;40.5;39.5;38.9;
397;397.0;47.7;45.0;43.8;42.5;41.6;40.5;39.5;38.9;
398;398.0;47.8;45.1;43.9;42.5;41.6;40.6;39.6;38.9;
399;399.0;47.8;45.1;44.0;42.6;41.6;40.6;39.6;39.0;
400;400.0;47.9;45.2;44.0;42.7;41.7;40.7;39.6;39.0;
401;401.0;47.9;45.3;44.1;42.7;41.7;40.7;39.6;39.1;
402;402.0;47.9;45.3;44.2;42.7;41.7;40.7;39.7;39.2;
403;403.0;48.0;45.4;44.2;42.8;41.8;40.8;39.7;39.2;
404;404.0;48.0;45.4;44.2;42.8;41.8;40.8;39.7;39.2;
405;405.0;48.1;45.4;44.2;42.9;41.9;40.8;39.9;39.2;
406;406.0;48.1;45.4;44.2;42.9;41.9;40.9;39.9;39.2;
407;407.0;48.2;45.4;44.3;42.9;41.9;40.9;39.9;39.3;
408;408.0;48.3;45.4;44.4;42.9;42.0;41.0;40.0;39.4;
409;409.0;48.3;45.5;44.4;43.0;42.1;41.0;40.0;39.4;
410;410.0;48.3;45.6;44.5;43.0;42.1;41.0;40.0;39.4;
411;411.0;48.3;45.7;44.5;43.1;42.1;41.1;40.0;39.5;
412;412.0;48.3;45.7;44.5;43.1;42.1;41.1;40.1;39.6;
413;413.0;48.4;45.7;44.5;43.2;42.2;41.2;40.1;39.6;
414;414.0;48.4;45.8;44.6;43.2;42.2;41.2;40.2;39.6;
415;415.0;48.4;45.8;44.6;43.3;42.3;41.3;40.2;39.6;
416;416.0;48.5;45.8;44.6;43.3;42.3;41.4;40.2;39.6;
417;417.0;48.5;45.9;44.6;43.3;42.3;41.4;40.3;39.7;
418;418.0;48.6;45.9;44.7;43.3;42.3;41.5;40.3;39.7;
419;419.0;48.7;45.9;44.8;43.4;42.5;41.5;40.4;39.8;
420;420.0;48.7;46.0;44.9;43.4;42.5;41.6;40.4;39.8;
421;421.0;48.7;46.0;44.9;43.5;42.5;41.6;40.4;39.9;
422;422.0;48.7;46.1;44.9;43.5;42.5;41.7;40.4;40.0;
423;423.0;48.8;46.1;45.0;43.6;42.5;41.7;40.5;40.0;
424;424.0;48.8;46.2;45.0;43.6;42.5;41.7;40.6;40.0;
425;425.0;48.8;46.2;45.0;43.6;42.6;41.8;40.6;40.0;
426;426.0;48.9;46.2;45.1;43.7;42.7;41.8;40.6;40.0;
427;427.0;49.0;46.2;45.1;43.7;42.7;41.9;40.7;40.0;
428;428.0;49.0;46.3;45.1;43.7;42.8;41.9;40.8;40.1;
429;429.0;49.0;46.3;45.2;43.8;42.9;41.9;40.8;40.2;
430;430.0;49.0;46.4;45.2;43.8;42.9;42.0;40.9;40.2;
431;431.0;49.1;46.4;45.3;43.9;42.9;42.0;40.9;40.2;
432;432.0;49.1;46.5;45.3;43.9;42.9;42.1;41.0;40.3;
433;433.0;49.1;46.5;45.3;43.9;42.9;42.1;41.0;40.2;
434;434.0;49.2;46.5;45.4;44.0;43.0;42.1;41.1;40.3;
435;435.0;49.2;46.6;45.4;44.0;42.9;42.1;41.1;40.4;
436;436.0;49.2;46.6;45.4;44.1;43.1;42.2;41.2;40.4;
437;437.0;49.3;46.6;45.4;44.1;43.1;42.2;41.2;40.5;
438;438.0;49.3;46.6;45.5;44.2;43.1;42.2;41.2;40.5;
439;439.0;49.4;46.7;45.5;44.2;43.2;42.3;41.3;40.5;
440;440.0;49.5;46.7;45.5;44.2;43.2;42.3;41.3;40.5;
441;441.0;49.5;46.8;45.7;44.3;43.3;42.4;41.3;40.6;
442;442.0;49.5;46.8;45.7;44.3;43.3;42.5;41.4;40.6;
443;443.0;49.5;46.9;45.8;44.3;43.3;42.5;41.4;40.7;
444;444.0;49.5;46.9;45.8;44.3;43.3;42.5;41.5;40.7;
445;445.0;49.6;47.0;45.8;44.5;43.3;42.5;41.5;40.7;
446;446.0;49.6;47.0;45.8;44.5;43.4;42.6;41.6;40.8;
447;447.0;49.6;47.1;45.8;44.5;43.5;42.6;41.6;40.8;
448;448.0;49.7;47.1;45.9;44.6;43.5;42.6;41.6;40.9;
449;449.0;49.7;47.1;45.9;44.6;43.6;42.6;41.7;40.8;
450;450.0;49.8;47.2;45.9;44.6;43.6;42.7;41.7;40.9;
451;451.0;49.9;47.2;46.0;44.6;43.6;42.7;41.7;40.9;
452;452.0;49.9;47.3;46.1;44.7;43.7;42.8;41.7;41.0;
453;453.0;50.0;47.3;46.1;44.7;43.7;42.9;41.8;41.1;
454;454.0;50.0;47.3;46.1;44.7;43.7;42.9;41.8;41.1;
455;455.0;50.0;47.3;46.2;44.8;43.7;42.9;41.9;41.3;
456;456.0;50.0;47.4;46.2;44.9;43.8;42.9;41.9;41.3;
457;457.0;50.0;47.4;46.2;44.9;43.8;42.9;41.9;41.3;
458;458.0;50.1;47.5;46.3;44.9;43.8;42.9;42.0;41.3;
459;459.0;50.1;47.5;46.3;45.0;43.9;43.0;42.1;41.4;
460;460.0;50.2;47.5;46.3;45.0;43.9;43.1;42.1;41.5;
461;461.0;50.2;47.5;46.4;45.0;44.0;43.1;42.1;41.5;
462;462.0;50.3;47.6;46.4;45.0;44.1;43.1;42.1;41.5;
463;463.0;50.3;47.6;46.4;45.1;44.1;43.2;42.1;41.5;
464;464.0;50.3;47.6;46.5;45.1;44.2;43.2;42.1;41.6;
465;465.0;50.4;47.7;46.5;45.2;44.2;43.3;42.2;41.6;
466;466.0;50.4;47.8;46.6;45.2;44.2;43.3;42.2;41.7;
467;467.0;50.4;47.8;46.6;45.3;44.2;43.3;42.3;41.7;
468;468.0;50.5;47.8;46.6;45.3;44.2;43.3;42.3;41.7;
469;469.0;50.5;47.9;46.7;45.3;44.3;43.4;42.4;41.8;
470;470.0;50.5;47.9;46.7;45.4;44.4;43.5;42.4;41.8;
471;471.0;50.6;47.9;46.8;45.4;44.4;43.5;42.5;41.8;
472;472.0;50.6;48.0;46.7;45.4;44.4;43.5;42.5;41.9;
473;473.0;50.6;48.0;46.8;45.4;44.5;43.6;42.5;41.9;
474;474.0;50.7;48.0;46.9;45.5;44.5;43.6;42.5;41.9;
475;475.0;50.7;48.0;46.9;45.5;44.5;43.6;42.5;42.0;
476;476.0;50.8;48.1;47.0;45.6;44.6;43.7;42.6;42.0;
477;477.0;50.8;48.1;47.1;45.6;44.6;43.7;42.7;42.1;
478;478.0;50.8;48.3;47.1;45.6;44.6;43.7;42.7;42.1;
479;479.0;50.9;48.2;47.1;45.7;44.6;43.7;42.8;42.1;
480;480.0;50.9;48.3;47.1;45.8;44.6;43.8;42.8;42.1;
481;481.0;50.9;48.3;47.1;45.8;44.7;43.8;42.9;42.1;
482;482.0;50.9;48.3;47.1;45.8;44.8;43.8;42.9;42.2;
483;483.0;51.0;48.3;47.2;45.8;44.8;43.9;42.9;42.2;
484;484.0;51.0;48.4;47.2;45.8;44.9;43.9;42.9;42.3;
485;485.0;51.1;48.5;47.3;45.8;44.9;44.0;42.9;42.3;
486;486.0;51.1;48.5;47.3;45.9;44.9;44.0;42.9;42.4;
487;487.0;51.2;48.5;47.4;45.9;45.0;44.0;43.0;42.5;
488;488.0;51.2;48.6;47.4;46.0;45.0;44.2;43.1;42.5;
489;489.0;51.2;48.6;47.5;46.0;45.0;44.2;43.1;42.5;
490;490.0;51.2;48.7;47.5;46.2;45.0;44.2;43.1;42.5;
491;491.0;51.2;48.7;47.5;46.2;45.1;44.2;43.2;42.5;
492;492.0;51.3;48.7;47.5;46.2;45.1;44.2;43.2;42.5;
493;493.0;51.3;48.7;47.6;46.2;45.2;44.3;43.2;42.6;
494;494.0;51.5;48.7;47.6;46.2;45.2;44.3;43.3;42.6;
495;495.0;51.5;48.8;47.7;46.2;45.2;44.4;43.3;42.6;
496;496.0;51.5;48.8;47.7;46.3;45.3;44.4;43.3;42.8;
497;497.0;51.6;48.9;47.7;46.3;45.3;44.4;43.3;42.8;
498;498.0;51.6;48.9;47.7;46.4;45.3;44.5;43.4;42.8;
499;499.0;51.6;48.9;47.8;46.4;45.4;44.5;43.4;42.8;
500;500.0;51.6;48.9;47.8;46.5;45.4;44.5;43.5;42.8;
501;501.0;51.8;49.0;47.8;46.5;45.4;44.6;43.5;42.9;
502;502.0;51.8;49.1;47.9;46.5;45.4;44.6;43.5;42.9;
503;503.0;51.8;49.1;47.9;46.5;45.5;44.6;43.6;42.9;
504;504.0;51.9;49.1;47.9;46.6;45.5;44.6;43.6;43.0;
505;505.0;51.9;49.2;48.0;46.6;45.6;44.8;43.7;43.0;
506;506.0;51.9;49.2;48.0;46.6;45.6;44.8;43.7;43.0;
507;507.0;52.0;49.2;48.0;46.7;45.7;44.8;43.7;43.1;
508;508.0;52.0;49.2;48.1;46.7;45.8;44.8;43.7;43.2;
509;509.0;52.1;49.3;48.1;46.8;45.8;44.9;43.7;43.2;
510;510.0;52.0;49.3;48.2;46.9;45.8;44.9;43.8;43.2;
511;511.0;52.1;49.4;48.2;46.9;45.8;44.9;43.8;43.2;
512;512.0;52.1;49.4;48.3;46.9;45.8;45.0;43.8;43.3;
513;513.0;52.2;49.5;48.3;46.9;45.8;45.0;44.0;43.3;
514;514.0;52.2;49.5;48.3;46.9;45.9;45.0;44.0;43.3;
515;515.0;52.3;49.5;48.3;47.0;45.9;45.1;44.1;43.4;
516;516.0;52.3;49.6;48.4;47.1;46.0;45.1;44.1;43.4;
517;517.0;52.3;49.6;48.4;47.1;46.0;45.1;44.1;43.4;
518;518.0;52.3;49.6;48.4;47.1;46.1;45.2;44.1;43.5;
519;519.0;52.4;49.6;48.4;47.1;46.1;45.2;44.2;43.5;
520;520.0;52.4;49.6;48.5;47.1;46.1;45.2;44.2;43.5;
521;521.0;52.4;49.8;48.5;47.1;46.2;45.3;44.2;43.6;
522;522.0;52.4;49.8;48.6;47.2;46.2;45.4;44.2;43.6;
523;523.0;52.5;49.8;48.7;47.2;46.2;45.4;44.3;43.7;
524;524.0;52.5;49.8;48.7;47.2;46.2;45.4;44.4;43.7;
525;525.0;52.6;49.9;48.7;47.4;46.3;45.4;44.4;43.7;
526;526.0;52.6;50.0;48.7;47.4;46.3;45.4;44.4;43.7;
527;527.0;52.6;50.0;48.7;47.5;46.3;45.4;44.4;43.7;
528;528.0;52.8;50.0;48.8;47.5;46.4;45.4;44.5;43.7;
529;529.0;52.8;50.0;48.9;47.5;46.4;45.5;44.5;43.8;
530;530.0;52.8;50.0;48.9;47.5;46.5;45.6;44.5;43.8;
531;531.0;52.8;50.1;48.9;47.5;46.5;45.7;44.6;43.9;
532;532.0;52.8;50.2;49.0;47.5;46.5;45.7;44.6;43.9;
533;533.0;52.9;50.1;49.0;47.6;46.6;45.7;44.6;44.0;
534;534.0;52.9;50.2;49.1;47.7;46.6;45.8;44.7;44.1;
535;535.0;52.9;50.2;49.1;47.7;46.6;45.8;44.7;44.1;
536;536.0;52.9;50.2;49.1;47.8;46.6;45.8;44.7;44.1;
537;537.0;53.0;50.3;49.1;47.8;46.7;45.8;44.8;44.2;
538;538.0;53.0;50.3;49.1;47.8;46.7;45.8;44.8;44.2;
539;539.0;53.0;50.4;49.1;47.9;46.7;45.9;44.8;44.2;
540;540.0;53.1;50.4;49.2;47.9;46.8;45.8;44.8;44.2;
541;541.0;53.1;50.4;49.3;47.9;46.8;45.9;44.9;44.2;
542;542.0;53.1;50.4;49.3;47.9;46.8;46.0;44.9;44.3;
543;543.0;53.2;50.5;49.3;47.9;46.9;46.1;45.0;44.3;
544;544.0;53.2;50.5;49.3;47.9;47.0;46.1;45.0;44.4;
545;545.0;53.3;50.6;49.4;48.0;47.0;46.1;45.0;44.4;
546;546.0;53.3;50.6;49.4;48.1;47.1;46.2;45.0;44.4;
547;547.0;53.3;50.6;49.5;48.1;47.1;46.2;45.0;44.5;
548;548.0;53.4;50.7;49.5;48.1;47.1;46.2;45.1;44.5;
549;549.0;53.4;50.7;49.5;48.2;47.1;46.2;45.1;44.6;
550;550.0;53.4;50.8;49.5;48.2;47.2;46.3;45.2;44.6;
551;551.0;53.4;50.8;49.6;48.2;47.2;46.2;45.2;44.6;
552;552.0;53.5;50.8;49.6;48.3;47.2;46.3;45.3;44.6;
553;553.0;53.5;50.8;49.6;48.3;47.2;46.4;45.4;44.6;
554;554.0;53.5;50.9;49.7;48.3;47.3;46.4;45.4;44.7;
555;555.0;53.6;50.9;49.8;48.4;47.3;46.4;45.4;44.7;
556;556.0;53.6;50.9;49.8;48.4;47.4;46.5;45.4;44.8;
557;557.0;53.7;51.0;49.8;48.4;47.5;46.5;45.4;44.8;
558;558.0;53.7;51.1;49.8;48.5;47.5;46.6;45.4;44.8;
559;559.0;53.7;51.1;49.9;48.5;47.5;46.6;45.4;44.8;
560;560.0;53.7;51.1;50.0;48.5;47.5;46.6;45.5;44.9;
561;561.0;53.8;51.2;50.0;48.6;47.5;46.6;45.5;45.0;
562;562.0;53.8;51.2;50.0;48.6;47.5;46.7;45.5;45.0;
563;563.0;53.8;51.3;50.0;48.6;47.6;46.7;45.6;45.0;
564;564.0;53.9;51.3;50.0;48.7;47.6;46.7;45.7;45.0;
565;565.0;54.0;51.5;50.1;48.7;47.7;46.7;45.7;45.0;
566;566.0;54.0;51.4;50.1;48.7;47.7;46.7;45.7;45.1;
567;567.0;54.0;51.5;50.1;48.7;47.7;46.8;45.8;45.1;
568;568.0;54.1;51.5;50.2;48.7;47.8;46.8;45.8;45.1;
569;569.0;54.1;51.5;50.3;48.8;47.8;46.9;45.8;45.1;
570;570.0;54.1;51.6;50.3;48.8;47.8;47.0;45.8;45.2;
571;571.0;54.1;51.6;50.3;48.9;47.9;47.0;45.9;45.2;
572;572.0;54.1;51.6;50.4;49.0;47.9;47.1;45.9;45.2;
573;573.0;54.1;51.6;50.4;49.0;47.9;47.1;45.9;45.4;
574;574.0;54.2;51.7;50.4;49.0;47.9;47.1;46.0;45.4;
575;575.0;54.2;51.7;50.4;49.1;48.0;47.1;46.0;45.4;
576;576.0;54.2;51.8;50.4;49.1;48.0;47.1;46.0;45.4;
577;577.0;54.2;51.8;50.4;49.1;48.1;47.2;46.1;45.4;
578;578.0;54.3;51.8;50.4;49.1;48.1;47.2;46.1;45.4;
579;579.0;54.4;51.8;50.6;49.1;48.1;47.2;46.1;45.4;
580;580.0;54.4;51.9;50.6;49.2;48.1;47.3;46.2;45.5;
581;581.0;54.4;51.9;50.6;49.2;48.2;47.2;46.2;45.6;
582;582.0;54.4;52.0;50.6;49.2;48.2;47.4;46.2;45.6;
583;583.0;54.5;52.0;50.7;49.2;48.3;47.4;46.2;45.6;
584;584.0;54.5;52.0;50.7;49.3;48.3;47.5;46.3;45.7;
585;585.0;54.5;52.0;50.8;49.4;48.3;47.5;46.3;45.7;
586;586.0;54.6;52.1;50.8;49.4;48.4;47.5;46.3;45.7;
587;587.0;54.6;52.1;50.8;49.5;48.3;47.5;46.3;45.8;
588;588.0;54.6;52.2;50.8;49.4;48.4;47.5;46.4;45.8;
589;589.0;54.6;52.2;50.8;49.5;48.4;47.5;46.4;45.8;
590;590.0;54.7;52.2;50.9;49.5;48.5;47.6;46.5;45.8;
591;591.0;54.7;52.2;50.9;49.5;48.5;47.7;46.6;45.8;
592;592.0;54.8;52.2;51.0;49.6;48.5;47.7;46.6;45.8;
593;593.0;54.8;52.3;51.0;49.6;48.6;47.7;46.6;45.9;
594;594.0;54.8;52.4;51.1;49.7;48.7;47.7;46.6;46.0;
595;595.0;54.8;52.4;51.1;49.7;48.7;47.8;46.6;46.0;
596;596.0;54.9;52.4;51.2;49.8;48.7;47.9;46.6;46.0;
597;597.0;54.9;52.4;51.2;49.8;48.7;47.8;46.7;46.1;
598;598.0;55.0;52.4;51.2;49.8;48.7;47.9;46.7;46.1;
599;599.0;54.9;52.5;51.2;49.9;48.7;47.9;46.8;46.1;
600;600.0;55.0;52.5;51.2;49.9;48.7;47.9;46.8;46.2;
601;601.0;55.0;52.5;51.3;49.9;48.9;47.9;46.8;46.2;
602;602.0;55.1;52.5;51.3;50.0;48.8;47.9;46.8;46.2;
603;603.0;55.1;52.6;51.3;50.0;48.9;48.0;46.9;46.2;
604;604.0;55.1;52.6;51.3;50.0;48.9;48.0;47.0;46.3;
605;605.0;55.1;52.7;51.5;50.0;49.0;48.0;47.0;46.3;
606;606.0;55.1;52.8;51.5;50.0;49.0;48.1;47.1;46.3;
607;607.0;55.3;52.8;51.5;50.0;49.1;48.1;47.1;46.3;
608;608.0;55.3;52.8;51.5;50.1;49.1;48.2;47.1;46.4;
609;609.0;55.3;52.9;51.6;50.1;49.1;48.3;47.1;46.4;
610;610.0;55.3;52.9;51.6;50.2;49.1;48.3;47.1;46.4;
611;611.0;55.3;52.9;51.7;50.3;49.1;48.3;47.2;46.5;
612;612.0;55.4;52.9;51.7;50.3;49.1;48.3;47.2;46.5;
613;613.0;55.3;53.0;51.8;50.4;49.1;48.3;47.2;46.5;
614;614.0;55.4;53.0;51.8;50.3;49.2;48.4;47.3;46.6;
615;615.0;55.4;53.0;51.9;50.4;49.3;48.4;47.3;46.6;
616;616.0;55.4;53.0;51.9;50.4;49.3;48.4;47.3;46.6;
617;617.0;55.5;53.1;51.9;50.4;49.3;48.4;47.3;46.6;
618;618.0;55.5;53.1;52.0;50.4;49.4;48.5;47.3;46.6;
619;619.0;55.6;53.2;52.0;50.4;49.4;48.5;47.4;46.7;
620;620.0;55.6;53.2;52.0;50.5;49.4;48.6;47.5;46.8;
621;621.0;55.7;53.2;52.0;50.5;49.5;48.7;47.5;46.8;
622;622.0;55.7;53.2;52.1;50.5;49.5;48.7;47.5;46.9;
623;623.0;55.7;53.3;52.1;50.6;49.5;48.7;47.5;46.9;
624;624.0;55.7;53.3;52.1;50.7;49.5;48.7;47.6;46.9;
625;625.0;55.8;53.3;52.2;50.7;49.6;48.7;47.6;47.0;
626;626.0;55.8;53.4;52.2;50.7;49.6;48.7;47.6;47.0;
627;627.0;55.8;53.4;52.2;50.8;49.6;48.7;47.6;47.0;
628;628.0;55.8;53.5;52.2;50.8;49.6;48.8;47.7;47.0;
629;629.0;55.9;53.5;52.3;50.8;49.7;48.8;47.7;47.0;
630;630.0;55.9;53.5;52.3;50.8;49.8;48.9;47.7;47.1;
631;631.0;56.0;53.5;52.4;50.8;49.7;48.9;47.8;47.1;
632;632.0;56.0;53.5;52.4;50.9;49.8;49.0;47.9;47.1;
633;633.0;56.0;53.7;52.4;50.9;49.8;49.0;47.9;47.1;
634;634.0;56.1;53.7;52.5;51.0;49.9;49.0;47.9;47.1;
635;635.0;56.1;53.7;52.5;51.0;50.0;49.1;47.9;47.2;
636;636.0;56.1;53.7;52.5;51.2;50.0;49.1;47.9;47.2;
637;637.0;56.2;53.7;52.6;51.2;50.0;49.1;47.9;47.3;
638;638.0;56.1;53.7;52.6;51.2;50.0;49.1;48.0;47.4;
639;639.0;56.2;53.7;52.6;51.2;50.0;49.1;48.0;47.4;
640;640.0;56.2;53.8;52.6;51.2;50.0;49.1;48.0;47.4;
641;641.0;56.2;53.8;52.7;51.3;50.1;49.2;48.0;47.4;
642;642.0;56.3;53.8;52.8;51.3;50.1;49.2;48.1;47.4;
643;643.0;56.3;53.9;52.8;51.3;50.2;49.3;48.1;47.5;
644;644.0;56.3;54.0;52.8;51.4;50.2;49.3;48.1;47.5;
645;645.0;56.4;53.9;52.8;51.4;50.2;49.3;48.2;47.5;
646;646.0;56.4;54.1;52.9;51.4;50.3;49.3;48.3;47.6;
647;647.0;56.4;54.1;52.9;51.4;50.3;49.4;48.3;47.6;
648;648.0;56.4;54.1;52.9;51.5;50.3;49.4;48.3;47.6;
649;649.0;56.5;54.1;52.9;51.6;50.4;49.4;48.3;47.6;
650;650.0;56.5;54.1;52.9;51.6;50.4;49.5;48.3;47.6;
651;651.0;56.6;54.1;53.0;51.6;50.4;49.5;48.3;47.7;
652;652.0;56.6;54.1;53.0;51.6;50.4;49.5;48.4;47.7;
653;653.0;56.6;54.2;53.0;51.6;50.4;49.5;48.4;47.8;
654;654.0;56.6;54.3;53.1;51.7;50.4;49.6;48.6;47.8;
655;655.0;56.6;54.3;53.2;51.7;50.5;49.6;48.5;47.8;
656;656.0;56.6;54.3;53.2;51.7;50.5;49.6;48.5;47.9;
657;657.0;56.7;54.3;53.2;51.7;50.6;49.7;48.6;47.9;
658;658.0;56.7;54.4;53.2;51.8;50.6;49.7;48.6;47.9;
659;659.0;56.7;54.4;53.3;51.8;50.6;49.7;48.7;47.9;
660;660.0;56.8;54.4;53.3;51.9;50.7;49.7;48.7;47.9;
661;661.0;56.8;54.5;53.3;52.0;50.8;49.8;48.7;47.9;
662;662.0;56.8;54.5;53.3;52.0;50.7;49.9;48.7;48.0;
663;663.0;56.8;54.5;53.3;52.0;50.8;49.9;48.7;48.1;
664;664.0;57.0;54.5;53.4;52.0;50.8;50.0;48.7;48.0;
665;665.0;57.0;54.5;53.4;52.0;50.8;50.0;48.7;48.0;
666;666.0;57.0;54.5;53.4;52.0;50.8;50.0;48.8;48.2;
667;667.0;57.0;54.6;53.5;52.0;50.9;50.0;48.9;48.2;
668;668.0;57.0;54.7;53.5;52.1;50.9;50.0;48.9;48.2;
669;669.0;57.0;54.7;53.5;52.1;50.9;50.0;48.9;48.3;
670;670.0;57.0;54.7;53.6;52.2;51.0;50.0;48.9;48.3;
671;671.0;57.0;54.8;53.6;52.2;51.0;50.1;49.0;48.3;
672;672.0;57.2;54.8;53.7;52.2;51.0;50.2;49.0;48.3;
673;673.0;57.2;54.8;53.7;52.3;51.0;50.2;49.0;48.3;
674;674.0;57.2;54.9;53.7;52.3;51.1;50.2;49.0;48.3;
675;675.0;57.2;54.9;53.7;52.3;51.2;50.3;49.1;48.3;
676;676.0;57.3;54.9;53.7;52.3;51.2;50.4;49.1;48.4;
677;677.0;57.3;54.9;53.8;52.4;51.2;50.4;49.1;48.4;
678;678.0;57.3;55.0;53.8;52.4;51.2;50.4;49.2;48.4;
679;679.0;57.3;55.0;53.9;52.4;51.2;50.4;49.2;48.5;
680;680.0;57.4;55.0;53.9;52.4;51.2;50.4;49.2;48.5;
681;681.0;57.4;55.1;53.9;52.4;51.3;50.4;49.2;48.6;
682;682.0;57.4;55.1;53.9;52.5;51.3;50.4;49.3;48.6;
683;683.0;57.4;55.1;54.0;52.6;51.3;50.4;49.3;48.7;
684;684.0;57.4;55.2;54.1;52.6;51.3;50.4;49.4;48.7;
685;685.0;57.4;55.2;54.1;52.6;51.4;50.5;49.4;48.7;
686;686.0;57.4;55.2;54.1;52.6;51.5;50.6;49.4;48.7;
687;687.0;57.6;55.3;54.1;52.7;51.5;50.6;49.5;48.7;
688;688.0;57.6;55.3;54.1;52.7;51.5;50.6;49.5;48.7;
689;689.0;57.6;55.3;54.1;52.8;51.6;50.6;49.5;48.7;
690;690.0;57.6;55.3;54.1;52.8;51.7;50.6;49.5;48.8;
691;691.0;57.7;55.3;54.1;52.9;51.7;50.8;49.5;48.9;
692;692.0;57.7;55.3;54.2;52.9;51.7;50.8;49.6;48.9;
693;693.0;57.7;55.3;54.3;52.9;51.7;50.8;49.6;48.9;
694;694.0;57.8;55.4;54.3;52.9;51.8;50.8;49.7;48.9;
695;695.0;57.8;55.4;54.4;52.9;51.8;50.8;49.6;49.0;
696;696.0;57.8;55.5;54.3;52.9;51.9;50.8;49.6;49.0;
697;697.0;57.8;55.6;54.4;53.0;51.9;50.8;49.8;49.0;
698;698.0;57.8;55.6;54.5;53.0;51.9;50.9;49.8;49.1;
699;699.0;57.9;55.6;54.5;53.0;52.0;50.9;49.8;49.1;
700;700.0;57.9;55.6;54.5;53.1;52.0;51.0;49.8;49.1;
701;701.0;57.9;55.7;54.5;53.1;52.0;51.0;49.9;49.1;
702;702.0;57.9;55.8;54.5;53.1;52.0;51.0;49.9;49.1;
703;703.0;58.0;55.8;54.5;53.1;52.1;51.1;49.9;49.2;
704;704.0;58.0;55.8;54.5;53.2;52.1;51.1;50.0;49.2;
705;705.0;58.0;55.8;54.6;53.3;52.1;51.2;50.0;49.2;
706;706.0;58.0;55.8;54.7;53.3;52.2;51.2;50.0;49.2;
707;707.0;58.1;55.8;54.7;53.3;52.2;51.2;50.0;49.2;
708;708.0;58.1;55.8;54.7;53.3;52.2;51.2;50.0;49.3;
709;709.0;58.1;55.9;54.8;53.3;52.2;51.2;50.0;49.4;
710;710.0;58.2;55.9;54.8;53.3;52.3;51.2;50.0;49.3;
711;711.0;58.2;56.0;54.8;53.4;52.3;51.3;50.2;49.4;
712;712.0;58.2;56.0;54.8;53.4;52.3;51.3;50.2;49.5;
713;713.0;58.2;56.0;54.8;53.5;52.4;51.3;50.2;49.5;
714;714.0;58.2;56.1;54.9;53.5;52.4;51.3;50.2;49.5;
715;715.0;58.2;56.1;54.9;53.5;52.4;51.4;50.2;49.5;
716;716.0;58.3;56.1;54.9;53.5;52.4;51.5;50.3;49.5;
717;717.0;58.3;56.2;54.9;53.6;52.4;51.5;50.3;49.5;
718;718.0;58.4;56.2;54.9;53.6;52.5;51.5;50.3;49.5;
719;719.0;58.4;56.2;55.0;53.7;52.5;51.6;50.4;49.6;
720;720.0;58.4;56.2;55.1;53.7;52.5;51.6;50.4;49.6;
721;721.0;58.5;56.2;55.1;53.7;52.6;51.6;50.4;49.6;
722;722.0;58.5;56.3;55.1;53.7;52.6;51.7;50.4;49.7;
723;723.0;58.5;56.3;55.2;53.7;52.6;51.7;50.5;49.7;
724;724.0;58.6;56.3;55.2;53.7;52.7;51.8;50.5;49.8;
725;725.0;58.6;56.3;55.2;53.8;52.7;51.8;50.6;49.8;
726;726.0;58.6;56.4;55.2;53.9;52.8;51.9;50.5;49.9;
727;727.0;58.7;56.4;55.3;53.9;52.8;51.9;50.6;49.9;
728;728.0;58.7;56.4;55.3;53.9;52.9;51.9;50.6;49.9;
729;729.0;58.7;56.5;55.3;53.9;52.8;51.9;50.6;50.0;
730;730.0;58.7;56.5;55.3;53.9;52.9;52.0;50.6;50.0;
731;731.0;58.7;56.5;55.3;53.9;52.9;52.0;50.7;50.0;
732;732.0;58.7;56.6;55.4;54.0;52.9;52.0;50.7;50.0;
733;733.0;58.7;56.6;55.4;54.0;52.9;52.0;50.8;50.0;
734;734.0;58.7;56.6;55.5;54.1;52.9;52.1;50.8;50.1;
735;735.0;58.8;56.6;55.5;54.1;52.9;52.1;50.8;50.1;
736;736.0;58.8;56.6;55.5;54.1;53.0;52.1;50.8;50.1;
737;737.0;58.9;56.6;55.5;54.1;53.0;52.2;50.9;50.2;
738;738.0;59.0;56.6;55.5;54.1;53.1;52.2;50.9;50.2;
739;739.0;58.9;56.7;55.6;54.2;53.2;52.2;50.9;50.2;
740;740.0;59.0;56.7;55.6;54.2;53.2;52.2;50.9;50.2;
741;741.0;59.0;56.9;55.6;54.2;53.2;52.2;50.9;50.3;
742;742.0;59.0;56.9;55.7;54.3;53.2;52.3;51.0;50.3;
743;743.0;59.1;56.9;55.7;54.3;53.2;52.3;51.1;50.3;
744;744.0;59.1;56.9;55.8;54.3;53.2;52.4;51.1;50.3;
745;745.0;59.1;57.0;55.8;54.3;53.3;52.4;51.1;50.4;
746;746.0;59.1;57.0;55.8;54.4;53.3;52.4;51.1;50.4;
747;747.0;59.1;57.0;55.8;54.4;53.3;52.4;51.2;50.4;
748;748.0;59.1;57.0;55.8;54.4;53.4;52.4;51.2;50.4;
749;749.0;59.2;57.0;55.8;54.5;53.3;52.5;51.2;50.4;
750;750.0;59.2;57.0;55.8;54.5;53.4;52.5;51.3;50.5;
751;751.0;59.2;57.0;55.9;54.5;53.4;52.6;51.3;50.5;
752;752.0;59.3;57.0;56.0;54.6;53.5;52.5;51.3;50.5;
753;753.0;59.3;57.1;56.1;54.6;53.5;52.6;51.4;50.6;
754;754.0;59.3;57.1;56.0;54.6;53.6;52.6;51.5;50.6;
755;755.0;59.3;57.2;56.1;54.6;53.6;52.6;51.5;50.6;
756;756.0;59.4;57.3;56.1;54.6;53.6;52.7;51.5;50.6;
757;757.0;59.4;57.2;56.1;54.7;53.6;52.8;51.5;50.7;
758;758.0;59.4;57.3;56.2;54.7;53.6;52.8;51.6;50.7;
759;759.0;59.4;57.3;56.2;54.8;53.7;52.8;51.6;50.8;
760;760.0;59.5;57.4;56.2;54.8;53.7;52.8;51.6;50.8;
761;761.0;59.5;57.4;56.2;54.8;53.7;52.9;51.6;50.8;
762;762.0;59.5;57.4;56.2;54.9;53.7;52.9;51.7;50.8;
763;763.0;59.5;57.4;56.2;54.9;53.8;52.9;51.7;50.8;
764;764.0;59.5;57.5;56.2;54.9;53.8;52.9;51.7;50.8;
765;765.0;59.5;57.4;56.3;54.9;53.8;52.9;51.8;50.8;
766;766.0;59.6;57.5;56.4;54.9;53.9;52.9;51.8;50.9;
767;767.0;59.6;57.6;56.4;55.0;53.9;52.9;51.8;50.9;
768;768.0;59.6;57.6;56.4;54.9;53.9;53.0;51.8;50.9;
769;769.0;59.7;57.6;56.5;55.0;53.9;53.1;51.8;51.0;
770;770.0;59.7;57.6;56.5;55.0;53.9;53.1;51.8;51.0;
771;771.0;59.8;57.6;56.5;55.1;54.0;53.1;51.9;51.0;
772;772.0;59.8;57.7;56.5;55.1;54.0;53.1;51.9;51.0;
773;773.0;59.8;57.7;56.5;55.2;54.1;53.2;51.9;51.1;
774;774.0;59.8;57.7;56.6;55.2;54.1;53.2;52.0;51.1;
775;775.0;59.9;57.7;56.6;55.2;54.1;53.2;52.0;51.2;
776;776.0;59.9;57.8;56.6;55.2;54.1;53.3;52.0;51.2;
777;777.0;59.9;57.8;56.6;55.2;54.1;53.3;52.0;51.2;
778;778.0;59.9;57.8;56.7;55.3;54.2;53.3;52.1;51.2;
779;779.0;59.9;57.9;56.6;55.3;54.1;53.3;52.1;51.2;
780;780.0;59.9;57.8;56.7;55.3;54.1;53.3;52.1;51.2;
781;781.0;59.9;57.9;56.8;55.3;54.2;53.4;52.2;51.2;
782;782.0;60.0;57.9;56.8;55.4;54.2;53.4;52.2;51.3;
783;783.0;60.0;57.9;56.8;55.4;54.3;53.4;52.2;51.3;
784;784.0;60.0;58.0;56.8;55.4;54.3;53.5;52.3;51.4;
785;785.0;60.0;58.0;56.8;55.5;54.3;53.5;52.2;51.4;
786;786.0;60.1;58.0;56.9;55.5;54.5;53.5;52.4;51.5;
787;787.0;60.1;58.1;56.9;55.5;54.5;53.5;52.4;51.5;
788;788.0;60.2;58.1;57.0;55.6;54.5;53.6;52.4;51.5;
789;789.0;60.2;58.1;57.0;55.6;54.5;53.6;52.4;51.6;
790;790.0;60.2;58.2;57.0;55.6;54.5;53.6;52.4;51.6;
791;791.0;60.2;58.2;57.0;55.6;54.5;53.6;52.4;51.6;
792;792.0;60.3;58.2;57.0;55.6;54.5;53.7;52.4;51.6;
793;793.0;60.3;58.2;57.0;55.7;54.5;53.7;52.5;51.7;
794;794.0;60.3;58.2;57.0;55.7;54.5;53.7;52.4;51.7;
795;795.0;60.3;58.2;57.1;55.8;54.7;53.7;52.5;51.8;
796;796.0;60.3;58.3;57.1;55.8;54.7;53.7;52.6;51.8;
797;797.0;60.3;58.3;57.1;55.8;54.7;53.8;52.5;51.8;
798;798.0;60.4;58.4;57.3;55.8;54.7;53.8;52.6;51.8;
799;799.0;60.4;58.4;57.3;55.8;54.8;53.9;52.6;51.9;
800;800.0;60.4;58.4;57.3;55.8;54.8;53.9;52.7;51.9;
801;801.0;60.4;58.4;57.3;55.9;54.8;53.9;52.7;52.0;
802;802.0;60.5;58.4;57.4;55.9;54.8;53.9;52.8;52.0;
803;803.0;60.5;58.5;57.4;55.9;54.8;53.9;52.8;52.0;
804;804.0;60.5;58.5;57.4;56.0;54.9;54.1;52.8;52.0;
805;805.0;60.5;58.6;57.4;56.0;54.9;54.0;52.8;52.0;
806;806.0;60.6;58.6;57.4;56.1;54.9;54.1;52.9;52.0;
807;807.0;60.6;58.7;57.4;56.1;54.9;54.1;52.9;52.1;
808;808.0;60.6;58.7;57.5;56.1;54.9;54.1;52.9;52.1;
809;809.0;60.6;58.7;57.5;56.1;55.0;54.1;52.9;52.1;
810;810.0;60.7;58.7;57.5;56.2;55.0;54.1;52.9;52.1;
811;811.0;60.7;58.7;57.5;56.2;55.1;54.1;53.0;52.1;
812;812.0;60.7;58.7;57.5;56.2;55.1;54.1;53.0;52.2;
813;813.0;60.7;58.7;57.6;56.2;55.1;54.2;53.0;52.2;
814;814.0;60.7;58.8;57.6;56.2;55.1;54.2;53.0;52.2;
815;815.0;60.8;58.8;57.7;56.2;55.2;54.2;53.1;52.3;
816;816.0;60.8;58.9;57.7;56.2;55.2;54.3;53.1;52.3;
817;817.0;60.8;58.8;57.8;56.3;55.2;54.3;53.1;52.3;
818;818.0;60.8;59.0;57.8;56.3;55.2;54.3;53.2;52.4;
819;819.0;60.8;58.9;57.8;56.3;55.3;54.3;53.2;52.4;
820;820.0;60.8;59.0;57.8;56.4;55.3;54.5;53.2;52.4;
821;821.0;60.9;59.0;57.9;56.5;55.3;54.5;53.2;52.4;
822;822.0;60.9;59.0;57.8;56.5;55.3;54.5;53.3;52.4;
823;823.0;60.9;59.0;57.9;56.5;55.3;54.5;53.3;52.5;
824;824.0;61.0;59.0;57.9;56.5;55.3;54.5;53.3;52.5;
825;825.0;61.0;59.1;57.9;56.5;55.4;54.5;53.3;52.5;
826;826.0;61.1;59.1;58.0;56.6;55.4;54.5;53.3;52.5;
827;827.0;61.1;59.1;58.0;56.6;55.5;54.6;53.3;52.5;
828;828.0;61.1;59.1;58.0;56.6;55.5;54.6;53.4;52.6;
829;829.0;61.1;59.2;58.0;56.6;55.5;54.7;53.4;52.7;
830;830.0;61.1;59.2;58.1;56.7;55.5;54.7;53.5;52.7;
831;831.0;61.1;59.2;58.1;56.7;55.5;54.7;53.5;52.7;
832;832.0;61.1;59.2;58.1;56.7;55.6;54.8;53.5;52.8;
833;833.0;61.1;59.3;58.1;56.7;55.6;54.7;53.5;52.8;
834;834.0;61.2;59.3;58.2;56.7;55.6;54.8;53.5;52.8;
835;835.0;61.2;59.3;58.2;56.8;55.6;54.8;53.6;52.8;
836;836.0;61.2;59.3;58.2;56.8;55.7;54.8;53.6;52.8;
837;837.0;61.2;59.4;58.2;56.8;55.8;54.8;53.7;52.8;
838;838.0;61.3;59.5;58.2;56.8;55.8;54.9;53.7;52.8;
839;839.0;61.3;59.5;58.3;56.9;55.8;54.9;53.7;52.9;
840;840.0;61.3;59.5;58.3;56.9;55.8;54.9;53.7;52.9;
841;841.0;61.4;59.5;58.3;56.9;55.8;54.9;53.7;52.9;
842;842.0;61.5;59.5;58.4;57.0;55.8;54.9;53.7;52.9;
843;843.0;61.5;59.5;58.4;57.0;55.8;54.9;53.7;52.9;
844;844.0;61.5;59.5;58.4;57.0;55.9;55.0;53.8;53.0;
845;845.0;61.5;59.6;58.5;57.1;55.9;54.9;53.8;53.0;
846;846.0;61.6;59.6;58.4;57.0;56.0;55.0;53.8;53.1;
847;847.0;61.6;59.6;58.5;57.1;56.0;55.1;53.8;53.1;
848;848.0;61.6;59.7;58.6;57.1;56.0;55.1;53.9;53.1;
849;849.0;61.6;59.6;58.6;57.2;56.1;55.1;53.9;53.1;
850;850.0;61.6;59.7;58.6;57.2;56.1;55.2;53.9;53.2;
851;851.0;61.6;59.8;58.6;57.2;56.1;55.2;54.0;53.1;
852;852.0;61.6;59.9;58.7;57.2;56.2;55.2;54.1;53.2;
853;853.0;61.6;59.8;58.7;57.2;56.2;55.2;54.1;53.2;
854;854.0;61.7;59.9;58.7;57.3;56.2;55.2;54.1;53.3;
855;855.0;61.9;59.9;58.7;57.3;56.2;55.3;54.1;53.3;
856;856.0;61.7;59.9;58.7;57.4;56.2;55.3;54.1;53.3;
857;857.0;61.9;59.9;58.7;57.4;56.2;55.3;54.1;53.3;
858;858.0;61.9;59.9;58.7;57.4;56.2;55.3;54.1;53.3;
859;859.0;61.9;59.9;58.7;57.4;56.2;55.3;54.1;53.4;
860;860.0;61.9;59.9;58.7;57.4;56.3;55.4;54.2;53.4;
861;861.0;62.0;60.0;58.8;57.4;56.4;55.4;54.1;53.4;
862;862.0;62.0;60.0;58.9;57.4;56.4;55.4;54.2;53.4;
863;863.0;62.0;60.1;58.9;57.4;56.4;55.5;54.3;53.4;
864;864.0;62.0;60.1;58.9;57.5;56.4;55.5;54.3;53.5;
865;865.0;62.0;60.1;59.0;57.5;56.4;55.5;54.3;53.5;
866;866.0;62.1;60.2;59.1;57.5;56.5;55.6;54.4;53.5;
867;867.0;62.1;60.2;59.1;57.6;56.5;55.6;54.4;53.6;
868;868.0;62.1;60.2;59.1;57.6;56.5;55.6;54.4;53.6;
869;869.0;62.1;60.3;59.1;57.6;56.5;55.6;54.4;53.6;
870;870.0;62.1;60.3;59.1;57.7;56.6;55.6;54.4;53.6;
871;871.0;62.1;60.3;59.1;57.8;56.6;55.8;54.5;53.7;
872;872.0;62.2;60.3;59.1;57.8;56.6;55.8;54.5;53.7;
873;873.0;62.2;60.3;59.2;57.8;56.6;55.8;54.5;53.7;
874;874.0;62.2;60.3;59.2;57.8;56.7;55.8;54.5;53.8;
875;875.0;62.3;60.3;59.2;57.8;56.7;55.8;54.5;53.7;
876;876.0;62.3;60.3;59.2;57.8;56.7;55.8;54.5;53.8;
877;877.0;62.3;60.4;59.2;57.8;56.7;55.8;54.6;53.8;
878;878.0;62.4;60.4;59.3;57.8;56.7;55.8;54.6;53.8;
879;879.0;62.4;60.5;59.3;57.8;56.8;55.8;54.7;53.8;
880;880.0;62.4;60.5;59.3;57.9;56.8;55.9;54.7;53.8;
881;881.0;62.4;60.5;59.3;57.9;56.8;55.9;54.7;53.9;
882;882.0;62.4;60.5;59.4;58.0;56.9;56.0;54.8;53.9;
883;883.0;62.4;60.6;59.4;58.0;56.9;56.0;54.7;53.9;
884;884.0;62.5;60.5;59.4;58.0;56.9;56.1;54.8;54.0;
885;885.0;62.5;60.6;59.5;58.0;56.9;56.0;54.8;54.0;
886;886.0;62.4;60.6;59.5;58.1;57.0;56.1;54.8;54.0;
887;887.0;62.5;60.6;59.5;58.1;57.0;56.1;54.8;54.1;
888;888.0;62.5;60.7;59.5;58.1;57.0;56.1;54.8;54.1;
889;889.0;62.5;60.7;59.5;58.2;57.0;56.1;54.9;54.1;
890;890.0;62.5;60.7;59.6;58.2;57.0;56.2;54.9;54.1;
891;891.0;62.6;60.7;59.6;58.2;57.0;56.2;54.9;54.1;
892;892.0;62.6;60.7;59.6;58.2;57.1;56.2;54.9;54.1;
893;893.0;62.6;60.8;59.6;58.2;57.1;56.2;55.0;54.1;
894;894.0;62.7;60.9;59.7;58.2;57.1;56.2;55.0;54.1;
895;895.0;62.7;60.8;59.7;58.2;57.1;56.2;55.1;54.2;
896;896.0;62.8;60.8;59.7;58.2;57.1;56.3;55.0;54.2;
897;897.0;62.8;60.9;59.7;58.3;57.2;56.3;55.1;54.2;
898;898.0;62.8;60.9;59.7;58.3;57.3;56.3;55.1;54.3;
899;899.0;62.8;60.9;59.8;58.4;57.3;56.4;55.1;54.3;
900;900.0;62.8;61.0;59.8;58.4;57.3;56.4;55.1;54.4;
901;901.0;62.8;61.0;59.9;58.5;57.4;56.5;55.2;54.3;
902;902.0;62.8;61.0;59.9;58.4;57.4;56.5;55.2;54.4;
903;903.0;62.8;61.0;59.9;58.5;57.4;56.5;55.2;54.4;
904;904.0;62.8;61.0;59.9;58.5;57.4;56.5;55.3;54.4;
905;905.0;62.8;61.1;59.9;58.5;57.4;56.5;55.3;54.5;
906;906.0;62.9;61.1;59.9;58.6;57.4;56.5;55.3;54.5;
907;907.0;63.0;61.1;59.9;58.6;57.4;56.6;55.3;54.5;
908;908.0;63.0;61.1;60.0;58.7;57.4;56.6;55.3;54.5;
909;909.0;63.0;61.1;60.0;58.7;57.5;56.6;55.3;54.5;
910;910.0;63.0;61.2;60.0;58.7;57.5;56.6;55.3;54.6;
911;911.0;63.0;61.2;60.1;58.7;57.5;56.6;55.4;54.6;
912;912.0;63.1;61.2;60.1;58.7;57.5;56.6;55.4;54.7;
913;913.0;63.1;61.2;60.1;58.7;57.5;56.7;55.4;54.6;
914;914.0;63.1;61.3;60.2;58.8;57.6;56.7;55.4;54.7;
915;915.0;63.1;61.3;60.2;58.8;57.6;56.7;55.5;54.7;
916;916.0;63.1;61.6;60.3;58.8;57.7;56.8;55.6;54.7;
917;917.0;63.2;61.3;60.3;58.8;57.7;56.8;55.6;54.7;
918;918.0;63.1;61.6;60.3;58.8;57.7;56.8;55.6;54.7;
919;919.0;63.2;61.6;60.3;58.9;57.7;56.8;55.6;54.7;
920;920.0;63.2;61.6;60.3;58.8;57.8;56.8;55.6;54.8;
921;921.0;63.2;61.6;60.3;59.0;57.8;56.9;55.7;54.8;
922;922.0;63.2;61.6;60.3;59.0;57.8;56.9;55.7;54.8;
923;923.0;63.2;61.6;60.3;59.0;57.8;56.9;55.7;54.9;
924;924.0;63.2;61.6;60.3;59.0;57.8;57.0;55.8;54.9;
925;925.0;63.2;61.6;60.3;59.1;57.9;57.0;55.8;54.9;
926;926.0;63.2;61.7;60.4;59.1;57.9;57.0;55.8;54.9;
927;927.0;63.3;61.8;60.5;59.1;58.0;57.0;55.8;55.0;
928;928.0;63.4;61.8;60.5;59.1;58.0;57.0;55.8;55.0;
929;929.0;63.4;61.8;60.6;59.1;58.0;57.0;55.8;55.0;
930;930.0;63.4;61.8;60.6;59.1;58.0;57.0;55.8;55.0;
931;931.0;63.4;61.8;60.6;59.1;58.0;57.1;55.8;55.0;
932;932.0;63.4;61.8;60.6;59.1;58.1;57.1;55.9;55.1;
933;933.0;63.4;61.9;60.6;59.2;58.0;57.1;56.0;55.1;
934;934.0;63.4;61.9;60.7;59.2;58.1;57.2;56.0;55.1;
935;935.0;63.5;61.9;60.7;59.3;58.1;57.2;56.0;55.1;
936;936.0;63.6;62.0;60.7;59.3;58.2;57.3;56.0;55.1;
937;937.0;63.5;62.0;60.7;59.3;58.2;57.3;56.0;55.2;
938;938.0;63.6;62.0;60.7;59.3;58.2;57.3;56.0;55.3;
939;939.0;63.6;62.0;60.7;59.4;58.2;57.3;56.1;55.3;
940;940.0;63.6;62.1;60.7;59.4;58.2;57.4;56.1;55.3;
941;941.0;63.6;62.0;60.7;59.4;58.2;57.4;56.1;55.3;
942;942.0;63.6;62.1;60.8;59.4;58.3;57.4;56.1;55.3;
943;943.0;63.6;62.1;60.8;59.4;58.3;57.4;56.2;55.3;
944;944.0;63.6;62.2;60.8;59.5;58.3;57.4;56.2;55.3;
945;945.0;63.7;62.2;60.9;59.5;58.3;57.4;56.2;55.3;
946;946.0;63.7;62.2;60.9;59.5;58.3;57.4;56.2;55.3;
947;947.0;63.7;62.2;60.9;59.5;58.3;57.4;56.3;55.4;
948;948.0;63.7;62.2;61.0;59.5;58.3;57.4;56.3;55.4;
949;949.0;63.8;62.3;61.0;59.5;58.4;57.5;56.3;55.4;
950;950.0;63.8;62.3;61.0;59.5;58.5;57.5;56.3;55.4;
951;951.0;63.8;62.3;61.1;59.7;58.5;57.6;56.3;55.5;
952;952.0;63.8;62.4;61.1;59.7;58.6;57.7;56.3;55.5;
953;953.0;63.8;62.4;61.1;59.7;58.6;57.6;56.4;55.5;
954;954.0;63.9;62.4;61.1;59.7;58.6;57.7;56.4;55.5;
955;955.0;63.9;62.4;61.1;59.8;58.6;57.7;56.4;55.6;
956;956.0;63.9;62.4;61.1;59.8;58.7;57.8;56.4;55.6;
957;957.0;64.0;62.4;61.2;59.8;58.7;57.8;56.5;55.7;
958;958.0;64.0;62.5;61.2;59.8;58.7;57.8;56.5;55.7;
959;959.0;64.0;62.5;61.2;59.8;58.7;57.8;56.5;55.7;
960;960.0;64.1;62.5;61.2;59.8;58.7;57.8;56.5;55.7;
961;961.0;64.0;62.5;61.3;59.8;58.7;57.8;56.6;55.7;
962;962.0;64.1;62.6;61.3;59.9;58.7;57.8;56.6;55.7;
963;963.0;64.1;62.6;61.3;59.9;58.8;57.8;56.6;55.8;
964;964.0;64.1;62.6;61.3;59.9;58.7;57.9;56.6;55.8;
965;965.0;64.1;62.7;61.3;59.9;58.8;57.9;56.6;55.8;
966;966.0;64.1;62.7;61.4;60.0;58.8;57.9;56.7;55.8;
967;967.0;64.1;62.7;61.4;60.0;58.9;57.9;56.6;55.8;
968;968.0;64.1;62.7;61.4;60.0;58.9;58.0;56.7;55.8;
969;969.0;64.1;62.8;61.4;60.0;58.9;58.0;56.7;55.9;
970;970.0;64.1;62.8;61.6;60.1;59.0;58.0;56.8;56.0;
971;971.0;64.2;62.8;61.5;60.1;59.0;58.0;56.8;56.0;
972;972.0;64.3;62.8;61.6;60.1;59.0;58.1;56.8;56.0;
973;973.0;64.2;62.8;61.6;60.1;59.0;58.1;56.9;56.0;
974;974.0;64.3;62.8;61.6;60.1;59.1;58.1;56.9;56.0;
975;975.0;64.3;62.8;61.6;60.2;59.1;58.1;56.9;56.1;
976;976.0;64.3;62.8;61.6;60.2;59.1;58.2;57.0;56.1;
977;977.0;64.4;62.9;61.6;60.2;59.1;58.2;57.0;56.1;
978;978.0;64.4;62.8;61.6;60.3;59.1;58.2;57.0;56.1;
979;979.0;64.4;62.9;61.7;60.3;59.1;58.2;57.0;56.1;
980;980.0;64.4;62.9;61.7;60.3;59.1;58.2;57.0;56.1;
981;981.0;64.4;62.9;61.8;60.3;59.1;58.2;57.0;56.1;
982;982.0;64.4;63.0;61.7;60.3;59.2;58.2;57.0;56.2;
983;983.0;64.4;63.1;61.8;60.3;59.2;58.3;57.0;56.2;
984;984.0;64.5;63.1;62.0;60.3;59.2;58.3;57.0;56.2;
985;985.0;64.5;63.1;62.0;60.4;59.3;58.3;57.0;56.2;
986;986.0;64.5;63.1;62.0;60.3;59.3;58.3;57.1;56.3;
987;987.0;64.5;63.1;62.0;60.4;59.3;58.4;57.1;56.3;
988;988.0;64.5;63.1;62.0;60.5;59.3;58.4;57.1;56.3;
989;989.0;64.5;63.2;62.0;60.5;59.4;58.4;57.2;56.3;
990;990.0;64.5;63.2;62.0;60.5;59.4;58.5;57.2;56.4;
991;991.0;64.5;63.2;62.0;60.6;59.4;58.6;57.3;56.4;
992;992.0;64.6;63.2;62.2;60.6;59.5;58.5;57.3;56.4;
993;993.0;64.6;63.2;62.2;60.7;59.5;58.5;57.3;56.4;
994;994.0;64.6;63.3;62.2;60.7;59.5;58.6;57.4;56.4;
995;995.0;64.7;63.3;62.2;60.7;59.5;58.6;57.4;56.4;
996;996.0;64.7;63.3;62.2;60.7;59.5;58.7;57.4;56.5;
997;997.0;64.7;63.4;62.2;60.7;59.5;58.7;57.4;56.4;
998;998.0;64.7;63.4;62.2;60.7;59.6;58.7;57.4;56.6;
999;999.0;64.7;63.4;62.3;60.7;59.5;58.7;57.4;56.6;
1000;1000.0;64.7;63.4;62.3;60.7;59.6;58.7;57.4;56.6;
1001;1001.0;64.8;63.4;62.3;60.7;59.6;58.7;57.5;56.6;
1002;1002.0;64.8;63.5;62.4;60.7;59.6;58.7;57.5;56.6;
1003;1003.0;64.8;63.5;62.4;60.8;59.6;58.7;57.4;56.6;
1004;1004.0;64.8;63.5;62.4;60.7;59.7;58.7;57.5;56.6;
1005;1005.0;64.9;63.6;62.4;60.8;59.7;58.7;57.5;56.6;
1006;1006.0;64.9;63.6;62.4;60.8;59.7;58.8;57.5;56.6;
1007;1007.0;64.9;63.6;62.4;60.9;59.7;58.8;57.6;56.7;
1008;1008.0;64.9;63.6;62.5;60.9;59.8;58.8;57.6;56.7;
1009;1009.0;64.9;63.6;62.5;61.0;59.8;58.9;57.6;56.7;
1010;1010.0;64.9;63.6;62.5;61.0;59.9;59.0;57.6;56.7;
1011;1011.0;64.9;63.6;62.5;61.0;59.9;58.9;57.7;56.8;
1012;1012.0;65.0;63.7;62.5;61.0;59.9;59.0;57.7;56.8;
1013;1013.0;65.0;63.7;62.6;61.1;59.9;59.1;57.7;56.8;
1014;1014.0;65.0;63.7;62.5;61.1;59.9;59.0;57.7;56.8;
1015;1015.0;65.0;63.8;62.6;61.1;59.9;59.1;57.8;56.9;
1016;1016.0;65.0;63.8;62.7;61.1;59.9;59.1;57.8;56.8;
1017;1017.0;65.0;63.8;62.7;61.1;59.9;59.1;57.8;57.0;
1018;1018.0;65.0;63.8;62.7;61.1;59.9;59.1;57.8;57.0;
1019;1019.0;65.1;63.8;62.7;61.2;59.9;59.1;57.8;57.0;
1020;1020.0;65.1;63.9;62.8;61.2;60.0;59.1;57.9;57.0;
1021;1021.0;65.1;63.9;62.8;61.2;60.1;59.1;57.9;57.0;
1022;1022.0;65.1;63.9;62.8;61.2;60.1;59.1;57.9;57.0;
1023;1023.0;65.2;64.0;62.8;61.4;60.1;59.2;57.9;57.0;
1024;1024.0;65.2;64.0;62.8;61.4;60.1;59.2;57.9;57.0;
1025;1025.0;65.2;64.0;62.8;61.4;60.1;59.2;57.9;57.0;
1026;1026.0;65.2;64.0;62.9;61.5;60.1;59.2;57.9;57.0;
1027;1027.0;65.3;64.0;62.9;61.4;60.2;59.3;58.0;57.0;
1028;1028.0;65.3;64.1;62.9;61.5;60.2;59.3;58.0;57.1;
1029;1029.0;65.3;64.1;62.9;61.6;60.3;59.3;58.0;57.2;
1030;1030.0;65.3;64.1;62.9;61.5;60.3;59.3;58.1;57.2;
1031;1031.0;65.3;64.1;62.9;61.6;60.3;59.3;58.1;57.2;
1032;1032.0;65.3;64.1;63.0;61.6;60.3;59.4;58.1;57.2;
1033;1033.0;65.3;64.1;63.0;61.6;60.3;59.4;58.2;57.2;
1034;1034.0;65.3;64.1;63.1;61.6;60.3;59.4;58.2;57.3;
1035;1035.0;65.3;64.2;63.1;61.7;60.3;59.5;58.2;57.3;
1036;1036.0;65.4;64.1;63.1;61.6;60.3;59.5;58.2;57.3;
1037;1037.0;65.4;64.2;63.1;61.6;60.3;59.5;58.2;57.3;
1038;1038.0;65.4;64.2;63.2;61.7;60.4;59.5;58.2;57.4;
1039;1039.0;65.4;64.3;63.2;61.7;60.5;59.5;58.2;57.4;
1040;1040.0;65.4;64.4;63.2;61.8;60.5;59.5;58.3;57.4;
1041;1041.0;65.5;64.3;63.2;61.9;60.5;59.6;58.3;57.4;
1042;1042.0;65.5;64.4;63.2;61.8;60.5;59.6;58.3;57.4;
1043;1043.0;65.6;64.4;63.2;61.9;60.6;59.6;58.3;57.4;
1044;1044.0;65.6;64.4;63.2;61.9;60.6;59.6;58.3;57.4;
1045;1045.0;65.6;64.4;63.2;61.9;60.6;59.6;58.3;57.4;
1046;1046.0;65.6;64.4;63.2;61.9;60.6;59.6;58.4;57.4;
1047;1047.0;65.6;64.5;63.3;61.9;60.6;59.7;58.4;57.5;
1048;1048.0;65.7;64.5;63.3;62.0;60.7;59.7;58.4;57.6;
1049;1049.0;65.7;64.5;63.3;62.0;60.7;59.8;58.5;57.6;
1050;1050.0;65.7;64.5;63.3;62.0;60.7;59.8;58.5;57.6;
1051;1051.0;65.7;64.5;63.4;62.0;60.7;59.8;58.6;57.7;
1052;1052.0;65.7;64.5;63.5;62.0;60.7;59.9;58.6;57.6;
1053;1053.0;65.7;64.6;63.5;62.0;60.7;59.9;58.6;57.7;
1054;1054.0;65.7;64.6;63.5;62.1;60.7;59.9;58.6;57.7;
1055;1055.0;65.7;64.6;63.5;62.1;60.7;59.9;58.7;57.7;
1056;1056.0;65.7;64.6;63.5;62.1;60.7;59.9;58.7;57.7;
1057;1057.0;65.7;64.7;63.6;62.1;60.8;59.9;58.7;57.7;
1058;1058.0;65.7;64.7;63.6;62.1;60.9;59.9;58.7;57.8;
1059;1059.0;65.8;64.7;63.6;62.1;60.8;59.9;58.7;57.8;
1060;1060.0;65.8;64.7;63.6;62.2;60.9;59.9;58.7;57.8;
1061;1061.0;65.8;64.7;63.6;62.3;60.9;59.9;58.7;57.8;
1062;1062.0;65.8;64.7;63.6;62.3;60.9;60.0;58.8;57.8;
1063;1063.0;65.9;64.8;63.6;62.3;61.0;60.0;58.7;57.8;
1064;1064.0;65.9;64.8;63.7;62.3;61.0;60.0;58.7;57.8;
1065;1065.0;65.9;64.9;63.7;62.4;60.9;60.1;58.8;57.9;
1066;1066.0;65.9;64.9;63.7;62.4;61.0;60.1;58.8;57.9;
1067;1067.0;66.0;64.9;63.7;62.4;61.0;60.1;58.9;57.9;
1068;1068.0;66.0;64.9;63.8;62.4;61.1;60.1;58.9;57.9;
1069;1069.0;66.0;64.9;63.8;62.4;61.1;60.2;58.9;57.9;
1070;1070.0;66.0;64.9;63.8;62.4;61.1;60.2;58.9;58.0;
1071;1071.0;66.1;64.9;63.9;62.4;61.1;60.3;58.9;58.0;
1072;1072.0;66.0;65.0;63.9;62.4;61.2;60.3;59.0;58.0;
1073;1073.0;66.1;65.0;63.9;62.5;61.2;60.3;59.0;58.0;
1074;1074.0;66.1;65.0;63.9;62.5;61.1;60.3;59.0;58.1;
1075;1075.0;66.1;65.0;63.9;62.5;61.2;60.3;59.0;58.1;
1076;1076.0;66.1;65.0;63.9;62.5;61.2;60.3;59.0;58.1;
1077;1077.0;66.1;65.1;63.9;62.6;61.2;60.3;59.0;58.1;
1078;1078.0;66.1;65.1;64.0;62.6;61.3;60.3;59.1;58.1;
1079;1079.0;66.2;65.1;64.0;62.6;61.3;60.3;59.1;58.2;
1080;1080.0;66.2;65.1;64.0;62.6;61.3;60.3;59.1;58.2;
1081;1081.0;66.2;65.1;64.1;62.6;61.3;60.4;59.1;58.2;
1082;1082.0;66.2;65.2;64.1;62.6;61.3;60.5;59.2;58.2;
1083;1083.0;66.2;65.3;64.1;62.6;61.3;60.4;59.2;58.2;
1084;1084.0;66.2;65.3;64.1;62.7;61.4;60.5;59.2;58.2;
1085;1085.0;66.3;65.3;64.2;62.7;61.4;60.5;59.2;58.2;
1086;1086.0;66.3;65.3;64.1;62.7;61.4;60.6;59.2;58.2;
1087;1087.0;66.3;65.3;64.1;62.7;61.4;60.6;59.2;58.3;
1088;1088.0;66.3;65.3;64.2;62.8;61.4;60.6;59.2;58.2;
1089;1089.0;66.3;65.3;64.2;62.8;61.5;60.6;59.2;58.3;
1090;1090.0;66.3;65.3;64.2;62.8;61.5;60.7;59.3;58.3;
1091;1091.0;66.3;65.4;64.3;62.8;61.6;60.6;59.3;58.4;
1092;1092.0;66.4;65.4;64.3;62.8;61.6;60.7;59.4;58.3;
1093;1093.0;66.4;65.4;64.2;62.9;61.6;60.7;59.4;58.4;
1094;1094.0;66.4;65.4;64.3;62.9;61.6;60.7;59.4;58.5;
1095;1095.0;66.4;65.4;64.4;62.9;61.6;60.7;59.5;58.4;
1096;1096.0;66.5;65.5;64.4;62.9;61.6;60.7;59.5;58.5;
1097;1097.0;66.5;65.5;64.4;62.9;61.6;60.7;59.5;58.5;
1098;1098.0;66.4;65.5;64.5;62.9;61.6;60.7;59.5;58.6;
1099;1099.0;66.5;65.5;64.5;63.0;61.7;60.7;59.5;58.6;
1100;1100.0;66.5;65.6;64.5;63.0;61.6;60.7;59.5;58.6;
1101;1101.0;66.5;65.6;64.5;63.0;61.8;60.8;59.5;58.6;
1102;1102.0;66.5;65.7;64.5;63.0;62.0;60.8;59.5;58.7;
1103;1103.0;66.5;65.7;64.5;63.1;61.8;60.9;59.5;58.7;
1104;1104.0;66.5;65.7;64.5;63.2;62.0;60.9;59.5;58.7;
1105;1105.0;66.6;65.7;64.5;63.2;62.0;60.9;59.6;58.7;
1106;1106.0;66.6;65.7;64.5;63.2;62.0;60.9;59.6;58.7;
1107;1107.0;66.6;65.7;64.5;63.2;62.0;60.9;59.6;58.7;
1108;1108.0;66.7;65.7;64.6;63.2;62.0;61.0;59.7;58.7;
1109;1109.0;66.7;65.7;64.6;63.2;62.0;61.0;59.7;58.7;
1110;1110.0;66.6;65.7;64.6;63.2;62.0;61.0;59.7;58.7;
1111;1111.0;66.7;65.7;64.7;63.2;62.0;61.0;59.7;58.7;
1112;1112.0;66.7;65.7;64.7;63.3;62.0;61.0;59.8;58.8;
1113;1113.0;66.7;65.8;64.7;63.2;62.0;61.1;59.8;58.9;
1114;1114.0;66.7;65.9;64.7;63.3;62.1;61.1;59.8;58.9;
1115;1115.0;66.7;65.9;64.7;63.3;62.1;61.1;59.9;58.9;
1116;1116.0;66.8;65.9;64.8;63.3;62.2;61.1;59.9;58.9;
1117;1117.0;66.7;65.9;64.8;63.3;62.2;61.1;59.9;59.0;
1118;1118.0;66.8;65.9;64.8;63.3;62.2;61.1;59.9;59.0;
1119;1119.0;66.9;66.0;64.8;63.4;62.2;61.2;59.9;59.0;
1120;1120.0;66.9;66.0;64.9;63.4;62.2;61.2;59.9;59.0;
1121;1121.0;66.9;66.0;64.9;63.4;62.3;61.2;59.9;59.0;
1122;1122.0;66.9;66.0;64.9;63.4;62.3;61.2;59.9;59.0;
1123;1123.0;66.9;66.0;64.9;63.5;62.4;61.3;59.9;59.0;
1124;1124.0;66.9;66.1;65.0;63.6;62.3;61.3;59.9;59.0;
1125;1125.0;67.0;66.1;64.9;63.6;62.4;61.3;60.0;59.1;
1126;1126.0;67.0;66.1;65.0;63.6;62.4;61.3;60.1;59.1;
1127;1127.0;67.0;66.1;65.0;63.6;62.4;61.3;60.1;59.1;
1128;1128.0;67.0;66.1;65.0;63.6;62.4;61.3;60.1;59.1;
1129;1129.0;67.0;66.1;65.0;63.6;62.4;61.3;60.1;59.1;
1130;1130.0;67.0;66.1;65.1;63.6;62.4;61.4;60.1;59.2;
1131;1131.0;67.0;66.2;65.1;63.6;62.4;61.4;60.2;59.2;
1132;1132.0;67.0;66.1;65.1;63.6;62.5;61.4;60.2;59.2;
1133;1133.0;67.0;66.2;65.1;63.7;62.5;61.5;60.2;59.2;
1134;1134.0;67.0;66.3;65.1;63.6;62.5;61.5;60.2;59.2;
1135;1135.0;67.1;66.3;65.1;63.7;62.5;61.5;60.2;59.3;
1136;1136.0;67.1;66.3;65.1;63.7;62.5;61.6;60.2;59.3;
1137;1137.0;67.1;66.3;65.2;63.8;62.6;61.6;60.3;59.3;
1138;1138.0;67.1;66.3;65.2;63.8;62.6;61.6;60.3;59.3;
1139;1139.0;67.2;66.4;65.2;63.8;62.6;61.6;60.3;59.3;
1140;1140.0;67.1;66.4;65.2;63.9;62.6;61.6;60.3;59.3;
1141;1141.0;67.2;66.4;65.3;63.9;62.7;61.6;60.3;59.3;
1142;1142.0;67.2;66.4;65.3;63.9;62.7;61.6;60.3;59.4;
1143;1143.0;67.2;66.4;65.3;63.9;62.7;61.7;60.3;59.4;
1144;1144.0;67.3;66.4;65.3;63.9;62.7;61.7;60.3;59.4;
1145;1145.0;67.3;66.4;65.3;63.9;62.7;61.7;60.4;59.5;
1146;1146.0;67.3;66.5;65.4;63.9;62.8;61.8;60.4;59.4;
1147;1147.0;67.3;66.5;65.4;64.0;62.8;61.8;60.4;59.5;
1148;1148.0;67.3;66.5;65.4;64.0;62.8;61.8;60.5;59.5;
1149;1149.0;67.3;66.5;65.5;64.0;62.8;61.8;60.5;59.5;
1150;1150.0;67.3;66.5;65.4;64.0;62.8;61.8;60.5;59.5;
1151;1151.0;67.4;66.6;65.4;64.1;62.9;62.0;60.5;59.5;
1152;1152.0;67.4;66.6;65.5;64.1;62.9;62.0;60.6;59.5;
1153;1153.0;67.4;66.6;65.5;64.1;62.9;62.0;60.5;59.5;
1154;1154.0;67.4;66.6;65.5;64.1;62.9;62.0;60.6;59.5;
1155;1155.0;67.4;66.6;65.6;64.1;62.9;62.0;60.6;59.6;
1156;1156.0;67.4;66.7;65.5;64.2;63.0;62.0;60.6;59.6;
1157;1157.0;67.4;66.7;65.7;64.2;63.0;62.0;60.7;59.6;
1158;1158.0;67.4;66.7;65.6;64.2;63.1;62.0;60.6;59.6;
1159;1159.0;67.4;66.7;65.7;64.2;63.1;62.0;60.6;59.7;
1160;1160.0;67.5;66.8;65.7;64.2;63.1;62.1;60.7;59.7;
1161;1161.0;67.5;66.8;65.7;64.2;63.1;62.1;60.7;59.7;
1162;1162.0;67.6;66.8;65.7;64.2;63.1;62.1;60.7;59.8;
1163;1163.0;67.6;66.8;65.7;64.3;63.1;62.2;60.7;59.8;
1164;1164.0;67.5;66.8;65.7;64.3;63.1;62.2;60.7;59.8;
1165;1165.0;67.6;66.8;65.7;64.3;63.2;62.2;60.8;59.8;
1166;1166.0;67.6;66.9;65.8;64.3;63.2;62.2;60.8;59.9;
1167;1167.0;67.6;67.0;65.8;64.5;63.2;62.3;60.8;59.9;
1168;1168.0;67.6;67.0;65.8;64.4;63.2;62.3;60.8;59.9;
1169;1169.0;67.6;67.0;65.8;64.4;63.2;62.3;60.9;59.9;
1170;1170.0;67.6;67.0;65.8;64.5;63.2;62.3;60.9;59.9;
1171;1171.0;67.6;67.0;65.9;64.5;63.2;62.4;60.9;59.9;
1172;1172.0;67.7;67.0;65.8;64.5;63.3;62.4;60.9;59.9;
1173;1173.0;67.6;67.0;65.8;64.5;63.3;62.4;60.9;59.9;
1174;1174.0;67.7;67.0;65.9;64.5;63.3;62.4;60.9;59.9;
1175;1175.0;67.7;67.0;65.9;64.5;63.3;62.4;61.0;59.9;
1176;1176.0;67.8;67.0;65.9;64.5;63.3;62.4;61.0;60.0;
1177;1177.0;67.7;67.0;66.0;64.5;63.3;62.4;61.0;59.9;
1178;1178.0;67.8;67.1;66.0;64.5;63.4;62.4;61.0;60.0;
1179;1179.0;67.8;67.1;66.0;64.5;63.4;62.5;61.1;60.0;
1180;1180.0;67.8;67.2;66.1;64.6;63.5;62.5;61.1;60.0;
1181;1181.0;67.8;67.1;66.1;64.7;63.5;62.5;61.1;60.0;
1182;1182.0;67.8;67.2;66.1;64.7;63.5;62.5;61.1;60.2;
1183;1183.0;67.9;67.3;66.1;64.6;63.5;62.5;61.1;60.2;
1184;1184.0;67.8;67.3;66.1;64.6;63.5;62.6;61.1;60.2;
1185;1185.0;67.8;67.3;66.1;64.7;63.5;62.6;61.1;60.2;
1186;1186.0;67.8;67.3;66.1;64.7;63.6;62.6;61.2;60.2;
1187;1187.0;67.9;67.3;66.1;64.7;63.6;62.7;61.2;60.3;
1188;1188.0;68.0;67.3;66.1;64.8;63.6;62.6;61.2;60.3;
1189;1189.0;67.9;67.3;66.2;64.8;63.6;62.6;61.2;60.3;
1190;1190.0;67.9;67.3;66.1;64.9;63.6;62.6;61.2;60.3;
1191;1191.0;68.0;67.4;66.2;64.9;63.6;62.7;61.2;60.3;
1192;1192.0;68.0;67.4;66.3;64.9;63.6;62.7;61.3;60.3;
1193;1193.0;68.0;67.4;66.4;64.9;63.7;62.7;61.3;60.3;
1194;1194.0;68.0;67.4;66.3;64.9;63.6;62.8;61.3;60.3;
1195;1195.0;68.0;67.4;66.3;64.9;63.7;62.8;61.4;60.3;
1196;1196.0;68.0;67.4;66.4;64.9;63.7;62.8;61.4;60.3;
1197;1197.0;68.0;67.4;66.4;64.9;63.7;62.8;61.4;60.3;
1198;1198.0;68.0;67.5;66.4;64.9;63.8;62.8;61.6;60.4;
1199;1199.0;68.0;67.5;66.4;64.9;63.8;62.8;61.6;60.4;
1200;1200.0;68.0;67.5;66.5;65.0;63.8;62.9;61.6;60.4;
1201;1201.0;68.2;67.6;66.5;64.9;63.8;62.9;61.6;60.5;
1202;1202.0;68.2;67.6;66.5;65.0;63.9;62.9;61.6;60.5;
1203;1203.0;68.2;67.6;66.5;65.1;63.9;62.9;61.6;60.5;
1204;1204.0;68.2;67.7;66.5;65.1;63.9;62.9;61.6;60.5;
1205;1205.0;68.2;67.6;66.5;65.1;63.9;63.0;61.6;60.6;
1206;1206.0;68.2;67.7;66.5;65.1;63.9;63.0;61.7;60.6;
1207;1207.0;68.2;67.7;66.5;65.1;63.9;63.0;61.8;60.6;
1208;1208.0;68.2;67.7;66.5;65.2;64.0;63.1;61.7;60.6;
1209;1209.0;68.2;67.7;66.5;65.2;64.0;63.1;61.8;60.6;
1210;1210.0;68.2;67.7;66.5;65.2;64.0;63.1;61.8;60.6;
1211;1211.0;68.2;67.8;66.6;65.3;64.0;63.1;61.8;60.6;
1212;1212.0;68.2;67.7;66.6;65.2;64.0;63.1;61.8;60.6;
1213;1213.0;68.2;67.8;66.7;65.3;64.0;63.2;61.8;60.7;
1214;1214.0;68.2;67.8;66.7;65.3;64.1;63.2;61.8;60.7;
1215;1215.0;68.3;67.8;66.7;65.3;64.1;63.2;61.8;60.7;
1216;1216.0;68.3;67.8;66.7;65.3;64.1;63.2;61.9;60.7;
1217;1217.0;68.3;67.8;66.7;65.3;64.1;63.2;61.9;60.7;
1218;1218.0;68.3;67.9;66.8;65.3;64.1;63.2;61.9;60.7;
1219;1219.0;68.3;67.9;66.8;65.3;64.1;63.2;62.0;60.8;
1220;1220.0;68.4;67.9;66.8;65.3;64.2;63.2;62.0;60.8;
1221;1221.0;68.4;67.9;66.8;65.3;64.2;63.2;62.0;60.8;
1222;1222.0;68.4;67.9;66.8;65.4;64.2;63.2;62.0;60.8;
1223;1223.0;68.4;67.9;66.9;65.3;64.2;63.3;62.0;60.8;
1224;1224.0;68.4;67.9;66.9;65.4;64.2;63.3;62.0;60.8;
1225;1225.0;68.4;68.0;66.9;65.5;64.3;63.3;62.0;60.8;
1226;1226.0;68.5;68.1;66.9;65.5;64.3;63.4;62.0;60.9;
1227;1227.0;68.5;68.0;67.0;65.5;64.3;63.3;62.1;60.9;
1228;1228.0;68.6;68.1;67.0;65.5;64.3;63.4;62.1;60.9;
1229;1229.0;68.6;68.0;67.0;65.5;64.4;63.5;62.1;60.9;
1230;1230.0;68.6;68.1;67.0;65.6;64.5;63.5;62.1;61.0;
1231;1231.0;68.6;68.1;67.0;65.6;64.4;63.5;62.1;60.9;
1232;1232.0;68.6;68.1;67.0;65.6;64.5;63.5;62.1;61.0;
1233;1233.0;68.6;68.2;67.0;65.6;64.5;63.5;62.2;61.0;
1234;1234.0;68.6;68.2;67.0;65.6;64.5;63.5;62.2;61.1;
1235;1235.0;68.6;68.2;67.0;65.6;64.5;63.5;62.2;61.1;
1236;1236.0;68.6;68.2;67.0;65.7;64.5;63.6;62.2;61.1;
1237;1237.0;68.6;68.2;67.1;65.7;64.5;63.6;62.3;61.1;
1238;1238.0;68.6;68.2;67.1;65.7;64.5;63.6;62.3;61.1;
1239;1239.0;68.6;68.2;67.1;65.7;64.5;63.6;62.3;61.1;
1240;1240.0;68.6;68.2;67.2;65.7;64.5;63.6;62.3;61.1;
1241;1241.0;68.6;68.2;67.2;65.7;64.5;63.6;62.3;61.1;
1242;1242.0;68.6;68.3;67.2;65.7;64.5;63.6;62.3;61.1;
1243;1243.0;68.7;68.3;67.2;65.8;64.6;63.7;62.4;61.2;
1244;1244.0;68.7;68.3;67.2;65.8;64.6;63.7;62.4;61.2;
1245;1245.0;68.7;68.3;67.3;65.8;64.6;63.7;62.4;61.2;
1246;1246.0;68.8;68.4;67.3;65.9;64.6;63.7;62.4;61.2;
1247;1247.0;68.8;68.4;67.3;65.9;64.7;63.7;62.4;61.2;
1248;1248.0;68.8;68.3;67.4;65.9;64.7;63.7;62.5;61.2;
1249;1249.0;68.8;68.5;67.4;65.9;64.8;63.8;62.5;61.3;
1250;1250.0;68.8;68.5;67.4;65.9;64.8;63.8;62.5;61.3;
1251;1251.0;68.9;68.5;67.4;65.9;64.8;63.8;62.5;61.3;
1252;1252.0;68.9;68.5;67.4;65.9;64.8;63.8;62.5;61.3;
1253;1253.0;68.9;68.6;67.4;66.0;64.8;63.9;62.6;61.3;
1254;1254.0;68.9;68.6;67.4;66.0;64.8;63.9;62.5;61.4;
1255;1255.0;68.9;68.6;67.4;66.0;64.8;63.9;62.6;61.4;
1256;1256.0;68.9;68.6;67.4;66.0;64.8;63.9;62.6;61.4;
1257;1257.0;68.9;68.6;67.4;66.0;64.9;63.9;62.7;61.5;
1258;1258.0;68.9;68.6;67.4;66.1;64.9;63.9;62.6;61.5;
1259;1259.0;69.0;68.6;67.5;66.1;64.9;64.0;62.7;61.5;
1260;1260.0;69.0;68.6;67.5;66.1;64.9;64.0;62.7;61.5;
1261;1261.0;69.0;68.6;67.5;66.1;64.9;64.0;62.7;61.5;
1262;1262.0;69.0;68.6;67.6;66.1;64.9;64.0;62.8;61.6;
1263;1263.0;69.0;68.6;67.6;66.1;64.9;64.0;62.8;61.6;
1264;1264.0;69.0;68.6;67.6;66.1;65.0;64.0;62.8;61.6;
1265;1265.0;69.0;68.6;67.7;66.2;65.0;64.1;62.8;61.6;
1266;1266.0;69.0;68.7;67.7;66.2;65.0;64.1;62.8;61.6;
1267;1267.0;69.0;68.7;67.7;66.2;65.1;64.1;62.8;61.6;
1268;1268.0;69.0;68.7;67.7;66.2;65.1;64.1;62.8;61.6;
1269;1269.0;69.0;68.8;67.7;66.3;65.1;64.2;62.8;61.6;
1270;1270.0;69.0;68.8;67.7;66.2;65.1;64.1;62.8;61.6;
1271;1271.0;69.1;68.9;67.7;66.3;65.1;64.1;62.8;61.7;
1272;1272.0;69.1;68.9;67.7;66.3;65.1;64.2;62.8;61.7;
1273;1273.0;69.1;68.9;67.8;66.4;65.2;64.2;62.8;61.7;
1274;1274.0;69.1;69.0;67.8;66.3;65.1;64.2;62.9;61.7;
1275;1275.0;69.1;68.9;67.8;66.4;65.1;64.2;62.9;61.9;
1276;1276.0;69.2;69.0;67.8;66.4;65.2;64.3;62.9;61.9;
1277;1277.0;69.2;69.0;67.8;66.4;65.2;64.2;62.9;61.9;
1278;1278.0;69.2;69.0;67.8;66.5;65.2;64.3;62.9;61.9;
1279;1279.0;69.3;69.0;67.8;66.5;65.3;64.4;63.0;61.9;
1280;1280.0;69.2;69.0;67.8;66.5;65.3;64.4;63.1;62.0;
1281;1281.0;69.2;69.0;67.8;66.5;65.3;64.4;63.1;62.0;
1282;1282.0;69.3;69.0;67.9;66.5;65.3;64.4;63.1;62.0;
1283;1283.0;69.3;69.0;68.0;66.5;65.3;64.4;63.1;62.0;
1284;1284.0;69.3;69.0;68.0;66.5;65.3;64.5;63.1;62.0;
1285;1285.0;69.3;69.1;68.0;66.5;65.4;64.5;63.1;62.0;
1286;1286.0;69.3;69.1;68.0;66.5;65.4;64.5;63.2;62.1;
1287;1287.0;69.3;69.1;68.1;66.5;65.4;64.5;63.1;62.1;
1288;1288.0;69.3;69.2;68.1;66.6;65.4;64.5;63.1;62.1;
1289;1289.0;69.3;69.1;68.1;66.6;65.5;64.5;63.2;62.1;
1290;1290.0;69.3;69.2;68.1;66.6;65.4;64.5;63.2;62.1;
1291;1291.0;69.4;69.2;68.1;66.6;65.5;64.5;63.2;62.1;
1292;1292.0;69.3;69.2;68.1;66.6;65.5;64.5;63.2;62.1;
1293;1293.0;69.4;69.2;68.2;66.7;65.5;64.5;63.2;62.1;
1294;1294.0;69.4;69.3;68.1;66.7;65.5;64.5;63.2;62.1;
1295;1295.0;69.4;69.3;68.2;66.7;65.5;64.5;63.2;62.1;
1296;1296.0;69.4;69.2;68.2;66.8;65.5;64.5;63.3;62.2;
1297;1297.0;69.4;69.3;68.2;66.8;65.5;64.6;63.3;62.2;
1298;1298.0;69.4;69.3;68.2;66.8;65.6;64.6;63.4;62.2;
1299;1299.0;69.4;69.3;68.2;66.8;65.6;64.7;63.3;62.2;
1300;1300.0;69.4;69.4;68.2;66.8;65.6;64.7;63.4;62.3;
1301;1301.0;69.4;69.4;68.3;66.8;65.7;64.7;63.4;62.3;
1302;1302.0;69.4;69.4;68.2;66.9;65.7;64.8;63.4;62.3;
1303;1303.0;69.5;69.4;68.3;66.9;65.7;64.8;63.4;62.4;
1304;1304.0;69.5;69.4;68.3;66.9;65.7;64.8;63.5;62.4;
1305;1305.0;69.5;69.4;68.3;66.9;65.7;64.8;63.5;62.4;
1306;1306.0;69.5;69.4;68.3;66.9;65.7;64.8;63.5;62.4;
1307;1307.0;69.6;69.4;68.4;66.9;65.7;64.8;63.5;62.4;
1308;1308.0;69.6;69.4;68.3;67.0;65.7;64.8;63.5;62.4;
1309;1309.0;69.6;69.5;68.4;67.0;65.7;64.9;63.6;62.4;
1310;1310.0;69.6;69.5;68.4;67.0;65.8;64.9;63.6;62.4;
1311;1311.0;69.6;69.5;68.4;67.0;65.8;64.9;63.5;62.4;
1312;1312.0;69.6;69.5;68.4;67.0;65.8;64.9;63.6;62.4;
1313;1313.0;69.6;69.5;68.5;67.1;65.8;64.9;63.6;62.4;
1314;1314.0;69.6;69.6;68.5;67.1;65.8;64.9;63.6;62.5;
1315;1315.0;69.6;69.6;68.6;67.1;65.8;64.9;63.6;62.5;
1316;1316.0;69.7;69.6;68.5;67.1;65.8;64.9;63.6;62.5;
1317;1317.0;69.7;69.6;68.6;67.1;65.8;65.0;63.6;62.5;
1318;1318.0;69.7;69.6;68.6;67.1;65.9;65.0;63.7;62.6;
1319;1319.0;69.7;69.7;68.6;67.1;66.0;65.0;63.7;62.6;
1320;1320.0;69.7;69.7;68.6;67.1;66.0;65.1;63.7;62.6;
1321;1321.0;69.7;69.7;68.6;67.2;65.9;65.1;63.7;62.6;
1322;1322.0;69.8;69.8;68.6;67.1;66.0;65.0;63.8;62.7;
1323;1323.0;69.8;69.7;68.6;67.2;66.0;65.1;63.8;62.6;
1324;1324.0;69.9;69.9;68.6;67.2;66.1;65.1;63.8;62.6;
1325;1325.0;69.9;69.8;68.6;67.3;66.1;65.1;63.8;62.7;
1326;1326.0;69.9;69.8;68.7;67.3;66.1;65.1;63.8;62.7;
1327;1327.0;69.9;69.9;68.7;67.3;66.1;65.2;63.8;62.8;
1328;1328.0;69.9;69.9;68.7;67.3;66.1;65.2;63.8;62.8;
1329;1329.0;69.9;69.9;68.7;67.3;66.1;65.2;63.9;62.8;
1330;1330.0;69.9;69.9;68.7;67.3;66.1;65.2;63.9;62.8;
1331;1331.0;69.9;69.9;68.7;67.4;66.1;65.2;63.9;62.8;
1332;1332.0;69.9;69.9;68.9;67.4;66.1;65.3;64.0;62.8;
1333;1333.0;69.9;69.9;68.8;67.4;66.1;65.3;64.0;62.8;
1334;1334.0;69.9;69.9;68.8;67.4;66.1;65.3;64.0;62.8;
1335;1335.0;69.9;69.9;68.9;67.4;66.1;65.3;64.0;62.8;
1336;1336.0;69.9;70.0;68.9;67.5;66.2;65.3;64.1;62.8;
1337;1337.0;69.9;69.9;68.9;67.5;66.2;65.3;64.0;62.8;
1338;1338.0;70.0;69.9;68.9;67.4;66.2;65.3;64.1;62.8;
1339;1339.0;69.9;70.0;69.0;67.5;66.3;65.4;64.1;62.9;
1340;1340.0;70.1;70.0;69.0;67.5;66.3;65.3;64.1;62.9;
1341;1341.0;70.0;70.0;69.0;67.5;66.3;65.4;64.1;63.0;
1342;1342.0;70.1;70.0;69.0;67.5;66.3;65.4;64.1;62.9;
1343;1343.0;70.1;70.1;69.0;67.6;66.4;65.4;64.1;63.0;
1344;1344.0;70.2;70.0;69.0;67.6;66.4;65.4;64.1;63.0;
1345;1345.0;70.1;70.1;69.0;67.7;66.4;65.5;64.1;63.0;
1346;1346.0;70.1;70.1;69.0;67.6;66.4;65.4;64.1;63.1;
1347;1347.0;70.1;70.2;69.0;67.6;66.4;65.5;64.1;63.1;
1348;1348.0;70.1;70.2;69.0;67.7;66.5;65.5;64.1;63.1;
1349;1349.0;70.2;70.2;69.0;67.7;66.5;65.5;64.1;63.1;
1350;1350.0;70.2;70.3;69.0;67.7;66.5;65.5;64.2;63.1;
1351;1351.0;70.2;70.3;69.1;67.7;66.5;65.5;64.2;63.1;
1352;1352.0;70.2;70.3;69.1;67.8;66.5;65.6;64.2;63.2;
1353;1353.0;70.2;70.3;69.1;67.8;66.5;65.6;64.2;63.1;
1354;1354.0;70.2;70.3;69.2;67.8;66.5;65.6;64.3;63.1;
1355;1355.0;70.2;70.3;69.2;67.8;66.5;65.7;64.3;63.2;
1356;1356.0;70.3;70.3;69.2;67.8;66.5;65.7;64.4;63.2;
1357;1357.0;70.2;70.3;69.3;67.8;66.5;65.7;64.4;63.2;
1358;1358.0;70.3;70.3;69.3;67.8;66.6;65.7;64.4;63.2;
1359;1359.0;70.3;70.3;69.3;67.8;66.5;65.7;64.4;63.2;
1360;1360.0;70.3;70.4;69.3;67.8;66.6;65.7;64.4;63.2;
1361;1361.0;70.3;70.4;69.3;67.8;66.7;65.7;64.4;63.2;
1362;1362.0;70.3;70.4;69.3;67.8;66.7;65.7;64.4;63.2;
1363;1363.0;70.3;70.4;69.4;67.8;66.7;65.7;64.4;63.2;
1364;1364.0;70.3;70.4;69.4;67.9;66.7;65.8;64.5;63.2;
1365;1365.0;70.3;70.5;69.4;67.9;66.7;65.8;64.5;63.3;
1366;1366.0;70.3;70.5;69.4;67.9;66.7;65.8;64.4;63.3;
1367;1367.0;70.4;70.5;69.4;67.9;66.8;65.8;64.5;63.4;
1368;1368.0;70.3;70.5;69.4;67.9;66.8;65.8;64.5;63.3;
1369;1369.0;70.3;70.5;69.4;67.9;66.8;65.8;64.5;63.4;
1370;1370.0;70.4;70.5;69.4;68.0;66.8;65.8;64.5;63.4;
1371;1371.0;70.4;70.6;69.4;68.1;66.8;65.8;64.6;63.4;
1372;1372.0;70.5;70.6;69.5;68.1;66.8;65.9;64.6;63.4;
1373;1373.0;70.5;70.6;69.5;68.1;66.9;65.9;64.6;63.4;
1374;1374.0;70.5;70.6;69.5;68.1;66.8;65.9;64.6;63.5;
1375;1375.0;70.5;70.6;69.5;68.1;66.8;65.9;64.6;63.5;
1376;1376.0;70.5;70.6;69.5;68.1;66.9;65.9;64.7;63.5;
1377;1377.0;70.5;70.7;69.5;68.1;67.0;66.0;64.6;63.5;
1378;1378.0;70.6;70.7;69.6;68.2;67.0;66.0;64.7;63.5;
1379;1379.0;70.5;70.7;69.5;68.2;67.0;66.1;64.7;63.5;
1380;1380.0;70.6;70.7;69.6;68.2;67.0;66.0;64.7;63.5;
1381;1381.0;70.5;70.7;69.6;68.2;67.0;66.1;64.7;63.6;
1382;1382.0;70.6;70.7;69.6;68.2;67.0;66.1;64.7;63.5;
1383;1383.0;70.6;70.7;69.7;68.2;67.0;66.1;64.7;63.6;
1384;1384.0;70.6;70.7;69.6;68.2;67.0;66.1;64.8;63.6;
1385;1385.0;70.6;70.8;69.7;68.2;67.0;66.1;64.8;63.6;
1386;1386.0;70.7;70.8;69.7;68.2;67.0;66.1;64.8;63.6;
1387;1387.0;70.7;70.8;69.7;68.3;67.0;66.1;64.8;63.6;
1388;1388.0;70.7;70.8;69.7;68.3;67.1;66.1;64.9;63.6;
1389;1389.0;70.7;70.8;69.8;68.3;67.0;66.1;64.9;63.7;
1390;1390.0;70.7;70.9;69.8;68.3;67.1;66.1;64.8;63.7;
1391;1391.0;70.7;70.8;69.8;68.3;67.1;66.1;64.9;63.7;
1392;1392.0;70.7;70.9;69.8;68.4;67.1;66.2;64.9;63.7;
1393;1393.0;70.7;70.9;69.9;68.4;67.1;66.2;64.9;63.7;
1394;1394.0;70.7;70.9;69.8;68.4;67.2;66.3;64.9;63.7;
1395;1395.0;70.7;71.0;69.8;68.5;67.2;66.3;64.9;63.8;
1396;1396.0;70.7;70.9;69.9;68.4;67.2;66.3;64.9;63.8;
1397;1397.0;70.8;70.9;69.9;68.5;67.2;66.3;65.0;63.7;
1398;1398.0;70.8;71.0;69.9;68.5;67.2;66.3;65.0;63.8;
1399;1399.0;70.8;71.0;69.9;68.5;67.2;66.3;65.0;63.8;
1400;1400.0;70.8;71.0;69.9;68.5;67.3;66.4;65.0;63.8;
1401;1401.0;70.8;71.1;69.9;68.6;67.3;66.4;65.1;63.8;
1402;1402.0;70.8;71.1;69.9;68.5;67.3;66.4;65.1;63.8;
1403;1403.0;70.9;71.1;70.0;68.6;67.4;66.4;65.1;63.9;
1404;1404.0;70.8;71.1;69.9;68.6;67.4;66.5;65.1;63.9;
1405;1405.0;70.8;71.1;70.0;68.6;67.4;66.4;65.1;63.9;
1406;1406.0;70.9;71.1;70.0;68.6;67.4;66.5;65.1;63.9;
1407;1407.0;70.9;71.1;70.0;68.6;67.4;66.4;65.1;63.9;
1408;1408.0;70.9;71.1;70.0;68.6;67.4;66.5;65.1;64.0;
1409;1409.0;70.9;71.1;70.0;68.6;67.4;66.5;65.2;64.0;
1410;1410.0;70.9;71.1;70.1;68.6;67.4;66.5;65.2;64.0;
1411;1411.0;70.9;71.2;70.2;68.6;67.4;66.5;65.3;64.1;
1412;1412.0;71.0;71.2;70.2;68.7;67.4;66.5;65.3;64.1;
1413;1413.0;70.9;71.2;70.1;68.7;67.4;66.5;65.3;64.1;
1414;1414.0;71.0;71.2;70.2;68.7;67.4;66.5;65.3;64.1;
1415;1415.0;71.0;71.2;70.2;68.7;67.5;66.6;65.3;64.1;
1416;1416.0;71.0;71.2;70.2;68.8;67.6;66.5;65.3;64.1;
1417;1417.0;71.0;71.3;70.2;68.8;67.6;66.6;65.3;64.1;
1418;1418.0;71.1;71.2;70.3;68.8;67.6;66.6;65.3;64.1;
1419;1419.0;71.0;71.3;70.3;68.8;67.6;66.7;65.3;64.1;
1420;1420.0;71.1;71.3;70.3;68.8;67.6;66.7;65.3;64.2;
1421;1421.0;71.1;71.3;70.3;68.8;67.7;66.7;65.3;64.1;
1422;1422.0;71.1;71.3;70.3;68.8;67.6;66.7;65.4;64.1;
1423;1423.0;71.1;71.3;70.3;68.8;67.7;66.7;65.3;64.1;
1424;1424.0;71.1;71.5;70.3;68.8;67.7;66.7;65.4;64.1;
1425;1425.0;71.1;71.5;70.3;68.9;67.7;66.7;65.4;64.3;
1426;1426.0;71.1;71.5;70.3;68.9;67.7;66.8;65.4;64.3;
1427;1427.0;71.1;71.5;70.4;69.0;67.7;66.8;65.4;64.3;
1428;1428.0;71.1;71.5;70.3;69.0;67.7;66.8;65.5;64.3;
1429;1429.0;71.1;71.5;70.4;69.0;67.7;66.8;65.5;64.3;
1430;1430.0;71.1;71.5;70.4;69.0;67.8;66.8;65.5;64.3;
1431;1431.0;71.1;71.5;70.4;69.0;67.8;66.9;65.5;64.4;
1432;1432.0;71.2;71.5;70.4;69.0;67.8;66.8;65.5;64.4;
1433;1433.0;71.2;71.5;70.4;69.0;67.8;66.8;65.5;64.4;
1434;1434.0;71.2;71.5;70.5;69.0;67.8;66.9;65.5;64.4;
1435;1435.0;71.2;71.5;70.5;69.0;67.8;67.0;65.5;64.4;
1436;1436.0;71.2;71.5;70.5;69.0;67.8;67.0;65.7;64.4;
1437;1437.0;71.2;71.5;70.5;69.0;67.8;67.0;65.7;64.4;
1438;1438.0;71.2;71.5;70.6;69.1;67.8;67.0;65.6;64.4;
1439;1439.0;71.2;71.5;70.6;69.1;68.0;67.0;65.6;64.4;
1440;1440.0;71.3;71.6;70.6;69.1;67.9;67.0;65.7;64.4;
1441;1441.0;71.3;71.7;70.6;69.2;67.9;67.0;65.7;64.5;
1442;1442.0;71.4;71.7;70.7;69.1;67.9;67.0;65.7;64.5;
1443;1443.0;71.3;71.7;70.6;69.1;68.0;67.0;65.7;64.5;
1444;1444.0;71.4;71.7;70.7;69.1;68.0;67.0;65.7;64.5;
1445;1445.0;71.4;71.7;70.7;69.2;68.0;67.0;65.7;64.5;
1446;1446.0;71.4;71.8;70.7;69.2;68.0;67.0;65.7;64.5;
1447;1447.0;71.4;71.9;70.7;69.2;68.1;67.0;65.7;64.5;
1448;1448.0;71.4;71.9;70.7;69.2;68.0;67.0;65.7;64.5;
1449;1449.0;71.5;71.9;70.7;69.2;68.1;67.1;65.7;64.5;
1450;1450.0;71.5;71.9;70.7;69.3;68.1;67.1;65.8;64.5;
1451;1451.0;71.5;71.9;70.7;69.3;68.1;67.1;65.8;64.5;
1452;1452.0;71.5;71.9;70.7;69.4;68.1;67.1;65.7;64.5;
1453;1453.0;71.5;71.9;70.8;69.4;68.1;67.2;65.9;64.6;
1454;1454.0;71.5;71.9;70.8;69.4;68.1;67.1;65.8;64.7;
1455;1455.0;71.5;72.0;70.8;69.4;68.2;67.2;65.9;64.7;
1456;1456.0;71.5;72.0;70.8;69.4;68.2;67.2;65.9;64.7;
1457;1457.0;71.5;72.1;70.8;69.4;68.2;67.3;65.9;64.7;
1458;1458.0;71.5;72.0;70.8;69.4;68.2;67.2;65.9;64.7;
1459;1459.0;71.5;72.1;70.8;69.4;68.2;67.3;66.0;64.7;
1460;1460.0;71.5;72.1;70.9;69.4;68.3;67.4;66.0;64.7;
1461;1461.0;71.5;72.1;70.9;69.4;68.2;67.3;66.0;64.7;
1462;1462.0;71.5;72.1;70.9;69.4;68.2;67.3;66.0;64.8;
1463;1463.0;71.5;72.1;70.9;69.4;68.2;67.4;66.0;64.8;
1464;1464.0;71.6;72.1;71.0;69.5;68.2;67.4;66.0;64.8;
1465;1465.0;71.5;72.2;71.0;69.5;68.3;67.4;66.0;64.8;
1466;1466.0;71.6;72.1;71.0;69.5;68.3;67.4;66.1;64.8;
1467;1467.0;71.6;72.2;71.0;69.6;68.3;67.4;66.1;64.9;
1468;1468.0;71.6;72.2;71.0;69.6;68.3;67.4;66.1;64.9;
1469;1469.0;71.6;72.2;71.1;69.6;68.4;67.4;66.1;64.9;
1470;1470.0;71.6;72.3;71.0;69.6;68.3;67.4;66.1;64.9;
1471;1471.0;71.7;72.2;71.1;69.6;68.4;67.4;66.1;64.9;
1472;1472.0;71.6;72.3;71.0;69.6;68.4;67.4;66.1;64.9;
1473;1473.0;71.7;72.3;71.1;69.7;68.4;67.4;66.1;64.9;
1474;1474.0;71.7;72.3;71.1;69.6;68.4;67.4;66.1;64.9;
1475;1475.0;71.8;72.3;71.1;69.7;68.5;67.5;66.1;65.0;
1476;1476.0;71.7;72.3;71.1;69.7;68.4;67.5;66.1;64.9;
1477;1477.0;71.8;72.3;71.1;69.7;68.5;67.6;66.1;64.9;
1478;1478.0;71.8;72.3;71.1;69.7;68.5;67.5;66.2;65.0;
1479;1479.0;71.8;72.4;71.1;69.7;68.5;67.6;66.2;65.0;
1480;1480.0;71.8;72.3;71.2;69.8;68.5;67.6;66.3;65.0;
1481;1481.0;71.9;72.4;71.2;69.8;68.5;67.7;66.3;65.0;
1482;1482.0;71.9;72.4;71.2;69.8;68.6;67.7;66.3;65.0;
1483;1483.0;71.9;72.4;71.2;69.8;68.6;67.6;66.2;65.0;
1484;1484.0;71.8;72.4;71.2;69.8;68.6;67.7;66.3;65.0;
1485;1485.0;71.9;72.4;71.2;69.9;68.6;67.6;66.3;65.1;
1486;1486.0;71.9;72.4;71.2;69.9;68.6;67.7;66.4;65.1;
1487;1487.0;71.9;72.4;71.3;69.9;68.6;67.7;66.4;65.1;
1488;1488.0;71.9;72.5;71.3;69.9;68.6;67.7;66.3;65.1;
1489;1489.0;71.9;72.5;71.3;69.9;68.6;67.7;66.4;65.1;
1490;1490.0;71.9;72.6;71.4;69.9;68.6;67.7;66.4;65.2;
1491;1491.0;71.9;72.5;71.3;69.9;68.7;67.7;66.4;65.2;
1492;1492.0;71.9;72.6;71.4;69.9;68.6;67.8;66.4;65.2;
1493;1493.0;71.9;72.6;71.4;69.9;68.7;67.8;66.4;65.2;
1494;1494.0;71.9;72.6;71.4;70.0;68.7;67.8;66.4;65.2;
1495;1495.0;72.0;72.6;71.5;70.0;68.7;67.8;66.5;65.2;
1496;1496.0;72.0;72.6;71.5;70.0;68.7;67.8;66.5;65.3;
1497;1497.0;72.0;72.7;71.5;70.0;68.7;67.8;66.5;65.3;
1498;1498.0;72.0;72.7;71.5;70.0;68.7;67.8;66.5;65.3;
1499;1499.0;72.0;72.7;71.5;70.0;68.9;67.8;66.5;65.3;
1500;1500.0;72.0;72.8;71.5;70.1;68.9;67.8;66.5;65.3;
1501;1501.0;72.0;72.7;71.5;70.1;68.9;67.9;66.6;65.3;
1502;1502.0;72.0;72.8;71.5;70.1;68.9;67.9;66.6;65.3;
1503;1503.0;72.1;72.8;71.5;70.1;68.9;67.9;66.6;65.3;
1504;1504.0;72.2;72.8;71.5;70.1;68.9;67.9;66.6;65.3;
1505;1505.0;72.0;72.8;71.5;70.1;68.9;68.0;66.6;65.4;
1506;1506.0;72.2;72.8;71.6;70.3;68.9;68.0;66.6;65.3;
1507;1507.0;72.2;72.8;71.6;70.2;69.0;68.0;66.6;65.4;
1508;1508.0;72.3;72.8;71.6;70.2;69.0;68.0;66.6;65.4;
1509;1509.0;72.2;72.8;71.6;70.2;69.0;68.0;66.6;65.4;
1510;1510.0;72.3;72.8;71.6;70.2;69.0;68.1;66.7;65.4;
1511;1511.0;72.3;72.8;71.6;70.3;69.0;68.1;66.7;65.4;
1512;1512.0;72.3;72.8;71.6;70.3;69.0;68.1;66.7;65.4;
1513;1513.0;72.3;72.9;71.7;70.3;69.0;68.1;66.7;65.4;
1514;1514.0;72.3;72.8;71.6;70.3;69.0;68.1;66.7;65.5;
1515;1515.0;72.3;72.9;71.7;70.3;69.0;68.1;66.8;65.6;
1516;1516.0;72.3;72.9;71.7;70.3;69.0;68.1;66.8;65.5;
1517;1517.0;72.3;72.9;71.7;70.3;69.0;68.2;66.7;65.6;
1518;1518.0;72.3;73.0;71.7;70.3;69.0;68.2;66.8;65.6;
1519;1519.0;72.4;73.0;71.8;70.4;69.1;68.2;66.8;65.6;
1520;1520.0;72.4;73.0;71.8;70.4;69.1;68.2;66.8;65.6;
1521;1521.0;72.4;73.0;71.8;70.3;69.1;68.2;66.8;65.6;
1522;1522.0;72.4;73.0;71.9;70.4;69.2;68.2;66.9;65.6;
1523;1523.0;72.4;73.1;71.9;70.4;69.1;68.2;66.9;65.7;
1524;1524.0;72.4;73.1;71.9;70.4;69.1;68.2;67.0;65.7;
1525;1525.0;72.4;73.1;71.9;70.4;69.1;68.2;67.0;65.7;
1526;1526.0;72.4;73.1;71.9;70.4;69.2;68.2;67.0;65.7;
1527;1527.0;72.4;73.1;71.9;70.5;69.2;68.3;67.0;65.7;
1528;1528.0;72.4;73.1;71.9;70.4;69.3;68.3;67.0;65.7;
1529;1529.0;72.4;73.2;71.9;70.5;69.3;68.3;67.0;65.7;
1530;1530.0;72.5;73.2;71.9;70.5;69.3;68.3;67.0;65.7;
1531;1531.0;72.5;73.2;71.9;70.5;69.3;68.3;67.0;65.7;
1532;1532.0;72.5;73.1;71.9;70.6;69.3;68.3;67.0;65.7;
1533;1533.0;72.5;73.2;71.9;70.5;69.4;68.3;67.0;65.7;
1534;1534.0;72.5;73.2;72.0;70.6;69.4;68.4;67.0;65.7;
1535;1535.0;72.5;73.2;71.9;70.6;69.4;68.4;67.0;65.7;
1536;1536.0;72.5;73.2;72.0;70.6;69.4;68.4;67.0;65.7;
1537;1537.0;72.7;73.2;72.1;70.7;69.4;68.4;67.0;65.8;
1538;1538.0;72.7;73.2;72.1;70.7;69.4;68.4;67.0;65.8;
1539;1539.0;72.7;73.2;72.1;70.7;69.4;68.5;67.0;65.8;
1540;1540.0;72.7;73.2;72.1;70.7;69.4;68.4;67.1;65.8;
1541;1541.0;72.6;73.3;72.2;70.7;69.4;68.5;67.2;65.9;
1542;1542.0;72.7;73.4;72.1;70.7;69.4;68.5;67.2;65.8;
1543;1543.0;72.7;73.3;72.1;70.7;69.4;68.5;67.2;65.9;
1544;1544.0;72.7;73.4;72.2;70.7;69.4;68.5;67.2;66.0;
1545;1545.0;72.7;73.4;72.1;70.7;69.5;68.6;67.3;66.0;
1546;1546.0;72.8;73.4;72.3;70.7;69.5;68.6;67.2;65.9;
1547;1547.0;72.7;73.4;72.2;70.7;69.5;68.6;67.2;66.0;
1548;1548.0;72.8;73.4;72.3;70.7;69.5;68.6;67.3;66.0;
1549;1549.0;72.8;73.4;72.3;70.7;69.5;68.6;67.2;66.0;
1550;1550.0;72.8;73.4;72.3;70.7;69.6;68.6;67.3;66.0;
1551;1551.0;72.8;73.4;72.3;70.8;69.6;68.6;67.3;66.0;
1552;1552.0;72.8;73.5;72.3;70.8;69.6;68.6;67.3;66.0;
1553;1553.0;72.8;73.5;72.4;70.8;69.6;68.6;67.3;66.1;
1554;1554.0;72.8;73.5;72.4;70.9;69.6;68.6;67.3;66.1;
1555;1555.0;72.8;73.5;72.3;70.9;69.6;68.6;67.4;66.1;
1556;1556.0;72.8;73.5;72.4;70.9;69.6;68.6;67.3;66.1;
1557;1557.0;72.8;73.5;72.5;70.9;69.6;68.6;67.4;66.1;
1558;1558.0;72.8;73.6;72.5;70.9;69.7;68.7;67.4;66.1;
1559;1559.0;72.8;73.5;72.5;71.0;69.7;68.7;67.4;66.1;
1560;1560.0;72.8;73.6;72.5;71.0;69.7;68.7;67.4;66.1;
1561;1561.0;72.8;73.6;72.5;71.0;69.7;68.7;67.4;66.1;
1562;1562.0;72.8;73.6;72.5;71.1;69.7;68.8;67.4;66.1;
1563;1563.0;72.8;73.6;72.5;71.0;69.7;68.7;67.4;66.2;
1564;1564.0;72.8;73.6;72.5;71.0;69.7;68.9;67.4;66.1;
1565;1565.0;72.8;73.6;72.5;71.0;69.8;68.9;67.5;66.2;
1566;1566.0;72.9;73.6;72.6;71.1;69.8;68.9;67.5;66.2;
1567;1567.0;72.9;73.7;72.6;71.1;69.8;68.9;67.5;66.2;
1568;1568.0;72.9;73.7;72.6;71.1;69.8;68.9;67.5;66.2;
1569;1569.0;72.9;73.7;72.7;71.1;69.9;68.9;67.6;66.2;
1570;1570.0;72.9;73.7;72.6;71.1;69.8;68.9;67.5;66.3;
1571;1571.0;73.0;73.7;72.6;71.1;69.9;68.9;67.6;66.2;
1572;1572.0;73.0;73.7;72.7;71.1;69.9;69.0;67.6;66.3;
1573;1573.0;73.0;73.8;72.7;71.1;69.9;69.0;67.6;66.4;
1574;1574.0;73.0;73.8;72.7;71.1;69.9;69.0;67.6;66.3;
1575;1575.0;73.0;73.8;72.8;71.1;69.9;69.0;67.6;66.3;
1576;1576.0;73.1;73.8;72.8;71.1;69.9;69.0;67.7;66.4;
1577;1577.0;73.1;73.8;72.8;71.1;69.9;69.0;67.6;66.4;
1578;1578.0;73.1;73.9;72.8;71.2;69.9;69.0;67.7;66.4;
1579;1579.0;73.1;73.8;72.8;71.1;69.9;69.0;67.7;66.4;
1580;1580.0;73.1;73.8;72.8;71.2;70.0;69.0;67.7;66.4;
1581;1581.0;73.2;73.8;72.8;71.3;70.0;69.0;67.7;66.4;
1582;1582.0;73.2;73.9;72.8;71.3;70.0;69.0;67.8;66.4;
1583;1583.0;73.2;73.9;72.8;71.3;70.0;69.0;67.7;66.4;
1584;1584.0;73.1;74.0;72.8;71.3;70.0;69.0;67.7;66.5;
1585;1585.0;73.2;73.9;72.8;71.3;70.0;69.0;67.8;66.5;
1586;1586.0;73.2;74.0;72.8;71.3;70.1;69.1;67.8;66.5;
1587;1587.0;73.2;74.0;72.9;71.4;70.1;69.1;67.8;66.5;
1588;1588.0;73.2;74.0;72.8;71.4;70.1;69.1;67.8;66.5;
1589;1589.0;73.2;74.0;72.9;71.4;70.2;69.1;67.8;66.5;
1590;1590.0;73.2;74.0;72.9;71.4;70.2;69.1;67.8;66.5;
1591;1591.0;73.2;74.0;72.9;71.4;70.2;69.1;67.8;66.5;
1592;1592.0;73.2;74.0;72.9;71.4;70.2;69.2;67.9;66.5;
1593;1593.0;73.2;74.1;72.9;71.4;70.2;69.2;67.9;66.5;
1594;1594.0;73.2;74.0;73.0;71.5;70.3;69.2;67.9;66.6;
1595;1595.0;73.3;74.0;73.0;71.5;70.2;69.2;67.9;66.6;
1596;1596.0;73.2;74.1;73.0;71.5;70.3;69.3;67.9;66.6;
1597;1597.0;73.3;74.1;73.0;71.4;70.3;69.3;67.9;66.6;
1598;1598.0;73.2;74.1;73.0;71.5;70.3;69.3;67.9;66.6;
1599;1599.0;73.3;74.1;73.0;71.5;70.3;69.3;67.9;66.6;
1600;1600.0;73.3;74.1;73.1;71.5;70.3;69.4;67.9;66.6;
1601;1601.0;73.3;74.1;73.1;71.5;70.3;69.4;67.9;66.7;
1602;1602.0;73.4;74.2;73.1;71.5;70.3;69.4;68.0;66.7;
1603;1603.0;73.4;74.2;73.2;71.5;70.3;69.4;67.9;66.7;
1604;1604.0;73.3;74.2;73.2;71.6;70.3;69.4;68.0;66.7;
1605;1605.0;73.4;74.2;73.2;71.5;70.3;69.4;68.0;66.7;
1606;1606.0;73.4;74.2;73.2;71.7;70.3;69.4;68.0;66.7;
1607;1607.0;73.4;74.3;73.2;71.7;70.4;69.4;68.1;66.7;
1608;1608.0;73.4;74.3;73.2;71.8;70.4;69.4;68.1;66.8;
1609;1609.0;73.4;74.3;73.2;71.7;70.3;69.4;68.1;66.7;
1610;1610.0;73.4;74.3;73.2;71.8;70.4;69.4;68.1;66.8;
1611;1611.0;73.4;74.3;73.2;71.8;70.3;69.4;68.2;66.8;
1612;1612.0;73.4;74.4;73.2;71.8;70.4;69.5;68.1;66.8;
1613;1613.0;73.4;74.3;73.2;71.8;70.4;69.4;68.1;66.9;
1614;1614.0;73.5;74.3;73.2;71.8;70.4;69.5;68.2;66.9;
1615;1615.0;73.5;74.4;73.2;71.9;70.4;69.5;68.2;66.9;
1616;1616.0;73.5;74.4;73.2;71.9;70.5;69.5;68.2;66.9;
1617;1617.0;73.5;74.4;73.3;71.9;70.4;69.5;68.2;66.9;
1618;1618.0;73.5;74.4;73.2;71.9;70.6;69.6;68.2;66.9;
1619;1619.0;73.5;74.4;73.3;71.9;70.6;69.6;68.2;66.9;
1620;1620.0;73.5;74.4;73.3;71.9;70.6;69.6;68.2;67.0;
1621;1621.0;73.6;74.4;73.4;71.9;70.6;69.6;68.2;67.0;
1622;1622.0;73.5;74.4;73.4;71.9;70.6;69.7;68.2;67.0;
1623;1623.0;73.6;74.4;73.4;71.9;70.6;69.6;68.2;67.0;
1624;1624.0;73.6;74.4;73.4;71.9;70.6;69.7;68.2;67.0;
1625;1625.0;73.6;74.4;73.4;72.0;70.7;69.6;68.3;67.0;
1626;1626.0;73.6;74.4;73.5;71.9;70.7;69.7;68.3;67.0;
1627;1627.0;73.6;74.4;73.5;72.0;70.7;69.7;68.3;67.0;
1628;1628.0;73.6;74.5;73.5;71.9;70.7;69.7;68.3;67.0;
1629;1629.0;73.6;74.5;73.5;72.0;70.7;69.7;68.3;67.0;
1630;1630.0;73.6;74.5;73.5;72.0;70.7;69.7;68.3;67.0;
1631;1631.0;73.6;74.5;73.5;72.0;70.7;69.7;68.3;67.0;
1632;1632.0;73.6;74.5;73.5;72.1;70.7;69.8;68.4;67.0;
1633;1633.0;73.6;74.5;73.5;72.0;70.7;69.8;68.4;67.0;
1634;1634.0;73.6;74.6;73.5;72.1;70.7;69.7;68.4;67.1;
1635;1635.0;73.7;74.6;73.6;72.1;70.7;69.8;68.5;67.0;
1636;1636.0;73.7;74.7;73.6;72.1;70.7;69.8;68.5;67.1;
1637;1637.0;73.7;74.7;73.6;72.2;70.8;69.8;68.5;67.1;
1638;1638.0;73.7;74.7;73.6;72.2;70.8;69.9;68.5;67.1;
1639;1639.0;73.7;74.7;73.6;72.2;70.8;69.9;68.5;67.1;
1640;1640.0;73.7;74.7;73.6;72.2;70.8;69.9;68.6;67.2;
1641;1641.0;73.7;74.7;73.6;72.2;70.9;69.9;68.6;67.2;
1642;1642.0;73.7;74.7;73.6;72.2;70.9;69.9;68.6;67.2;
1643;1643.0;73.8;74.7;73.6;72.3;70.9;69.9;68.6;67.2;
1644;1644.0;73.8;74.7;73.6;72.3;70.9;69.9;68.6;67.2;
1645;1645.0;73.8;74.7;73.6;72.3;70.9;69.9;68.6;67.3;
1646;1646.0;73.7;74.8;73.7;72.3;70.9;69.9;68.6;67.2;
1647;1647.0;73.8;74.8;73.7;72.3;70.9;69.9;68.6;67.3;
1648;1648.0;73.8;74.8;73.8;72.3;71.0;69.9;68.6;67.3;
1649;1649.0;73.8;74.8;73.8;72.3;70.9;69.9;68.6;67.3;
1650;1650.0;73.8;74.8;73.8;72.3;71.0;69.9;68.6;67.3;
1651;1651.0;73.8;74.8;73.8;72.3;71.0;70.0;68.6;67.3;
1652;1652.0;73.8;74.9;73.8;72.3;71.0;70.0;68.6;67.3;
1653;1653.0;73.9;74.8;73.8;72.3;71.0;70.0;68.6;67.3;
1654;1654.0;73.9;74.8;73.8;72.3;71.0;70.0;68.6;67.4;
1655;1655.0;73.9;74.9;73.8;72.3;71.0;70.0;68.6;67.4;
1656;1656.0;73.9;74.9;73.9;72.4;71.1;70.0;68.6;67.4;
1657;1657.0;74.0;74.9;73.8;72.3;71.1;70.1;68.7;67.4;
1658;1658.0;74.0;74.9;73.8;72.4;71.1;70.1;68.7;67.4;
1659;1659.0;74.0;74.9;73.9;72.4;71.1;70.1;68.7;67.4;
1660;1660.0;74.0;75.0;73.9;72.4;71.1;70.2;68.7;67.4;
1661;1661.0;74.0;74.9;73.9;72.4;71.1;70.2;68.7;67.4;
1662;1662.0;74.0;75.0;73.9;72.5;71.1;70.1;68.7;67.4;
1663;1663.0;74.0;75.0;73.9;72.5;71.1;70.2;68.8;67.4;
1664;1664.0;74.0;75.0;73.9;72.5;71.1;70.2;68.8;67.4;
1665;1665.0;74.0;75.0;74.0;72.5;71.2;70.3;68.9;67.5;
1666;1666.0;74.0;75.0;74.0;72.5;71.1;70.3;68.8;67.5;
1667;1667.0;74.0;75.1;74.0;72.6;71.2;70.3;68.9;67.5;
1668;1668.0;74.0;75.1;74.0;72.6;71.2;70.3;68.9;67.5;
1669;1669.0;74.0;75.1;74.0;72.6;71.2;70.3;68.9;67.6;
1670;1670.0;74.0;75.1;74.0;72.6;71.2;70.3;68.9;67.6;
1671;1671.0;74.0;75.1;74.0;72.7;71.2;70.3;69.0;67.6;
1672;1672.0;74.0;75.1;74.0;72.7;71.2;70.3;69.0;67.6;
1673;1673.0;74.0;75.1;74.0;72.6;71.2;70.3;69.0;67.6;
1674;1674.0;74.1;75.1;74.1;72.7;71.2;70.3;69.0;67.6;
1675;1675.0;74.1;75.1;74.0;72.7;71.2;70.3;69.0;67.6;
1676;1676.0;74.1;75.2;74.1;72.7;71.3;70.3;69.0;67.6;
1677;1677.0;74.1;75.2;74.1;72.7;71.3;70.3;69.0;67.6;
1678;1678.0;74.1;75.2;74.1;72.7;71.3;70.3;69.0;67.6;
1679;1679.0;74.1;75.2;74.1;72.8;71.4;70.4;69.0;67.6;
1680;1680.0;74.1;75.2;74.2;72.8;71.4;70.3;69.0;67.6;
1681;1681.0;74.1;75.2;74.2;72.8;71.4;70.3;69.0;67.6;
1682;1682.0;74.1;75.2;74.1;72.8;71.3;70.4;69.1;67.7;
1683;1683.0;74.2;75.3;74.2;72.8;71.5;70.4;69.0;67.7;
1684;1684.0;74.2;75.3;74.2;72.8;71.5;70.4;69.1;67.7;
1685;1685.0;74.2;75.3;74.2;72.8;71.5;70.4;69.1;67.7;
1686;1686.0;74.2;75.3;74.2;72.8;71.5;70.4;69.0;67.7;
1687;1687.0;74.2;75.3;74.2;72.8;71.5;70.4;69.1;67.8;
1688;1688.0;74.2;75.3;74.2;72.8;71.5;70.5;69.1;67.8;
1689;1689.0;74.2;75.4;74.3;72.8;71.5;70.6;69.1;67.8;
1690;1690.0;74.2;75.4;74.3;72.9;71.5;70.5;69.1;67.8;
1691;1691.0;74.3;75.3;74.3;72.9;71.5;70.5;69.2;67.8;
1692;1692.0;74.4;75.4;74.3;72.9;71.5;70.6;69.2;67.8;
1693;1693.0;74.3;75.4;74.3;72.9;71.5;70.6;69.2;67.8;
1694;1694.0;74.4;75.4;74.4;72.9;71.5;70.6;69.2;67.8;
1695;1695.0;74.3;75.4;74.4;72.9;71.5;70.6;69.2;67.8;
1696;1696.0;74.4;75.4;74.4;72.9;71.5;70.6;69.2;67.9;
1697;1697.0;74.4;75.5;74.4;72.9;71.5;70.7;69.3;67.9;
1698;1698.0;74.4;75.4;74.4;72.9;71.5;70.7;69.3;67.9;
1699;1699.0;74.4;75.5;74.4;73.0;71.6;70.7;69.3;67.9;
1700;1700.0;74.4;75.5;74.4;73.0;71.6;70.7;69.3;67.9;
1701;1701.0;74.4;75.6;74.4;73.0;71.6;70.7;69.3;67.9;
1702;1702.0;74.4;75.6;74.4;73.0;71.6;70.7;69.3;67.9;
1703;1703.0;74.4;75.6;74.4;73.0;71.6;70.7;69.3;67.9;
1704;1704.0;74.4;75.6;74.5;73.0;71.6;70.7;69.3;68.0;
1705;1705.0;74.4;75.6;74.5;73.1;71.6;70.7;69.4;68.0;
1706;1706.0;74.4;75.6;74.5;73.1;71.7;70.7;69.4;68.0;
1707;1707.0;74.4;75.7;74.5;73.1;71.7;70.7;69.4;68.0;
1708;1708.0;74.4;75.6;74.5;73.1;71.7;70.7;69.4;68.0;
1709;1709.0;74.4;75.7;74.5;73.2;71.7;70.7;69.4;68.0;
1710;1710.0;74.4;75.7;74.5;73.2;71.7;70.8;69.4;68.0;
1711;1711.0;74.5;75.7;74.6;73.1;71.8;70.8;69.4;68.0;
1712;1712.0;74.4;75.7;74.6;73.1;71.8;70.8;69.4;68.0;
1713;1713.0;74.5;75.7;74.6;73.2;71.8;70.8;69.4;68.0;
1714;1714.0;74.4;75.7;74.6;73.2;71.8;70.8;69.4;68.1;
1715;1715.0;74.4;75.7;74.6;73.2;71.8;70.9;69.4;68.1;
1716;1716.0;74.4;75.7;74.6;73.2;71.8;70.8;69.4;68.1;
1717;1717.0;74.5;75.7;74.7;73.2;71.9;70.9;69.5;68.2;
1718;1718.0;74.6;75.7;74.7;73.2;71.9;70.9;69.5;68.2;
1719;1719.0;74.5;75.7;74.7;73.2;71.9;70.9;69.5;68.2;
1720;1720.0;74.6;75.7;74.7;73.2;71.9;70.9;69.5;68.2;
1721;1721.0;74.6;75.7;74.7;73.2;71.9;70.9;69.5;68.2;
1722;1722.0;74.6;75.7;74.7;73.2;71.9;71.0;69.5;68.2;
1723;1723.0;74.6;75.7;74.8;73.2;71.9;71.0;69.5;68.2;
1724;1724.0;74.6;75.8;74.7;73.3;71.9;71.0;69.5;68.2;
1725;1725.0;74.6;75.7;74.8;73.3;71.9;71.0;69.6;68.2;
1726;1726.0;74.7;75.8;74.8;73.3;71.9;71.0;69.5;68.2;
1727;1727.0;74.6;75.8;74.8;73.3;71.9;71.0;69.6;68.2;
1728;1728.0;74.7;75.8;74.8;73.3;71.9;71.0;69.6;68.2;
1729;1729.0;74.7;75.9;74.8;73.3;71.9;71.0;69.6;68.2;
1730;1730.0;74.7;75.8;74.8;73.4;71.9;71.0;69.6;68.2;
1731;1731.0;74.7;75.9;74.8;73.4;72.0;71.1;69.6;68.2;
1732;1732.0;74.7;75.9;74.8;73.4;72.0;71.1;69.7;68.2;
1733;1733.0;74.7;76.0;74.8;73.5;72.0;71.1;69.7;68.2;
1734;1734.0;74.7;76.0;74.8;73.5;72.0;71.1;69.7;68.2;
1735;1735.0;74.7;76.0;74.8;73.5;72.1;71.1;69.8;68.3;
1736;1736.0;74.8;76.0;74.8;73.5;72.1;71.1;69.8;68.3;
1737;1737.0;74.8;76.0;74.9;73.6;72.1;71.1;69.8;68.3;
1738;1738.0;74.7;76.0;74.8;73.5;72.1;71.1;69.8;68.3;
1739;1739.0;74.8;76.0;74.9;73.5;72.1;71.1;69.9;68.3;
1740;1740.0;74.8;76.0;74.9;73.6;72.1;71.1;69.8;68.4;
1741;1741.0;74.8;76.0;74.9;73.6;72.2;71.1;69.8;68.4;
1742;1742.0;74.8;76.0;75.0;73.6;72.2;71.2;69.8;68.4;
1743;1743.0;74.8;76.1;75.0;73.6;72.3;71.2;69.9;68.4;
1744;1744.0;74.8;76.0;74.9;73.6;72.2;71.2;69.9;68.4;
1745;1745.0;74.8;76.1;75.0;73.6;72.3;71.2;69.9;68.4;
1746;1746.0;74.8;76.1;75.0;73.6;72.3;71.2;69.9;68.4;
1747;1747.0;74.8;76.1;75.0;73.6;72.3;71.2;69.9;68.4;
1748;1748.0;74.8;76.1;75.1;73.6;72.3;71.2;69.9;68.5;
1749;1749.0;74.8;76.1;75.0;73.6;72.3;71.3;69.9;68.4;
1750;1750.0;74.8;76.1;75.1;73.6;72.3;71.3;69.9;68.6;
1751;1751.0;74.8;76.1;75.1;73.6;72.3;71.3;69.9;68.6;
1752;1752.0;74.9;76.2;75.1;73.6;72.3;71.3;69.9;68.6;
1753;1753.0;74.8;76.2;75.1;73.7;72.4;71.3;69.9;68.6;
1754;1754.0;74.8;76.2;75.1;73.7;72.4;71.3;69.9;68.6;
1755;1755.0;74.9;76.2;75.1;73.7;72.5;71.3;69.9;68.6;
1756;1756.0;74.9;76.2;75.1;73.7;72.5;71.4;69.9;68.6;
1757;1757.0;74.9;76.2;75.2;73.7;72.5;71.4;70.0;68.6;
1758;1758.0;75.0;76.2;75.2;73.7;72.5;71.4;69.9;68.6;
1759;1759.0;74.9;76.2;75.2;73.8;72.5;71.4;70.0;68.6;
1760;1760.0;74.9;76.2;75.2;73.7;72.5;71.5;70.0;68.6;
1761;1761.0;75.0;76.3;75.2;73.8;72.5;71.5;70.0;68.6;
1762;1762.0;75.0;76.3;75.2;73.8;72.5;71.5;70.1;68.6;
1763;1763.0;75.0;76.3;75.2;73.8;72.5;71.5;70.0;68.6;
1764;1764.0;75.0;76.3;75.2;73.9;72.5;71.5;70.1;68.6;
1765;1765.0;75.0;76.3;75.2;73.9;72.5;71.5;70.0;68.6;
1766;1766.0;75.0;76.3;75.3;73.9;72.6;71.5;70.1;68.6;
1767;1767.0;75.0;76.4;75.3;73.9;72.5;71.5;70.1;68.6;
1768;1768.0;75.0;76.4;75.2;73.9;72.6;71.5;70.2;68.7;
1769;1769.0;75.0;76.4;75.3;73.9;72.6;71.5;70.2;68.7;
1770;1770.0;75.0;76.4;75.3;73.9;72.6;71.5;70.2;68.8;
1771;1771.0;75.0;76.4;75.3;74.0;72.7;71.5;70.2;68.7;
1772;1772.0;75.1;76.4;75.3;74.0;72.7;71.5;70.2;68.8;
1773;1773.0;75.0;76.4;75.4;74.0;72.7;71.5;70.2;68.8;
1774;1774.0;75.1;76.5;75.3;74.0;72.7;71.6;70.2;68.8;
1775;1775.0;75.1;76.4;75.4;74.0;72.7;71.5;70.3;68.8;
1776;1776.0;75.1;76.5;75.4;74.0;72.8;71.6;70.3;68.8;
1777;1777.0;75.2;76.5;75.4;74.0;72.8;71.6;70.3;68.8;
1778;1778.0;75.1;76.5;75.4;74.0;72.7;71.6;70.3;68.8;
1779;1779.0;75.1;76.5;75.4;74.0;72.8;71.6;70.3;68.8;
1780;1780.0;75.2;76.5;75.4;74.0;72.8;71.7;70.3;68.8;
1781;1781.0;75.2;76.5;75.5;74.0;72.8;71.6;70.3;68.9;
1782;1782.0;75.2;76.5;75.4;74.0;72.8;71.6;70.3;68.9;
1783;1783.0;75.1;76.5;75.5;74.0;72.8;71.6;70.3;68.9;
1784;1784.0;75.1;76.5;75.5;74.0;72.8;71.7;70.3;68.9;
1785;1785.0;75.2;76.6;75.5;74.1;72.8;71.7;70.3;68.9;
1786;1786.0;75.2;76.6;75.5;74.1;72.8;71.7;70.3;68.9;
1787;1787.0;75.2;76.6;75.5;74.1;72.8;71.7;70.3;69.0;
1788;1788.0;75.2;76.6;75.6;74.1;72.8;71.7;70.3;69.0;
1789;1789.0;75.2;76.6;75.5;74.1;72.8;71.7;70.4;69.0;
1790;1790.0;75.2;76.6;75.6;74.2;72.8;71.9;70.4;69.0;
1791;1791.0;75.3;76.7;75.6;74.2;72.9;71.8;70.4;69.0;
1792;1792.0;75.2;76.6;75.6;74.2;72.8;71.8;70.4;69.0;
1793;1793.0;75.3;76.7;75.6;74.2;72.9;71.9;70.4;69.0;
1794;1794.0;75.3;76.7;75.6;74.2;72.9;71.8;70.5;69.0;
1795;1795.0;75.3;76.7;75.6;74.2;72.9;71.9;70.5;69.0;
1796;1796.0;75.3;76.7;75.7;74.2;72.9;71.9;70.5;69.0;
1797;1797.0;75.3;76.7;75.7;74.2;72.9;71.9;70.5;69.0;
1798;1798.0;75.3;76.7;75.7;74.2;72.9;71.9;70.5;69.0;
1799;1799.0;75.3;76.7;75.7;74.3;73.0;71.9;70.5;69.0;
1800;1800.0;75.3;76.7;75.7;74.2;73.0;71.9;70.6;69.0;
1801;1801.0;75.3;76.8;75.7;74.2;73.0;71.9;70.5;69.1;
1802;1802.0;75.3;76.7;75.7;74.3;73.0;71.9;70.6;69.0;
1803;1803.0;75.4;76.8;75.7;74.3;73.0;71.9;70.6;69.1;
1804;1804.0;75.3;76.8;75.8;74.3;73.0;71.9;70.6;69.1;
1805;1805.0;75.4;76.8;75.7;74.4;73.0;71.9;70.6;69.0;
1806;1806.0;75.4;76.9;75.8;74.4;73.1;71.9;70.6;69.1;
1807;1807.0;75.4;76.9;75.8;74.4;73.1;72.0;70.6;69.2;
1808;1808.0;75.4;76.9;75.8;74.4;73.1;71.9;70.6;69.1;
1809;1809.0;75.4;76.9;75.8;74.4;73.2;72.0;70.6;69.2;
1810;1810.0;75.4;76.9;75.8;74.4;73.2;72.0;70.6;69.2;
1811;1811.0;75.4;76.9;75.8;74.4;73.2;72.0;70.6;69.2;
1812;1812.0;75.5;76.9;75.8;74.4;73.2;72.0;70.7;69.2;
1813;1813.0;75.4;76.9;75.8;74.4;73.2;72.0;70.7;69.2;
1814;1814.0;75.4;76.9;75.9;74.4;73.2;72.1;70.7;69.2;
1815;1815.0;75.5;76.9;75.9;74.4;73.2;72.1;70.7;69.3;
1816;1816.0;75.4;76.9;75.8;74.4;73.2;72.1;70.7;69.3;
1817;1817.0;75.6;76.9;75.9;74.5;73.2;72.1;70.7;69.3;
1818;1818.0;75.6;77.0;76.0;74.5;73.2;72.1;70.7;69.3;
1819;1819.0;75.5;76.9;76.0;74.5;73.2;72.1;70.7;69.3;
1820;1820.0;75.6;76.9;75.9;74.5;73.2;72.1;70.7;69.3;
1821;1821.0;75.6;77.0;75.9;74.5;73.2;72.2;70.7;69.4;
1822;1822.0;75.5;76.9;76.0;74.5;73.2;72.2;70.8;69.3;
1823;1823.0;75.6;77.0;76.0;74.5;73.2;72.3;70.8;69.3;
1824;1824.0;75.7;77.0;76.0;74.5;73.2;72.3;70.8;69.3;
1825;1825.0;75.6;77.0;76.0;74.5;73.3;72.3;70.8;69.3;
1826;1826.0;75.6;77.0;76.1;74.5;73.4;72.3;70.8;69.4;
1827;1827.0;75.6;77.0;76.1;74.6;73.3;72.3;70.8;69.4;
1828;1828.0;75.7;77.1;76.1;74.6;73.4;72.3;70.8;69.4;
1829;1829.0;75.6;77.1;76.1;74.6;73.3;72.3;70.8;69.4;
1830;1830.0;75.7;77.1;76.1;74.6;73.3;72.3;70.9;69.4;
1831;1831.0;75.7;77.2;76.1;74.6;73.4;72.3;70.9;69.4;
1832;1832.0;75.7;77.1;76.1;74.7;73.4;72.4;70.9;69.4;
1833;1833.0;75.7;77.1;76.1;74.7;73.4;72.4;70.9;69.4;
1834;1834.0;75.7;77.1;76.1;74.7;73.4;72.4;70.9;69.4;
1835;1835.0;75.7;77.2;76.1;74.7;73.4;72.5;70.9;69.5;
1836;1836.0;75.7;77.1;76.1;74.8;73.5;72.4;70.9;69.4;
1837;1837.0;75.7;77.2;76.1;74.8;73.5;72.5;71.0;69.5;
1838;1838.0;75.7;77.3;76.1;74.8;73.5;72.5;71.0;69.5;
1839;1839.0;75.7;77.3;76.1;74.8;73.5;72.5;71.0;69.5;
1840;1840.0;75.7;77.3;76.1;74.8;73.5;72.5;71.0;69.5;
1841;1841.0;75.7;77.3;76.2;74.8;73.5;72.5;71.0;69.5;
1842;1842.0;75.7;77.3;76.1;74.8;73.6;72.5;71.0;69.5;
1843;1843.0;75.7;77.3;76.2;74.8;73.5;72.5;71.1;69.5;
1844;1844.0;75.7;77.3;76.2;74.8;73.5;72.5;71.1;69.6;
1845;1845.0;75.7;77.3;76.2;74.8;73.5;72.5;71.1;69.5;
1846;1846.0;75.7;77.3;76.2;74.8;73.6;72.5;71.1;69.6;
1847;1847.0;75.8;77.3;76.2;74.8;73.6;72.6;71.1;69.6;
1848;1848.0;75.8;77.3;76.2;74.8;73.6;72.6;71.1;69.6;
1849;1849.0;75.8;77.3;76.3;74.8;73.6;72.6;71.1;69.6;
1850;1850.0;75.8;77.3;76.3;74.8;73.6;72.6;71.1;69.6;
1851;1851.0;75.7;77.3;76.4;74.8;73.6;72.6;71.1;69.6;
1852;1852.0;75.8;77.3;76.3;74.8;73.6;72.6;71.1;69.7;
1853;1853.0;75.9;77.3;76.3;74.9;73.6;72.7;71.1;69.6;
1854;1854.0;75.8;77.3;76.4;74.8;73.6;72.7;71.1;69.6;
1855;1855.0;75.9;77.4;76.4;74.9;73.6;72.8;71.2;69.7;
1856;1856.0;75.9;77.4;76.4;74.9;73.6;72.7;71.1;69.7;
1857;1857.0;75.9;77.3;76.4;74.9;73.6;72.8;71.2;69.7;
1858;1858.0;75.9;77.4;76.4;74.9;73.6;72.8;71.2;69.7;
1859;1859.0;75.9;77.4;76.4;74.9;73.6;72.8;71.2;69.7;
1860;1860.0;75.9;77.5;76.4;75.0;73.6;72.8;71.2;69.8;
1861;1861.0;76.0;77.5;76.5;75.0;73.7;72.8;71.2;69.7;
1862;1862.0;76.0;77.5;76.4;75.0;73.7;72.8;71.2;69.8;
1863;1863.0;76.0;77.5;76.5;75.0;73.7;72.8;71.2;69.8;
1864;1864.0;76.0;77.5;76.5;75.0;73.8;72.8;71.2;69.8;
1865;1865.0;76.0;77.5;76.5;75.0;73.8;72.8;71.3;69.9;
1866;1866.0;76.0;77.5;76.5;75.0;73.8;72.8;71.3;69.9;
1867;1867.0;76.0;77.6;76.5;75.1;73.8;72.8;71.3;69.9;
1868;1868.0;76.0;77.6;76.5;75.1;73.8;72.8;71.3;69.9;
1869;1869.0;76.0;77.6;76.5;75.2;73.8;72.8;71.3;69.9;
1870;1870.0;76.0;77.6;76.5;75.2;73.8;72.8;71.3;69.9;
1871;1871.0;76.0;77.6;76.5;75.2;73.8;72.8;71.3;69.9;
1872;1872.0;76.1;77.6;76.5;75.2;73.8;72.8;71.4;69.9;
1873;1873.0;76.1;77.7;76.6;75.2;73.8;72.9;71.4;69.9;
1874;1874.0;76.1;77.6;76.6;75.2;73.9;72.9;71.4;69.9;
1875;1875.0;76.1;77.6;76.6;75.2;73.9;72.8;71.4;69.9;
1876;1876.0;76.1;77.6;76.6;75.2;73.9;72.9;71.5;69.9;
1877;1877.0;76.1;77.7;76.6;75.2;73.9;72.9;71.4;69.9;
1878;1878.0;76.1;77.7;76.6;75.2;73.9;72.9;71.5;69.9;
1879;1879.0;76.1;77.7;76.6;75.2;73.9;72.9;71.5;69.9;
1880;1880.0;76.1;77.7;76.7;75.2;74.0;72.9;71.5;69.9;
1881;1881.0;76.1;77.7;76.7;75.2;74.0;72.9;71.5;69.9;
1882;1882.0;76.1;77.7;76.7;75.2;74.0;72.9;71.5;69.9;
1883;1883.0;76.1;77.7;76.7;75.2;74.0;72.9;71.5;69.9;
1884;1884.0;76.1;77.7;76.7;75.2;74.0;73.0;71.5;69.9;
1885;1885.0;76.1;77.7;76.7;75.2;74.0;73.0;71.5;70.0;
1886;1886.0;76.1;77.7;76.7;75.3;74.0;73.0;71.5;70.0;
1887;1887.0;76.1;77.7;76.7;75.2;74.0;73.0;71.5;70.1;
1888;1888.0;76.1;77.7;76.7;75.3;74.0;73.1;71.5;70.1;
1889;1889.0;76.1;77.7;76.8;75.4;74.0;73.1;71.5;70.1;
1890;1890.0;76.1;77.7;76.8;75.3;74.0;73.1;71.5;70.1;
1891;1891.0;76.1;77.8;76.8;75.4;74.1;73.2;71.5;70.1;
1892;1892.0;76.1;77.8;76.8;75.4;74.1;73.1;71.5;70.1;
1893;1893.0;76.1;77.9;76.8;75.4;74.1;73.2;71.5;70.1;
1894;1894.0;76.1;77.9;76.8;75.4;74.1;73.2;71.6;70.1;
1895;1895.0;76.1;77.9;76.8;75.4;74.1;73.2;71.6;70.2;
1896;1896.0;76.1;77.9;76.8;75.4;74.1;73.2;71.6;70.2;
1897;1897.0;76.1;77.9;76.8;75.4;74.2;73.2;71.6;70.2;
1898;1898.0;76.1;77.9;76.8;75.4;74.2;73.2;71.6;70.2;
1899;1899.0;76.1;77.9;76.8;75.4;74.2;73.2;71.7;70.2;
1900;1900.0;76.1;77.9;76.9;75.4;74.2;73.2;71.7;70.2;
1901;1901.0;76.2;77.9;76.8;75.5;74.2;73.2;71.7;70.2;
1902;1902.0;76.1;78.0;76.9;75.5;74.2;73.2;71.7;70.2;
1903;1903.0;76.2;78.0;76.9;75.5;74.2;73.2;71.7;70.2;
1904;1904.0;76.1;78.0;76.9;75.5;74.2;73.2;71.7;70.2;
1905;1905.0;76.2;78.0;76.9;75.5;74.2;73.2;71.7;70.2;
1906;1906.0;76.3;78.0;76.9;75.5;74.2;73.2;71.8;70.2;
1907;1907.0;76.3;78.0;76.9;75.5;74.2;73.2;71.8;70.2;
1908;1908.0;76.3;78.0;77.0;75.6;74.3;73.2;71.8;70.3;
1909;1909.0;76.2;78.0;76.9;75.6;74.2;73.2;71.8;70.3;
1910;1910.0;76.3;78.1;76.9;75.6;74.3;73.3;71.9;70.3;
1911;1911.0;76.3;78.1;77.0;75.6;74.3;73.3;71.9;70.3;
1912;1912.0;76.3;78.1;77.0;75.6;74.3;73.3;71.9;70.3;
1913;1913.0;76.3;78.0;77.0;75.6;74.3;73.4;71.9;70.3;
1914;1914.0;76.3;78.1;77.0;75.6;74.3;73.3;71.9;70.3;
1915;1915.0;76.3;78.1;77.1;75.6;74.4;73.4;71.9;70.3;
1916;1916.0;76.3;78.1;77.0;75.7;74.4;73.4;71.9;70.3;
1917;1917.0;76.3;78.1;77.1;75.7;74.4;73.4;71.9;70.3;
1918;1918.0;76.3;78.1;77.1;75.7;74.4;73.4;71.9;70.3;
1919;1919.0;76.3;78.1;77.1;75.7;74.4;73.5;71.9;70.3;
1920;1920.0;76.3;78.1;77.1;75.7;74.4;73.5;72.0;70.3;
1921;1921.0;76.3;78.1;77.1;75.7;74.4;73.5;72.0;70.4;
1922;1922.0;76.3;78.1;77.1;75.7;74.4;73.5;72.0;70.4;
1923;1923.0;76.3;78.2;77.1;75.7;74.4;73.5;72.1;70.5;
1924;1924.0;76.4;78.2;77.2;75.7;74.5;73.5;72.0;70.4;
1925;1925.0;76.3;78.2;77.1;75.8;74.4;73.5;72.1;70.5;
1926;1926.0;76.4;78.2;77.2;75.8;74.4;73.5;72.1;70.4;
1927;1927.0;76.4;78.2;77.2;75.8;74.5;73.5;72.1;70.5;
1928;1928.0;76.4;78.2;77.2;75.7;74.5;73.5;72.1;70.5;
1929;1929.0;76.4;78.2;77.3;75.8;74.5;73.5;72.1;70.5;
1930;1930.0;76.4;78.2;77.3;75.8;74.5;73.5;72.1;70.5;
1931;1931.0;76.4;78.2;77.3;75.8;74.5;73.5;72.1;70.5;
1932;1932.0;76.4;78.2;77.3;75.8;74.5;73.6;72.1;70.6;
1933;1933.0;76.5;78.3;77.3;75.8;74.5;73.6;72.2;70.5;
1934;1934.0;76.4;78.3;77.3;75.8;74.5;73.6;72.2;70.6;
1935;1935.0;76.5;78.3;77.3;75.8;74.5;73.6;72.1;70.6;
1936;1936.0;76.5;78.4;77.3;75.8;74.6;73.6;72.2;70.6;
1937;1937.0;76.5;78.3;77.3;75.9;74.6;73.6;72.2;70.6;
1938;1938.0;76.5;78.3;77.3;75.8;74.6;73.6;72.2;70.6;
1939;1939.0;76.5;78.3;77.3;75.9;74.6;73.6;72.2;70.6;
1940;1940.0;76.5;78.3;77.3;75.9;74.7;73.6;72.3;70.6;
1941;1941.0;76.5;78.4;77.3;75.9;74.7;73.6;72.3;70.6;
1942;1942.0;76.5;78.4;77.3;75.9;74.7;73.6;72.3;70.6;
1943;1943.0;76.5;78.4;77.3;75.9;74.7;73.6;72.3;70.6;
1944;1944.0;76.5;78.4;77.4;76.0;74.7;73.7;72.3;70.6;
1945;1945.0;76.5;78.4;77.3;76.0;74.7;73.7;72.3;70.7;
1946;1946.0;76.5;78.5;77.3;76.0;74.7;73.7;72.3;70.7;
1947;1947.0;76.5;78.5;77.4;76.1;74.8;73.6;72.3;70.7;
1948;1948.0;76.5;78.5;77.4;76.1;74.8;73.7;72.3;70.7;
1949;1949.0;76.6;78.5;77.4;76.1;74.8;73.7;72.3;70.7;
1950;1950.0;76.6;78.6;77.4;76.1;74.8;73.8;72.3;70.7;
1951;1951.0;76.6;78.6;77.4;76.1;74.8;73.8;72.3;70.7;
1952;1952.0;76.6;78.5;77.4;76.1;74.8;73.8;72.4;70.7;
1953;1953.0;76.6;78.6;77.4;76.1;74.8;73.8;72.4;70.7;
1954;1954.0;76.6;78.6;77.4;76.1;74.8;73.8;72.3;70.8;
1955;1955.0;76.6;78.6;77.5;76.1;74.8;73.8;72.4;70.8;
1956;1956.0;76.6;78.6;77.5;76.1;74.8;73.8;72.4;70.7;
1957;1957.0;76.6;78.6;77.5;76.1;74.8;73.8;72.4;70.8;
1958;1958.0;76.7;78.6;77.6;76.1;74.8;73.8;72.4;70.8;
1959;1959.0;76.6;78.6;77.5;76.1;74.8;73.9;72.4;70.8;
1960;1960.0;76.7;78.6;77.5;76.1;74.8;73.9;72.4;70.8;
1961;1961.0;76.7;78.6;77.6;76.1;74.8;73.9;72.4;70.8;
1962;1962.0;76.7;78.6;77.6;76.1;74.9;73.9;72.4;70.8;
1963;1963.0;76.7;78.6;77.6;76.2;74.9;73.9;72.5;70.8;
1964;1964.0;76.7;78.6;77.6;76.2;74.9;74.0;72.4;70.8;
1965;1965.0;76.7;78.6;77.7;76.1;74.8;73.9;72.5;70.8;
1966;1966.0;76.7;78.6;77.7;76.2;74.8;74.0;72.5;70.8;
1967;1967.0;76.7;78.6;77.7;76.2;74.8;74.0;72.5;70.9;
1968;1968.0;76.7;78.6;77.7;76.2;74.9;74.0;72.5;70.9;
1969;1969.0;76.7;78.7;77.7;76.2;74.9;74.0;72.6;70.9;
1970;1970.0;76.7;78.7;77.7;76.2;74.9;74.0;72.5;70.9;
1971;1971.0;76.7;78.7;77.7;76.2;74.9;74.0;72.6;70.9;
1972;1972.0;76.8;78.7;77.7;76.3;74.9;74.0;72.6;70.9;
1973;1973.0;76.8;78.7;77.7;76.3;75.0;74.0;72.6;70.9;
1974;1974.0;76.7;78.7;77.7;76.3;74.9;74.0;72.6;70.9;
1975;1975.0;76.8;78.8;77.7;76.3;75.0;74.0;72.6;70.9;
1976;1976.0;76.8;78.8;77.7;76.3;75.0;74.0;72.6;70.9;
1977;1977.0;76.8;78.8;77.7;76.3;75.0;74.0;72.6;70.9;
1978;1978.0;76.8;78.8;77.7;76.4;75.1;74.0;72.7;71.0;
1979;1979.0;76.8;78.8;77.7;76.4;75.1;74.1;72.7;71.0;
1980;1980.0;76.8;78.8;77.7;76.4;75.1;74.1;72.7;71.0;
1981;1981.0;76.9;78.8;77.7;76.4;75.1;74.1;72.7;71.1;
1982;1982.0;76.8;78.9;77.7;76.4;75.1;74.1;72.7;71.0;
1983;1983.0;76.9;78.9;77.8;76.4;75.1;74.1;72.8;71.0;
1984;1984.0;76.9;78.9;77.8;76.4;75.1;74.1;72.8;71.0;
1985;1985.0;76.9;79.0;77.8;76.5;75.1;74.2;72.8;71.1;
1986;1986.0;76.9;79.0;77.8;76.5;75.2;74.1;72.8;71.1;
1987;1987.0;76.9;79.0;77.9;76.5;75.2;74.2;72.8;71.1;
1988;1988.0;76.9;78.9;77.9;76.5;75.2;74.2;72.8;71.1;
1989;1989.0;76.9;79.0;77.9;76.5;75.2;74.2;72.8;71.1;
1990;1990.0;76.9;79.0;77.9;76.5;75.2;74.2;72.8;71.1;
1991;1991.0;76.9;79.0;77.9;76.5;75.2;74.2;72.8;71.1;
1992;1992.0;76.9;79.0;78.0;76.5;75.2;74.2;72.8;71.1;
1993;1993.0;76.9;79.0;77.9;76.5;75.2;74.2;72.8;71.1;
1994;1994.0;76.9;79.0;77.9;76.5;75.2;74.2;72.8;71.1;
1995;1995.0;77.0;79.0;78.0;76.5;75.2;74.2;72.8;71.1;
1996;1996.0;77.0;79.0;77.9;76.5;75.2;74.3;72.8;71.1;
1997;1997.0;77.0;79.0;78.0;76.5;75.2;74.3;72.8;71.1;
1998;1998.0;77.0;79.0;78.0;76.5;75.3;74.3;72.8;71.1;
1999;1999.0;77.0;79.0;78.0;76.5;75.3;74.3;72.8;71.1;
