0;0.0;20.9;20.9;20.8;20.8;20.9;20.9;20.8;20.8;
1;1.0;20.9;20.9;20.8;20.9;20.9;20.9;20.8;20.8;
2;2.0;20.9;20.9;20.8;20.9;20.9;20.9;20.8;20.8;
3;3.0;20.9;20.9;20.8;20.9;20.9;20.9;20.8;20.8;
4;4.0;20.9;20.9;20.8;20.9;20.9;20.9;20.8;20.8;
5;5.0;20.9;20.9;20.8;20.8;20.8;20.8;20.7;20.7;
6;6.0;20.9;20.9;20.8;20.9;20.9;20.9;20.8;20.8;
7;7.0;20.9;20.9;20.8;20.9;20.9;20.9;20.8;20.8;
8;8.0;20.9;20.9;20.8;20.9;20.9;20.9;20.8;20.8;
9;9.0;20.9;20.9;20.9;20.9;20.9;20.9;20.8;20.8;
10;10.0;21.1;21.0;20.9;20.9;20.9;20.9;20.9;20.8;
11;11.0;21.3;21.2;20.9;20.9;20.9;20.9;20.8;20.8;
12;12.0;21.5;21.3;21.0;20.9;20.9;20.9;20.8;20.8;
13;13.0;21.6;21.4;21.0;20.9;20.9;20.9;20.8;20.8;
14;14.0;21.8;21.5;21.1;21.0;20.9;20.9;20.8;20.8;
15;15.0;22.0;21.6;21.2;21.0;20.9;20.9;20.8;20.8;
16;16.0;22.2;21.7;21.2;21.1;20.9;20.9;20.8;20.8;
17;17.0;22.4;21.8;21.4;21.1;20.9;20.9;20.9;20.8;
18;18.0;22.6;22.0;21.4;21.2;20.9;20.9;20.9;20.8;
19;19.0;22.8;22.2;21.5;21.3;21.0;21.0;20.9;20.8;
20;20.0;23.0;22.2;21.7;21.4;21.1;21.0;20.9;20.8;
21;21.0;23.1;22.3;21.8;21.4;21.1;21.0;20.9;20.9;
22;22.0;23.3;22.5;21.8;21.4;21.2;21.0;20.9;20.8;
23;23.0;23.4;22.6;21.8;21.5;21.2;21.1;20.9;20.8;
24;24.0;23.6;22.8;22.1;21.7;21.3;21.1;20.9;20.9;
25;25.0;23.8;22.8;22.1;21.7;21.4;21.2;20.9;20.9;
26;26.0;23.9;23.0;22.2;21.8;21.4;21.3;20.9;20.9;
27;27.0;24.1;23.1;22.3;21.8;21.5;21.4;20.9;20.9;
28;28.0;24.2;23.1;22.3;21.9;21.4;21.4;20.9;20.9;
29;29.0;24.3;23.3;22.5;22.0;21.5;21.4;21.0;20.9;
30;30.0;24.5;23.4;22.6;22.1;21.6;21.4;21.0;20.9;
31;31.0;24.6;23.5;22.7;22.2;21.7;21.4;21.1;20.9;
32;32.0;24.7;23.6;22.8;22.2;21.8;21.5;21.2;21.0;
33;33.0;24.8;23.8;22.9;22.3;21.8;21.5;21.2;21.0;
34;34.0;25.0;23.8;23.0;22.4;21.8;21.5;21.2;21.0;
35;35.0;25.1;24.0;23.0;22.5;21.9;21.7;21.3;21.1;
36;36.0;25.3;24.1;23.1;22.6;22.0;21.8;21.3;21.1;
37;37.0;25.4;24.2;23.2;22.6;22.1;21.8;21.4;21.1;
38;38.0;25.5;24.3;23.4;22.7;22.2;21.8;21.4;21.1;
39;39.0;25.7;24.4;23.4;22.8;22.2;21.8;21.5;21.1;
40;40.0;25.8;24.5;23.5;22.8;22.2;21.9;21.5;21.2;
41;41.0;25.9;24.7;23.6;23.0;22.3;21.9;21.5;21.2;
42;42.0;26.0;24.7;23.7;23.0;22.4;22.0;21.5;21.2;
43;43.0;26.1;24.8;23.8;23.0;22.5;22.1;21.5;21.3;
44;44.0;26.3;24.9;23.8;23.2;22.6;22.1;21.6;21.3;
45;45.0;26.3;25.1;24.0;23.3;22.6;22.2;21.7;21.4;
46;46.0;26.4;25.1;24.1;23.3;22.6;22.2;21.7;21.4;
47;47.0;26.6;25.2;24.2;23.4;22.6;22.3;21.8;21.4;
48;48.0;26.7;25.3;24.3;23.5;22.8;22.3;21.8;21.5;
49;49.0;26.8;25.4;24.3;23.6;22.9;22.4;21.8;21.5;
50;50.0;26.9;25.5;24.4;23.6;22.9;22.4;21.8;21.5;
51;51.0;27.0;25.5;24.4;23.7;22.9;22.5;21.9;21.5;
52;52.0;27.1;25.6;24.6;23.8;23.0;22.6;21.9;21.5;
53;53.0;27.2;25.7;24.7;23.8;23.1;22.6;22.1;21.6;
54;54.0;27.3;25.8;24.7;23.9;23.1;22.6;22.1;21.7;
55;55.0;27.4;25.9;24.7;24.0;23.2;22.7;22.2;21.7;
56;56.0;27.6;26.0;24.9;24.1;23.3;22.8;22.2;21.8;
57;57.0;27.6;26.1;25.0;24.1;23.4;22.8;22.2;21.8;
58;58.0;27.7;26.2;25.1;24.2;23.4;22.9;22.2;21.8;
59;59.0;27.8;26.3;25.1;24.3;23.4;23.0;22.3;21.8;
60;60.0;27.9;26.3;25.1;24.3;23.5;23.0;22.3;21.8;
61;61.0;28.0;26.4;25.3;24.4;23.6;23.0;22.4;21.8;
62;62.0;28.0;26.5;25.4;24.5;23.7;23.1;22.5;21.9;
63;63.0;28.2;26.6;25.4;24.6;23.8;23.2;22.6;22.0;
64;64.0;28.3;26.7;25.5;24.7;23.8;23.3;22.6;22.1;
65;65.0;28.4;26.7;25.6;24.7;23.8;23.3;22.6;22.1;
66;66.0;28.4;26.8;25.6;24.7;23.8;23.4;22.7;22.1;
67;67.0;28.5;26.9;25.7;24.8;23.9;23.4;22.7;22.1;
68;68.0;28.6;27.0;25.8;24.9;24.0;23.4;22.8;22.2;
69;69.0;28.7;27.1;25.9;25.0;24.1;23.4;22.8;22.2;
70;70.0;28.8;27.1;25.9;25.1;24.2;23.6;22.8;22.3;
71;71.0;28.8;27.2;25.9;25.1;24.2;23.6;22.9;22.3;
72;72.0;28.9;27.3;26.0;25.1;24.2;23.6;22.9;22.3;
73;73.0;29.0;27.3;26.1;25.2;24.3;23.7;23.0;22.3;
74;74.0;29.1;27.4;26.2;25.2;24.3;23.8;23.0;22.4;
75;75.0;29.2;27.5;26.3;25.3;24.4;23.8;23.1;22.4;
76;76.0;29.3;27.6;26.3;25.4;24.5;23.9;23.1;22.5;
77;77.0;29.3;27.6;26.4;25.5;24.5;23.9;23.2;22.5;
78;78.0;29.4;27.7;26.4;25.5;24.6;24.0;23.2;22.6;
79;79.0;29.6;27.7;26.6;25.6;24.7;24.0;23.3;22.6;
80;80.0;29.6;27.9;26.6;25.6;24.7;24.1;23.4;22.6;
81;81.0;29.6;28.0;26.7;25.7;24.7;24.2;23.4;22.6;
82;82.0;29.7;28.0;26.7;25.8;24.8;24.3;23.4;22.7;
83;83.0;29.9;28.0;26.8;25.9;24.9;24.3;23.5;22.8;
84;84.0;29.9;28.1;26.9;25.9;25.0;24.3;23.5;22.8;
85;85.0;30.0;28.2;26.9;25.9;25.1;24.4;23.6;22.8;
86;86.0;30.1;28.3;27.0;26.0;25.1;24.5;23.6;22.9;
87;87.0;30.1;28.3;27.1;26.1;25.1;24.5;23.7;23.0;
88;88.0;30.2;28.4;27.2;26.2;25.1;24.6;23.8;23.0;
89;89.0;30.3;28.4;27.2;26.3;25.2;24.7;23.8;23.0;
90;90.0;30.4;28.5;27.2;26.3;25.3;24.7;23.8;23.0;
91;91.0;30.5;28.6;27.3;26.3;25.4;24.7;23.8;23.0;
92;92.0;30.5;28.6;27.3;26.4;25.4;24.7;23.9;23.0;
93;93.0;30.6;28.7;27.5;26.4;25.5;24.7;24.0;23.1;
94;94.0;30.6;28.8;27.6;26.5;25.5;24.9;24.0;23.2;
95;95.0;30.7;28.8;27.6;26.6;25.5;24.9;24.1;23.2;
96;96.0;30.9;28.9;27.6;26.6;25.6;25.0;24.1;23.3;
97;97.0;31.0;29.0;27.7;26.7;25.7;25.0;24.2;23.4;
98;98.0;31.1;29.1;27.7;26.7;25.7;25.1;24.2;23.4;
99;99.0;31.2;29.2;27.9;26.8;25.8;25.1;24.3;23.4;
100;100.0;31.2;29.2;27.9;26.8;25.8;25.2;24.3;23.4;
101;101.0;31.3;29.2;28.0;26.9;25.9;25.2;24.3;23.4;
102;102.0;31.3;29.2;28.0;26.9;25.9;25.3;24.4;23.5;
103;103.0;31.5;29.3;28.1;27.1;26.0;25.3;24.4;23.6;
104;104.0;31.5;29.4;28.1;27.1;26.0;25.4;24.5;23.6;
105;105.0;31.6;29.4;28.2;27.2;26.1;25.5;24.6;23.7;
106;106.0;31.7;29.6;28.2;27.2;26.1;25.5;24.6;23.7;
107;107.0;31.7;29.6;28.3;27.2;26.3;25.5;24.7;23.7;
108;108.0;31.8;29.6;28.4;27.3;26.3;25.6;24.7;23.8;
109;109.0;31.9;29.7;28.4;27.4;26.3;25.6;24.7;23.8;
110;110.0;31.9;29.8;28.5;27.4;26.3;25.7;24.8;23.8;
111;111.0;32.0;29.8;28.5;27.5;26.4;25.8;24.8;23.8;
112;112.0;32.1;29.9;28.6;27.6;26.5;25.9;24.9;23.8;
113;113.0;32.1;29.9;28.6;27.6;26.5;25.9;24.9;23.9;
114;114.0;32.1;30.0;28.7;27.6;26.5;25.9;24.9;24.0;
115;115.0;32.2;30.1;28.8;27.7;26.6;25.9;25.1;24.0;
116;116.0;32.3;30.1;28.8;27.7;26.7;25.9;25.1;24.1;
117;117.0;32.3;30.1;28.8;27.8;26.7;25.9;25.1;24.1;
118;118.0;32.5;30.2;28.8;27.9;26.7;26.1;25.1;24.1;
119;119.0;32.5;30.3;29.0;27.9;26.8;26.2;25.2;24.2;
120;120.0;32.8;30.6;29.2;28.1;27.1;26.3;25.4;24.3;
121;121.0;32.9;30.7;29.3;28.2;27.2;26.5;25.5;24.4;
122;122.0;33.0;30.8;29.4;28.3;27.2;26.5;25.5;24.4;
123;123.0;33.0;30.9;29.5;28.4;27.2;26.5;25.5;24.5;
124;124.0;33.1;30.9;29.5;28.4;27.3;26.6;25.6;24.5;
125;125.0;33.1;30.9;29.5;28.4;27.3;26.6;25.7;24.6;
126;126.0;33.2;31.0;29.6;28.4;27.4;26.7;25.7;24.7;
127;127.0;33.3;31.1;29.6;28.5;27.4;26.7;25.7;24.7;
128;128.0;33.4;31.2;29.6;28.5;27.6;26.8;25.8;24.7;
129;129.0;33.4;31.2;29.6;28.6;27.6;26.8;25.8;24.7;
130;130.0;33.4;31.2;29.8;28.7;27.6;26.9;25.9;24.7;
131;131.0;33.4;31.3;29.8;28.8;27.6;26.9;25.9;24.8;
132;132.0;33.5;31.3;29.9;28.8;27.6;26.9;26.0;24.9;
133;133.0;33.6;31.4;29.9;28.8;27.7;27.0;26.0;24.9;
134;134.0;33.7;31.5;30.0;28.8;27.8;27.1;26.0;25.0;
135;135.0;33.8;31.5;30.1;29.0;27.8;27.2;26.1;25.0;
136;136.0;33.8;31.6;30.1;28.9;27.8;27.2;26.1;25.0;
137;137.0;33.8;31.6;30.1;29.1;28.0;27.2;26.2;25.1;
138;138.0;33.8;31.6;30.2;29.1;28.0;27.2;26.2;25.1;
139;139.0;33.9;31.7;30.2;29.2;28.0;27.2;26.3;25.1;
140;140.0;34.0;31.7;30.2;29.2;28.0;27.3;26.3;25.1;
141;141.0;34.1;31.8;30.3;29.2;28.1;27.3;26.4;25.1;
142;142.0;34.1;31.8;30.5;29.2;28.1;27.4;26.4;25.2;
143;143.0;34.1;31.8;30.5;29.3;28.2;27.5;26.4;25.3;
144;144.0;34.2;31.9;30.5;29.3;28.3;27.5;26.4;25.3;
145;145.0;34.2;31.9;30.5;29.4;28.3;27.5;26.6;25.3;
146;146.0;34.2;32.0;30.5;29.4;28.3;27.6;26.6;25.4;
147;147.0;34.4;32.1;30.5;29.5;28.4;27.6;26.7;25.4;
148;148.0;34.4;32.1;30.6;29.6;28.4;27.7;26.7;25.4;
149;149.0;34.5;32.1;30.7;29.6;28.4;27.7;26.7;25.5;
150;150.0;34.5;32.1;30.8;29.6;28.5;27.8;26.7;25.5;
151;151.0;34.6;32.2;30.9;29.7;28.5;27.8;26.7;25.5;
152;152.0;34.6;32.3;30.9;29.7;28.6;27.9;26.8;25.6;
153;153.0;34.6;32.4;31.0;29.8;28.6;27.9;26.8;25.6;
154;154.0;34.7;32.4;31.1;29.8;28.7;28.0;26.9;25.6;
155;155.0;34.8;32.5;31.1;29.9;28.7;28.0;27.0;25.6;
156;156.0;34.8;32.5;31.1;29.9;28.8;28.0;27.0;25.7;
157;157.0;34.9;32.5;31.2;30.0;28.8;28.1;27.0;25.7;
158;158.0;34.9;32.5;31.2;30.0;28.8;28.1;27.0;25.8;
159;159.0;35.0;32.6;31.3;30.1;28.9;28.1;27.1;25.8;
160;160.0;35.0;32.6;31.3;30.1;28.9;28.2;27.1;25.8;
161;161.0;35.0;32.6;31.3;30.1;28.9;28.2;27.2;25.9;
162;162.0;35.1;32.8;31.4;30.2;29.0;28.3;27.3;25.9;
163;163.0;35.2;32.8;31.4;30.2;29.1;28.4;27.3;25.9;
164;164.0;35.2;32.9;31.5;30.3;29.1;28.4;27.3;25.9;
165;165.0;35.3;32.9;31.5;30.3;29.2;28.4;27.4;26.0;
166;166.0;35.4;33.0;31.6;30.5;29.2;28.4;27.4;26.0;
167;167.0;35.4;33.0;31.6;30.5;29.2;28.5;27.4;26.2;
168;168.0;35.4;33.0;31.7;30.5;29.3;28.5;27.5;26.2;
169;169.0;35.5;33.1;31.7;30.6;29.3;28.6;27.5;26.2;
170;170.0;35.5;33.1;31.8;30.7;29.3;28.6;27.6;26.2;
171;171.0;35.5;33.2;31.8;30.7;29.4;28.7;27.6;26.3;
172;172.0;35.7;33.2;31.9;30.7;29.5;28.8;27.6;26.3;
173;173.0;35.8;33.3;31.9;30.8;29.5;28.8;27.7;26.3;
174;174.0;35.8;33.3;32.0;30.9;29.6;28.8;27.7;26.3;
175;175.0;35.8;33.4;32.1;30.9;29.6;28.8;27.7;26.3;
176;176.0;35.9;33.4;32.1;30.9;29.6;28.8;27.8;26.4;
177;177.0;35.9;33.4;32.1;31.0;29.6;28.9;27.9;26.4;
178;178.0;36.0;33.5;32.1;31.0;29.7;29.0;27.9;26.4;
179;179.0;36.0;33.5;32.1;31.0;29.7;29.0;27.9;26.4;
180;180.0;36.0;33.6;32.2;31.1;29.7;29.0;28.0;26.6;
181;181.0;36.1;33.7;32.2;31.1;29.9;29.1;28.0;26.6;
182;182.0;36.1;33.7;32.3;31.2;29.9;29.1;28.0;26.6;
183;183.0;36.2;33.8;32.4;31.3;29.9;29.2;28.0;26.7;
184;184.0;36.2;33.8;32.4;31.3;29.9;29.2;28.1;26.7;
185;185.0;36.3;33.8;32.4;31.3;30.0;29.2;28.1;26.7;
186;186.0;36.3;33.8;32.5;31.3;30.0;29.2;28.1;26.7;
187;187.0;36.3;33.9;32.5;31.4;30.1;29.3;28.2;26.7;
188;188.0;36.4;33.9;32.5;31.4;30.1;29.3;28.3;26.8;
189;189.0;36.4;34.0;32.6;31.4;30.1;29.4;28.3;26.8;
190;190.0;36.5;34.1;32.6;31.5;30.2;29.4;28.4;26.8;
191;191.0;36.6;34.1;32.7;31.6;30.2;29.4;28.3;26.8;
192;192.0;36.7;34.1;32.7;31.6;30.3;29.5;28.4;26.9;
193;193.0;36.7;34.2;32.8;31.7;30.3;29.5;28.4;26.9;
194;194.0;36.7;34.2;32.8;31.7;30.3;29.6;28.5;27.0;
195;195.0;36.8;34.2;32.9;31.7;30.4;29.6;28.5;27.0;
196;196.0;36.7;34.2;32.9;31.7;30.4;29.6;28.5;27.0;
197;197.0;36.8;34.3;33.0;31.7;30.5;29.7;28.6;27.1;
198;198.0;36.9;34.4;33.0;31.8;30.5;29.7;28.6;27.1;
199;199.0;37.0;34.4;33.0;31.9;30.5;29.8;28.6;27.2;
200;200.0;37.0;34.4;33.0;31.9;30.6;29.8;28.6;27.2;
201;201.0;37.1;34.5;33.1;31.9;30.6;29.8;28.7;27.2;
202;202.0;37.1;34.5;33.1;32.0;30.6;29.9;28.8;27.2;
203;203.0;37.1;34.6;33.2;32.0;30.7;29.9;28.8;27.2;
204;204.0;37.1;34.6;33.3;32.1;30.8;30.0;28.8;27.3;
205;205.0;37.2;34.6;33.3;32.1;30.8;30.0;28.9;27.2;
206;206.0;37.3;34.7;33.3;32.1;30.8;30.1;28.8;27.3;
207;207.0;37.3;34.7;33.4;32.2;30.9;30.1;29.0;27.4;
208;208.0;37.4;34.7;33.4;32.2;31.0;30.1;29.0;27.4;
209;209.0;37.4;34.8;33.4;32.3;31.0;30.1;29.0;27.5;
210;210.0;37.5;34.8;33.4;32.3;31.1;30.1;29.0;27.5;
211;211.0;37.5;35.0;33.5;32.4;31.2;30.3;29.1;27.5;
212;212.0;37.5;35.0;33.5;32.4;31.2;30.3;29.2;27.6;
213;213.0;37.6;35.0;33.6;32.4;31.2;30.3;29.2;27.6;
214;214.0;37.6;35.0;33.7;32.5;31.3;30.4;29.2;27.6;
215;215.0;37.6;35.0;33.7;32.5;31.3;30.4;29.2;27.6;
216;216.0;37.7;35.1;33.7;32.5;31.3;30.4;29.3;27.6;
217;217.0;37.7;35.1;33.8;32.6;31.4;30.5;29.3;27.6;
218;218.0;37.9;35.2;33.8;32.6;31.4;30.5;29.3;27.7;
219;219.0;37.9;35.2;33.8;32.6;31.4;30.5;29.3;27.7;
220;220.0;37.9;35.2;33.9;32.7;31.5;30.5;29.4;27.8;
221;221.0;37.9;35.3;33.9;32.7;31.5;30.5;29.4;27.8;
222;222.0;37.9;35.4;33.9;32.7;31.5;30.6;29.5;27.9;
223;223.0;38.0;35.4;34.0;32.8;31.6;30.7;29.5;27.9;
224;224.0;38.0;35.4;34.0;32.9;31.6;30.7;29.6;27.9;
225;225.0;38.1;35.4;34.0;32.9;31.6;30.7;29.6;28.0;
226;226.0;38.1;35.4;34.1;33.0;31.7;30.8;29.6;28.0;
227;227.0;38.2;35.4;34.1;33.0;31.7;30.8;29.6;28.0;
228;228.0;38.3;35.6;34.2;33.0;31.7;30.8;29.6;28.0;
229;229.0;38.3;35.6;34.2;33.0;31.7;30.9;29.6;28.0;
230;230.0;38.3;35.7;34.2;33.0;31.8;30.9;29.7;28.0;
231;231.0;38.3;35.7;34.3;33.0;31.9;30.9;29.8;28.0;
232;232.0;38.4;35.7;34.3;33.1;31.9;31.0;29.8;28.1;
233;233.0;38.5;35.8;34.4;33.3;32.0;31.2;29.9;28.2;
234;234.0;38.6;35.9;34.4;33.3;32.1;31.3;30.0;28.2;
235;235.0;38.7;35.9;34.6;33.4;32.1;31.3;30.0;28.3;
236;236.0;38.7;35.9;34.6;33.4;32.1;31.3;30.0;28.3;
237;237.0;38.7;36.0;34.6;33.4;32.1;31.3;30.1;28.3;
238;238.0;38.8;36.0;34.6;33.4;32.2;31.4;30.1;28.4;
239;239.0;38.8;36.0;34.6;33.5;32.2;31.4;30.1;28.4;
240;240.0;38.8;36.1;34.7;33.5;32.2;31.5;30.1;28.4;
241;241.0;38.9;36.1;34.7;33.6;32.2;31.5;30.2;28.4;
242;242.0;38.9;36.3;34.7;33.6;32.3;31.6;30.2;28.4;
243;243.0;38.9;36.3;34.8;33.6;32.3;31.6;30.2;28.5;
244;244.0;39.0;36.3;34.8;33.6;32.3;31.7;30.3;28.5;
245;245.0;39.0;36.3;34.8;33.7;32.4;31.6;30.3;28.5;
246;246.0;39.0;36.3;34.9;33.7;32.5;31.7;30.3;28.5;
247;247.0;39.1;36.3;35.0;33.8;32.5;31.7;30.4;28.5;
248;248.0;39.2;36.3;35.0;33.8;32.5;31.7;30.4;28.5;
249;249.0;39.2;36.4;35.0;33.8;32.5;31.7;30.5;28.6;
250;250.0;39.2;36.5;35.0;33.9;32.5;31.8;30.5;28.6;
251;251.0;39.2;36.5;35.0;33.9;32.5;31.7;30.5;28.6;
252;252.0;39.3;36.5;35.1;33.9;32.7;31.8;30.5;28.7;
253;253.0;39.4;36.6;35.2;34.0;32.7;31.9;30.7;28.8;
254;254.0;39.4;36.7;35.2;34.0;32.7;31.9;30.7;28.8;
255;255.0;39.4;36.7;35.3;34.0;32.8;31.9;30.7;28.8;
256;256.0;39.4;36.7;35.2;34.0;32.8;32.0;30.7;28.8;
257;257.0;39.6;36.7;35.3;34.2;32.9;32.1;30.9;28.8;
258;258.0;39.6;36.7;35.4;34.2;32.9;32.1;30.9;28.8;
259;259.0;39.6;36.8;35.4;34.2;32.9;32.1;30.9;28.9;
260;260.0;39.6;36.9;35.4;34.2;32.9;32.1;30.9;28.8;
261;261.0;39.7;36.9;35.4;34.2;33.0;32.1;30.9;28.9;
262;262.0;39.7;36.9;35.4;34.3;33.0;32.2;30.9;28.9;
263;263.0;39.8;37.0;35.4;34.3;33.0;32.2;30.9;29.0;
264;264.0;39.8;37.0;35.6;34.3;33.1;32.2;31.0;29.0;
265;265.0;39.8;37.0;35.6;34.4;33.0;32.3;31.0;29.0;
266;266.0;39.9;37.0;35.6;34.4;33.1;32.3;31.1;29.0;
267;267.0;40.0;37.1;35.7;34.4;33.1;32.3;31.1;29.1;
268;268.0;40.0;37.1;35.7;34.4;33.2;32.3;31.1;29.0;
269;269.0;40.0;37.1;35.7;34.6;33.2;32.4;31.2;29.2;
270;270.0;40.0;37.1;35.8;34.6;33.3;32.4;31.2;29.2;
271;271.0;40.0;37.2;35.9;34.6;33.3;32.5;31.3;29.2;
272;272.0;40.2;37.3;35.9;34.6;33.4;32.5;31.3;29.2;
273;273.0;40.1;37.3;35.9;34.6;33.4;32.5;31.3;29.2;
274;274.0;40.2;37.3;35.9;34.6;33.4;32.5;31.3;29.2;
275;275.0;40.2;37.4;35.9;34.7;33.4;32.6;31.3;29.2;
276;276.0;40.2;37.4;35.9;34.8;33.4;32.6;31.3;29.2;
277;277.0;40.3;37.5;36.0;34.8;33.4;32.6;31.4;29.3;
278;278.0;40.4;37.5;36.0;34.8;33.4;32.6;31.4;29.3;
279;279.0;40.4;37.5;36.0;34.9;33.5;32.6;31.5;29.4;
280;280.0;40.4;37.5;36.1;34.9;33.5;32.7;31.5;29.4;
281;281.0;40.4;37.6;36.1;35.0;33.6;32.8;31.5;29.4;
282;282.0;40.5;37.6;36.1;35.0;33.6;32.8;31.5;29.4;
283;283.0;40.5;37.7;36.3;35.0;33.7;32.9;31.6;29.5;
284;284.0;40.6;37.7;36.3;35.0;33.8;32.9;31.6;29.5;
285;285.0;40.6;37.7;36.3;35.0;33.8;33.0;31.6;29.5;
286;286.0;40.6;37.8;36.3;35.0;33.8;33.0;31.7;29.6;
287;287.0;40.6;37.7;36.3;35.0;33.8;33.0;31.7;29.6;
288;288.0;40.7;37.8;36.3;35.1;33.8;33.0;31.7;29.6;
289;289.0;40.7;37.8;36.3;35.2;33.8;33.0;31.7;29.6;
290;290.0;40.8;37.9;36.4;35.2;33.8;33.0;31.8;29.6;
291;291.0;40.8;37.9;36.5;35.2;33.8;33.0;31.8;29.6;
292;292.0;40.9;37.9;36.5;35.2;33.9;33.1;31.8;29.6;
293;293.0;40.9;38.0;36.5;35.3;34.0;33.1;31.8;29.7;
294;294.0;40.9;38.0;36.5;35.3;34.0;33.1;31.8;29.7;
295;295.0;40.9;38.0;36.6;35.3;34.0;33.2;31.9;29.8;
296;296.0;40.9;38.0;36.6;35.4;34.1;33.2;31.9;29.8;
297;297.0;41.1;38.1;36.6;35.4;34.1;33.3;32.0;29.8;
298;298.0;41.1;38.1;36.7;35.4;34.1;33.3;32.0;29.8;
299;299.0;41.3;38.2;36.7;35.5;34.2;33.3;32.0;29.8;
300;300.0;41.3;38.3;36.7;35.5;34.2;33.4;32.0;29.8;
301;301.0;41.3;38.3;36.7;35.5;34.2;33.4;32.1;29.9;
302;302.0;41.3;38.3;36.7;35.5;34.2;33.4;32.1;29.9;
303;303.0;41.4;38.3;36.9;35.6;34.3;33.4;32.1;29.9;
304;304.0;41.5;38.3;36.9;35.6;34.2;33.5;32.1;29.9;
305;305.0;41.5;38.3;36.9;35.6;34.3;33.5;32.1;30.1;
306;306.0;41.5;38.3;36.9;35.7;34.4;33.5;32.2;30.1;
307;307.0;41.5;38.4;37.0;35.7;34.4;33.6;32.2;30.1;
308;308.0;41.5;38.4;37.0;35.7;34.4;33.6;32.2;30.1;
309;309.0;41.6;38.5;37.0;35.8;34.4;33.6;32.3;30.1;
310;310.0;41.6;38.5;37.1;35.9;34.5;33.6;32.3;30.1;
311;311.0;41.7;38.6;37.1;35.9;34.5;33.6;32.4;30.1;
312;312.0;41.7;38.6;37.1;35.9;34.5;33.7;32.4;30.1;
313;313.0;41.7;38.6;37.1;35.9;34.6;33.7;32.4;30.1;
314;314.0;41.7;38.6;37.2;35.9;34.6;33.7;32.5;30.1;
315;315.0;41.8;38.7;37.2;35.9;34.6;33.8;32.5;30.2;
316;316.0;41.8;38.7;37.2;35.9;34.6;33.8;32.5;30.2;
317;317.0;41.8;38.8;37.2;36.0;34.6;33.8;32.5;30.2;
318;318.0;41.9;38.8;37.3;36.0;34.7;33.8;32.5;30.3;
319;319.0;41.9;38.8;37.3;36.1;34.7;33.9;32.5;30.3;
320;320.0;42.0;38.8;37.3;36.1;34.8;33.9;32.5;30.3;
321;321.0;42.0;38.9;37.4;36.2;34.8;33.9;32.5;30.3;
322;322.0;42.0;38.9;37.4;36.2;34.8;33.9;32.6;30.3;
323;323.0;42.1;38.9;37.4;36.2;34.8;33.9;32.6;30.3;
324;324.0;42.1;38.9;37.5;36.2;34.9;34.0;32.7;30.5;
325;325.0;42.1;39.0;37.5;36.2;34.9;34.0;32.7;30.5;
326;326.0;42.1;38.9;37.5;36.3;34.8;34.1;32.8;30.4;
327;327.0;42.1;39.0;37.5;36.3;35.0;34.1;32.8;30.5;
328;328.0;42.2;39.1;37.5;36.3;35.0;34.2;32.8;30.5;
329;329.0;42.2;39.1;37.5;36.3;35.0;34.2;32.8;30.5;
330;330.0;42.2;39.2;37.6;36.4;35.0;34.2;32.9;30.5;
331;331.0;42.3;39.2;37.6;36.4;35.0;34.2;32.9;30.5;
332;332.0;42.4;39.2;37.6;36.5;35.0;34.2;32.9;30.5;
333;333.0;42.4;39.2;37.7;36.5;35.1;34.2;33.0;30.5;
334;334.0;42.4;39.2;37.8;36.5;35.1;34.2;33.0;30.6;
335;335.0;42.5;39.2;37.8;36.5;35.1;34.2;33.0;30.6;
336;336.0;42.5;39.3;37.8;36.6;35.2;34.3;33.0;30.7;
337;337.0;42.5;39.3;37.8;36.6;35.2;34.3;33.0;30.6;
338;338.0;42.5;39.3;37.9;36.6;35.3;34.4;33.1;30.7;
339;339.0;42.5;39.3;37.9;36.6;35.3;34.4;33.1;30.7;
340;340.0;42.5;39.4;37.9;36.7;35.3;34.4;33.1;30.8;
341;341.0;42.5;39.4;37.9;36.7;35.4;34.4;33.1;30.8;
342;342.0;42.6;39.5;37.9;36.7;35.4;34.5;33.1;30.8;
343;343.0;42.6;39.5;38.0;36.7;35.4;34.6;33.2;30.9;
344;344.0;42.6;39.5;37.9;36.8;35.4;34.6;33.2;30.9;
345;345.0;42.7;39.6;38.0;36.8;35.4;34.6;33.2;30.9;
346;346.0;42.8;39.6;38.0;36.8;35.4;34.6;33.2;30.9;
347;347.0;42.8;39.6;38.0;36.8;35.4;34.6;33.3;31.0;
348;348.0;42.8;39.6;38.1;36.8;35.4;34.6;33.2;30.9;
349;349.0;42.8;39.6;38.2;36.9;35.5;34.6;33.4;31.1;
350;350.0;42.8;39.6;38.2;36.9;35.4;34.6;33.3;31.0;
351;351.0;42.9;39.6;38.2;36.9;35.5;34.6;33.4;31.1;
352;352.0;42.9;39.7;38.2;37.0;35.6;34.7;33.4;31.1;
353;353.0;42.9;39.7;38.3;37.0;35.6;34.8;33.4;31.1;
354;354.0;42.9;39.7;38.3;37.0;35.5;34.8;33.4;31.1;
355;355.0;43.0;39.7;38.3;37.1;35.7;34.9;33.4;31.1;
356;356.0;43.0;39.8;38.3;37.1;35.7;34.9;33.4;31.2;
357;357.0;43.0;39.8;38.3;37.1;35.7;34.9;33.4;31.2;
358;358.0;43.1;39.9;38.4;37.1;35.8;34.9;33.5;31.2;
359;359.0;43.1;39.9;38.4;37.1;35.8;34.9;33.5;31.3;
360;360.0;43.1;39.9;38.4;37.1;35.8;35.0;33.5;31.3;
361;361.0;43.2;39.9;38.4;37.1;35.8;35.0;33.5;31.3;
362;362.0;43.2;40.0;38.5;37.1;35.8;35.0;33.6;31.3;
363;363.0;43.2;40.0;38.5;37.2;35.9;35.0;33.7;31.3;
364;364.0;43.2;40.0;38.6;37.2;35.9;35.0;33.8;31.3;
365;365.0;43.2;40.0;38.6;37.3;35.9;35.0;33.8;31.3;
366;366.0;43.3;40.1;38.6;37.3;35.9;35.0;33.7;31.4;
367;367.0;43.3;40.1;38.6;37.4;35.9;35.1;33.8;31.4;
368;368.0;43.3;40.2;38.6;37.4;36.0;35.1;33.8;31.4;
369;369.0;43.3;40.1;38.7;37.5;36.0;35.2;33.8;31.4;
370;370.0;43.4;40.2;38.7;37.5;36.0;35.2;33.8;31.4;
371;371.0;43.4;40.2;38.7;37.5;36.1;35.2;33.8;31.4;
372;372.0;43.4;40.2;38.8;37.5;36.1;35.2;33.8;31.4;
373;373.0;43.4;40.2;38.7;37.5;36.1;35.2;33.8;31.4;
374;374.0;43.5;40.3;38.8;37.5;36.1;35.2;33.9;31.5;
375;375.0;43.5;40.3;38.8;37.5;36.2;35.3;33.9;31.5;
376;376.0;43.5;40.3;38.8;37.5;36.2;35.3;33.9;31.5;
377;377.0;43.6;40.4;38.8;37.5;36.2;35.3;33.9;31.6;
378;378.0;43.7;40.4;38.8;37.6;36.2;35.3;33.9;31.6;
379;379.0;43.7;40.4;38.8;37.6;36.2;35.4;34.0;31.6;
380;380.0;43.7;40.4;38.9;37.6;36.3;35.4;34.1;31.6;
381;381.0;43.7;40.5;38.9;37.6;36.3;35.4;34.1;31.6;
382;382.0;43.7;40.5;38.9;37.7;36.3;35.4;34.1;31.7;
383;383.0;43.7;40.5;39.0;37.8;36.3;35.5;34.1;31.7;
384;384.0;43.7;40.5;39.0;37.8;36.3;35.4;34.1;31.7;
385;385.0;43.8;40.5;39.1;37.8;36.3;35.5;34.2;31.7;
386;386.0;43.8;40.6;39.1;37.9;36.4;35.5;34.2;31.7;
387;387.0;43.8;40.6;39.2;37.9;36.4;35.5;34.2;31.7;
388;388.0;43.9;40.6;39.2;37.9;36.4;35.6;34.2;31.7;
389;389.0;43.9;40.6;39.2;37.9;36.5;35.6;34.2;31.8;
390;390.0;43.9;40.6;39.2;37.9;36.5;35.6;34.2;31.7;
391;391.0;44.0;40.7;39.2;37.9;36.5;35.6;34.2;31.8;
392;392.0;43.9;40.8;39.2;37.9;36.6;35.6;34.3;31.8;
393;393.0;44.1;40.8;39.2;37.9;36.6;35.7;34.3;31.8;
394;394.0;44.1;40.9;39.2;37.9;36.7;35.7;34.3;31.8;
395;395.0;44.1;40.9;39.3;38.0;36.7;35.7;34.3;31.8;
396;396.0;44.1;40.9;39.3;38.0;36.7;35.8;34.4;31.9;
397;397.0;44.1;41.0;39.3;38.1;36.7;35.8;34.4;32.0;
398;398.0;44.2;41.0;39.3;38.1;36.7;35.9;34.4;32.0;
399;399.0;44.2;41.0;39.3;38.1;36.7;35.9;34.4;32.0;
400;400.0;44.2;41.1;39.4;38.2;36.7;35.9;34.5;32.0;
401;401.0;44.2;41.0;39.5;38.2;36.7;35.9;34.5;32.0;
402;402.0;44.2;41.0;39.4;38.1;36.7;35.9;34.4;32.0;
403;403.0;44.3;41.2;39.5;38.2;36.7;35.9;34.5;32.1;
404;404.0;44.4;41.2;39.6;38.2;36.8;35.9;34.5;32.1;
405;405.0;44.3;41.2;39.6;38.3;36.8;35.9;34.6;32.1;
406;406.0;44.3;41.2;39.6;38.2;36.8;35.9;34.6;32.1;
407;407.0;44.4;41.2;39.6;38.3;36.8;35.9;34.6;32.1;
408;408.0;44.4;41.3;39.6;38.3;36.8;35.9;34.6;32.1;
409;409.0;44.4;41.3;39.6;38.3;36.9;36.0;34.6;32.1;
410;410.0;44.4;41.3;39.6;38.3;37.0;36.0;34.6;32.1;
411;411.0;44.5;41.3;39.7;38.4;37.0;36.1;34.7;32.1;
412;412.0;44.5;41.3;39.7;38.4;37.0;36.1;34.7;32.1;
413;413.0;44.5;41.3;39.7;38.4;37.1;36.2;34.7;32.1;
414;414.0;44.5;41.4;39.7;38.4;37.0;36.1;34.7;32.1;
415;415.0;44.6;41.4;39.7;38.4;37.1;36.2;34.7;32.2;
416;416.0;44.6;41.5;39.8;38.5;37.1;36.2;34.7;32.2;
417;417.0;44.6;41.5;39.8;38.5;37.1;36.3;34.7;32.2;
418;418.0;44.6;41.5;39.9;38.5;37.1;36.3;34.8;32.2;
419;419.0;44.6;41.5;39.9;38.5;37.1;36.3;34.8;32.2;
420;420.0;44.7;41.5;39.9;38.6;37.1;36.3;34.8;32.2;
421;421.0;44.7;41.5;39.9;38.6;37.2;36.3;34.8;32.3;
422;422.0;44.7;41.6;39.9;38.7;37.2;36.3;34.9;32.4;
423;423.0;44.8;41.6;40.0;38.6;37.2;36.3;34.9;32.4;
424;424.0;44.8;41.6;40.0;38.7;37.3;36.3;35.0;32.4;
425;425.0;44.8;41.7;40.0;38.7;37.3;36.3;35.0;32.4;
426;426.0;44.8;41.7;40.0;38.8;37.3;36.3;35.0;32.4;
427;427.0;44.8;41.7;40.0;38.8;37.3;36.3;35.0;32.4;
428;428.0;45.0;41.7;40.0;38.8;37.3;36.5;35.0;32.4;
429;429.0;45.0;41.7;40.1;38.8;37.3;36.5;35.0;32.5;
430;430.0;45.0;41.7;40.1;38.8;37.4;36.5;35.0;32.5;
431;431.0;45.0;41.8;40.1;38.8;37.4;36.5;35.0;32.5;
432;432.0;45.0;41.8;40.1;38.8;37.4;36.5;35.1;32.5;
433;433.0;45.0;41.8;40.1;38.8;37.4;36.5;35.0;32.5;
434;434.0;45.0;41.8;40.1;38.8;37.5;36.5;35.1;32.5;
435;435.0;45.0;41.9;40.2;38.9;37.5;36.6;35.1;32.6;
436;436.0;45.1;41.8;40.1;38.9;37.5;36.5;35.1;32.5;
437;437.0;45.1;41.9;40.2;38.9;37.5;36.6;35.1;32.5;
438;438.0;45.1;41.9;40.2;38.9;37.5;36.6;35.1;32.5;
439;439.0;45.1;41.9;40.3;38.9;37.5;36.7;35.2;32.6;
440;440.0;45.2;42.0;40.3;39.1;37.5;36.7;35.2;32.6;
441;441.0;45.1;42.0;40.4;39.0;37.6;36.7;35.2;32.6;
442;442.0;45.2;42.1;40.4;39.0;37.6;36.7;35.2;32.7;
443;443.0;45.2;42.1;40.4;39.1;37.6;36.8;35.3;32.6;
444;444.0;45.3;42.1;40.4;39.1;37.6;36.7;35.3;32.7;
445;445.0;45.4;42.1;40.4;39.1;37.7;36.8;35.3;32.7;
446;446.0;45.4;42.1;40.4;39.2;37.6;36.8;35.4;32.7;
447;447.0;45.4;42.1;40.5;39.2;37.7;36.8;35.4;32.7;
448;448.0;45.4;42.1;40.5;39.2;37.7;36.8;35.4;32.8;
449;449.0;45.4;42.2;40.5;39.2;37.7;36.8;35.4;32.8;
450;450.0;45.4;42.2;40.5;39.2;37.8;36.9;35.4;32.8;
451;451.0;45.4;42.2;40.5;39.2;37.8;36.9;35.4;32.8;
452;452.0;45.5;42.2;40.6;39.2;37.8;36.9;35.4;32.8;
453;453.0;45.5;42.3;40.6;39.3;37.9;36.9;35.4;32.8;
454;454.0;45.5;42.3;40.6;39.3;37.9;36.9;35.4;32.8;
455;455.0;45.6;42.4;40.7;39.3;37.9;37.0;35.5;32.8;
456;456.0;45.6;42.4;40.7;39.4;37.9;36.9;35.4;32.8;
457;457.0;45.7;42.5;40.7;39.4;37.9;37.0;35.5;32.9;
458;458.0;45.7;42.5;40.8;39.4;37.9;37.0;35.5;32.9;
459;459.0;45.7;42.5;40.8;39.4;37.9;37.1;35.6;32.9;
460;460.0;45.8;42.5;40.8;39.5;38.0;37.1;35.6;32.9;
461;461.0;45.8;42.5;40.8;39.5;38.0;37.1;35.6;32.9;
462;462.0;45.8;42.5;40.8;39.5;38.0;37.1;35.6;32.9;
463;463.0;45.8;42.5;40.8;39.5;38.0;37.1;35.7;33.0;
464;464.0;45.8;42.5;40.8;39.6;38.0;37.1;35.7;33.0;
465;465.0;45.8;42.5;40.9;39.6;38.0;37.2;35.7;33.0;
466;466.0;45.9;42.6;40.8;39.6;38.1;37.2;35.7;33.0;
467;467.0;45.8;42.6;40.8;39.6;38.0;37.1;35.7;33.0;
468;468.0;45.9;42.7;41.0;39.6;38.1;37.2;35.8;33.0;
469;469.0;46.0;42.7;41.0;39.6;38.2;37.2;35.8;33.0;
470;470.0;46.0;42.7;41.2;39.6;38.2;37.2;35.8;33.1;
471;471.0;46.0;42.7;41.2;39.7;38.3;37.3;35.8;33.1;
472;472.0;46.0;42.9;41.2;39.7;38.3;37.3;35.8;33.0;
473;473.0;46.0;42.8;41.2;39.7;38.3;37.4;35.8;33.1;
474;474.0;46.1;42.9;41.3;39.7;38.3;37.4;35.9;33.1;
475;475.0;46.1;42.9;41.3;39.7;38.3;37.4;35.9;33.1;
476;476.0;46.1;42.9;41.3;39.8;38.3;37.4;35.9;33.1;
477;477.0;46.2;42.9;41.3;39.8;38.3;37.4;35.9;33.1;
478;478.0;46.2;42.9;41.3;39.9;38.3;37.5;35.9;33.1;
479;479.0;46.2;42.9;41.3;39.9;38.3;37.5;35.9;33.2;
480;480.0;46.2;43.0;41.4;40.0;38.4;37.5;35.9;33.2;
481;481.0;46.2;42.9;41.3;39.8;38.3;37.5;36.0;33.2;
482;482.0;46.3;43.0;41.4;40.0;38.4;37.5;36.0;33.3;
483;483.0;46.3;43.0;41.4;40.0;38.5;37.5;36.0;33.3;
484;484.0;46.3;43.1;41.4;40.0;38.5;37.5;36.0;33.3;
485;485.0;46.3;43.1;41.5;40.0;38.5;37.5;36.0;33.3;
486;486.0;46.3;43.1;41.5;40.0;38.5;37.5;36.0;33.3;
487;487.0;46.4;43.2;41.5;40.0;38.6;37.5;36.1;33.4;
488;488.0;46.4;43.2;41.7;40.0;38.6;37.6;36.1;33.4;
489;489.0;46.5;43.2;41.6;40.0;38.6;37.6;36.1;33.4;
490;490.0;46.5;43.2;41.7;40.1;38.6;37.6;36.1;33.4;
491;491.0;46.5;43.2;41.7;40.1;38.6;37.6;36.2;33.4;
492;492.0;46.5;43.2;41.7;40.1;38.7;37.6;36.2;33.4;
493;493.0;46.5;43.2;41.7;40.1;38.7;37.7;36.3;33.4;
494;494.0;46.6;43.3;41.7;40.1;38.7;37.8;36.3;33.4;
495;495.0;46.6;43.3;41.7;40.2;38.7;37.8;36.3;33.4;
496;496.0;46.6;43.3;41.7;40.2;38.8;37.8;36.3;33.4;
497;497.0;46.6;43.3;41.7;40.2;38.7;37.8;36.3;33.4;
498;498.0;46.6;43.4;41.7;40.2;38.8;37.8;36.3;33.4;
499;499.0;46.6;43.3;41.7;40.3;38.8;37.8;36.3;33.4;
500;500.0;46.6;43.4;41.8;40.4;38.8;37.9;36.3;33.5;
501;501.0;46.7;43.4;41.8;40.3;38.8;37.9;36.3;33.5;
502;502.0;46.7;43.4;41.8;40.4;38.8;37.9;36.3;33.5;
503;503.0;46.8;43.4;41.8;40.4;38.8;37.9;36.4;33.5;
504;504.0;46.7;43.4;41.8;40.4;38.8;37.9;36.3;33.4;
505;505.0;46.8;43.5;41.9;40.4;38.9;37.9;36.4;33.5;
506;506.0;46.8;43.5;41.9;40.4;38.9;37.9;36.4;33.5;
507;507.0;46.9;43.5;42.0;40.4;38.9;38.0;36.4;33.5;
508;508.0;46.9;43.6;42.0;40.4;38.9;38.0;36.5;33.6;
509;509.0;46.9;43.6;42.0;40.4;39.0;38.0;36.5;33.6;
510;510.0;47.0;43.5;42.0;40.4;38.9;38.0;36.4;33.6;
511;511.0;47.0;43.7;42.1;40.5;39.0;38.0;36.5;33.7;
512;512.0;47.0;43.7;42.1;40.5;39.0;38.1;36.5;33.7;
513;513.0;47.0;43.7;42.1;40.6;39.0;38.1;36.6;33.7;
514;514.0;47.0;43.7;42.1;40.6;39.1;38.1;36.6;33.7;
515;515.0;47.0;43.7;42.1;40.8;39.1;38.1;36.7;33.7;
516;516.0;47.1;43.7;42.1;40.8;39.2;38.2;36.6;33.7;
517;517.0;47.1;43.7;42.1;40.8;39.2;38.2;36.7;33.8;
518;518.0;47.1;43.7;42.1;40.8;39.2;38.2;36.7;33.8;
519;519.0;47.1;43.8;42.2;40.8;39.2;38.2;36.7;33.8;
520;520.0;47.1;43.8;42.2;40.8;39.2;38.2;36.7;33.8;
521;521.0;47.1;43.8;42.2;40.8;39.2;38.2;36.7;33.8;
522;522.0;47.1;43.8;42.2;40.8;39.2;38.3;36.7;33.8;
523;523.0;47.1;43.8;42.3;40.8;39.2;38.3;36.7;33.8;
524;524.0;47.2;43.9;42.3;40.9;39.2;38.3;36.7;33.8;
525;525.0;47.2;44.0;42.3;40.9;39.2;38.3;36.7;33.8;
526;526.0;47.3;43.9;42.4;40.9;39.2;38.3;36.7;33.8;
527;527.0;47.3;44.0;42.4;41.0;39.2;38.3;36.7;33.9;
528;528.0;47.4;44.0;42.4;41.0;39.3;38.3;36.7;33.9;
529;529.0;47.4;44.0;42.4;41.0;39.3;38.3;36.8;33.8;
530;530.0;47.4;44.0;42.4;41.0;39.3;38.4;36.8;33.9;
531;531.0;47.4;44.1;42.4;41.0;39.4;38.4;36.9;33.9;
532;532.0;47.4;44.1;42.5;41.1;39.4;38.4;36.9;33.9;
533;533.0;47.4;44.1;42.5;41.1;39.4;38.4;36.9;33.9;
534;534.0;47.4;44.1;42.5;41.0;39.4;38.4;36.9;34.0;
535;535.0;47.4;44.1;42.5;41.1;39.5;38.5;36.9;34.0;
536;536.0;47.5;44.1;42.5;41.1;39.5;38.5;36.9;34.0;
537;537.0;47.5;44.2;42.5;41.2;39.5;38.5;37.0;34.0;
538;538.0;47.5;44.2;42.5;41.2;39.5;38.5;37.0;34.0;
539;539.0;47.5;44.2;42.6;41.3;39.6;38.6;37.0;34.0;
540;540.0;47.5;44.2;42.6;41.3;39.6;38.6;37.0;34.0;
541;541.0;47.6;44.2;42.7;41.3;39.6;38.6;37.0;34.0;
542;542.0;47.6;44.2;42.6;41.3;39.6;38.6;37.0;34.0;
543;543.0;47.6;44.2;42.7;41.3;39.6;38.7;37.1;34.0;
544;544.0;47.6;44.4;42.7;41.3;39.6;38.7;37.1;34.1;
545;545.0;47.6;44.3;42.7;41.3;39.6;38.7;37.1;34.1;
546;546.0;47.6;44.3;42.7;41.3;39.6;38.7;37.1;34.1;
547;547.0;47.7;44.4;42.7;41.3;39.6;38.7;37.1;34.1;
548;548.0;47.7;44.4;42.7;41.3;39.7;38.8;37.1;34.2;
549;549.0;47.7;44.4;42.7;41.3;39.6;38.8;37.1;34.2;
550;550.0;47.7;44.5;42.8;41.4;39.7;38.8;37.1;34.2;
551;551.0;47.8;44.5;42.8;41.4;39.7;38.8;37.1;34.1;
552;552.0;47.8;44.5;42.8;41.4;39.7;38.8;37.2;34.2;
553;553.0;47.8;44.5;42.8;41.4;39.8;38.8;37.2;34.2;
554;554.0;47.9;44.5;42.9;41.4;39.8;38.8;37.3;34.2;
555;555.0;47.9;44.6;42.9;41.5;39.8;38.8;37.2;34.2;
556;556.0;47.9;44.5;42.9;41.5;39.9;38.8;37.3;34.2;
557;557.0;47.9;44.5;42.9;41.5;39.9;38.8;37.3;34.2;
558;558.0;47.9;44.6;42.9;41.6;39.9;38.8;37.3;34.2;
559;559.0;47.9;44.6;42.9;41.7;39.9;38.8;37.3;34.3;
560;560.0;47.9;44.6;42.9;41.6;39.9;38.9;37.3;34.3;
561;561.0;47.9;44.6;43.0;41.7;39.9;38.9;37.3;34.3;
562;562.0;47.9;44.6;43.0;41.7;39.9;38.9;37.3;34.3;
563;563.0;47.9;44.6;43.0;41.7;40.0;38.9;37.3;34.3;
564;564.0;48.0;44.6;43.0;41.7;40.0;38.9;37.3;34.3;
565;565.0;48.0;44.7;43.0;41.7;40.0;39.0;37.4;34.3;
566;566.0;48.0;44.7;43.1;41.7;40.0;39.0;37.4;34.3;
567;567.0;48.0;44.7;43.1;41.7;40.0;39.0;37.4;34.4;
568;568.0;48.1;44.7;43.1;41.7;40.0;39.1;37.4;34.4;
569;569.0;48.1;44.8;43.1;41.7;40.0;39.1;37.5;34.4;
570;570.0;48.2;44.8;43.1;41.7;40.0;39.1;37.5;34.4;
571;571.0;48.2;44.8;43.2;41.7;40.0;39.1;37.5;34.4;
572;572.0;48.2;44.8;43.2;41.8;40.0;39.1;37.5;34.4;
573;573.0;48.2;44.8;43.2;41.8;40.1;39.1;37.5;34.4;
574;574.0;48.2;44.8;43.2;41.8;40.1;39.2;37.5;34.4;
575;575.0;48.3;44.9;43.3;41.8;40.2;39.2;37.5;34.5;
576;576.0;48.3;44.9;43.3;41.9;40.2;39.2;37.5;34.4;
577;577.0;48.3;44.9;43.3;41.9;40.2;39.2;37.5;34.5;
578;578.0;48.3;44.9;43.3;41.9;40.2;39.2;37.6;34.5;
579;579.0;48.3;45.0;43.3;41.9;40.2;39.2;37.6;34.5;
580;580.0;48.3;45.0;43.3;41.9;40.2;39.2;37.6;34.6;
581;581.0;48.3;45.0;43.3;41.9;40.2;39.2;37.6;34.4;
582;582.0;48.3;45.0;43.3;42.0;40.3;39.3;37.6;34.6;
583;583.0;48.3;45.0;43.3;42.0;40.2;39.2;37.7;34.6;
584;584.0;48.3;45.0;43.4;42.0;40.3;39.3;37.7;34.6;
585;585.0;48.3;45.0;43.4;42.0;40.3;39.3;37.7;34.6;
586;586.0;48.4;45.0;43.4;42.0;40.3;39.3;37.7;34.6;
587;587.0;48.4;45.0;43.4;42.1;40.3;39.3;37.7;34.6;
588;588.0;48.4;45.0;43.4;42.1;40.4;39.4;37.7;34.6;
589;589.0;48.5;45.1;43.4;42.1;40.4;39.4;37.7;34.6;
590;590.0;48.5;45.1;43.4;42.1;40.4;39.4;37.7;34.6;
591;591.0;48.5;45.2;43.5;42.1;40.4;39.4;37.8;34.6;
592;592.0;48.6;45.1;43.5;42.1;40.4;39.4;37.8;34.6;
593;593.0;48.6;45.1;43.6;42.1;40.4;39.4;37.8;34.6;
594;594.0;48.6;45.2;43.5;42.1;40.4;39.4;37.8;34.6;
595;595.0;48.6;45.2;43.6;42.2;40.4;39.4;37.8;34.6;
596;596.0;48.6;45.2;43.6;42.1;40.4;39.4;37.8;34.6;
597;597.0;48.6;45.3;43.6;42.2;40.5;39.5;37.9;34.7;
598;598.0;48.6;45.3;43.7;42.2;40.5;39.5;37.9;34.6;
599;599.0;48.7;45.3;43.7;42.3;40.5;39.6;37.9;34.7;
600;600.0;48.7;45.3;43.7;42.2;40.5;39.5;37.9;34.7;
601;601.0;48.7;45.4;43.7;42.3;40.6;39.6;37.9;34.7;
602;602.0;48.7;45.4;43.7;42.3;40.5;39.6;37.9;34.7;
603;603.0;48.7;45.4;43.7;42.3;40.6;39.6;37.9;34.7;
604;604.0;48.7;45.4;43.7;42.3;40.6;39.6;38.0;34.7;
605;605.0;48.7;45.4;43.7;42.3;40.6;39.6;38.0;34.7;
606;606.0;48.7;45.4;43.7;42.3;40.6;39.6;38.0;34.8;
607;607.0;48.8;45.4;43.7;42.3;40.6;39.6;38.0;34.7;
608;608.0;48.8;45.4;43.8;42.4;40.6;39.7;38.0;34.8;
609;609.0;48.8;45.4;43.7;42.4;40.6;39.7;38.0;34.8;
610;610.0;48.8;45.4;43.7;42.4;40.7;39.6;38.0;34.7;
611;611.0;48.9;45.4;43.7;42.4;40.7;39.7;38.0;34.8;
612;612.0;48.8;45.4;43.8;42.5;40.7;39.7;38.1;34.8;
613;613.0;48.9;45.4;43.8;42.4;40.7;39.7;38.0;34.8;
614;614.0;48.9;45.5;43.8;42.5;40.7;39.8;38.1;34.8;
615;615.0;48.9;45.5;43.9;42.5;40.8;39.8;38.1;34.9;
616;616.0;48.9;45.5;43.8;42.5;40.7;39.8;38.0;34.8;
617;617.0;48.9;45.5;43.9;42.5;40.8;39.8;38.2;35.0;
618;618.0;49.0;45.6;44.0;42.5;40.8;39.8;38.2;35.0;
619;619.0;49.0;45.7;44.0;42.5;40.8;39.8;38.2;35.0;
620;620.0;49.0;45.7;44.0;42.6;40.8;39.8;38.2;35.0;
621;621.0;49.0;45.7;44.0;42.5;40.8;39.8;38.2;35.0;
622;622.0;49.1;45.7;44.0;42.6;40.9;39.9;38.3;35.0;
623;623.0;49.1;45.7;44.0;42.6;40.9;39.9;38.3;35.0;
624;624.0;49.1;45.7;44.0;42.6;40.9;39.9;38.2;35.0;
625;625.0;49.1;45.7;44.0;42.6;40.9;40.0;38.3;35.0;
626;626.0;49.1;45.8;44.1;42.7;40.9;40.0;38.3;35.0;
627;627.0;49.1;45.8;44.1;42.7;40.9;40.0;38.3;35.0;
628;628.0;49.1;45.8;44.1;42.7;40.9;40.0;38.3;35.0;
629;629.0;49.1;45.8;44.1;42.7;40.9;40.0;38.3;35.0;
630;630.0;49.1;45.8;44.1;42.7;40.9;40.0;38.3;35.0;
631;631.0;49.2;45.8;44.2;42.7;40.9;40.0;38.3;35.0;
632;632.0;49.2;45.8;44.2;42.8;41.0;40.0;38.3;35.0;
633;633.0;49.2;45.8;44.2;42.7;41.0;40.0;38.3;35.0;
634;634.0;49.2;45.8;44.2;42.7;41.0;40.0;38.3;35.0;
635;635.0;49.2;45.8;44.2;42.8;41.1;40.0;38.3;35.0;
636;636.0;49.2;45.8;44.2;42.8;41.0;40.0;38.3;35.0;
637;637.0;49.3;45.9;44.2;42.8;41.1;40.1;38.3;35.1;
638;638.0;49.3;45.9;44.2;42.8;41.1;40.1;38.4;35.0;
639;639.0;49.2;45.8;44.2;42.8;41.1;40.0;38.3;35.0;
640;640.0;49.3;45.9;44.3;42.9;41.3;40.1;38.4;35.1;
641;641.0;49.3;46.0;44.3;42.9;41.3;40.1;38.4;35.1;
642;642.0;49.4;46.0;44.3;42.9;41.3;40.1;38.4;35.1;
643;643.0;49.4;46.0;44.3;42.9;41.3;40.1;38.5;35.2;
644;644.0;49.5;46.0;44.3;42.9;41.3;40.2;38.6;35.2;
645;645.0;49.5;46.0;44.3;43.0;41.3;40.2;38.6;35.2;
646;646.0;49.5;46.0;44.4;42.9;41.3;40.2;38.6;35.2;
647;647.0;49.5;46.0;44.4;43.0;41.3;40.2;38.6;35.2;
648;648.0;49.5;46.0;44.4;43.0;41.3;40.2;38.6;35.2;
649;649.0;49.5;46.0;44.4;42.9;41.3;40.2;38.6;35.3;
650;650.0;49.5;46.1;44.4;43.0;41.4;40.2;38.6;35.3;
651;651.0;49.5;46.1;44.4;43.0;41.4;40.2;38.6;35.3;
652;652.0;49.5;46.1;44.5;43.0;41.5;40.2;38.6;35.3;
653;653.0;49.5;46.1;44.5;43.0;41.5;40.3;38.6;35.3;
654;654.0;49.5;46.1;44.5;43.0;41.5;40.3;38.6;35.3;
655;655.0;49.5;46.2;44.5;43.0;41.5;40.4;38.7;35.4;
656;656.0;49.5;46.2;44.5;43.1;41.5;40.3;38.6;35.4;
657;657.0;49.5;46.2;44.5;43.1;41.5;40.4;38.7;35.4;
658;658.0;49.5;46.2;44.6;43.1;41.5;40.4;38.7;35.3;
659;659.0;49.6;46.2;44.6;43.2;41.5;40.4;38.7;35.3;
660;660.0;49.6;46.2;44.6;43.2;41.6;40.4;38.7;35.4;
661;661.0;49.6;46.3;44.6;43.2;41.6;40.4;38.7;35.4;
662;662.0;49.6;46.2;44.6;43.2;41.5;40.4;38.7;35.4;
663;663.0;49.6;46.3;44.6;43.2;41.6;40.4;38.8;35.4;
664;664.0;49.6;46.3;44.6;43.2;41.6;40.4;38.8;35.4;
665;665.0;49.6;46.3;44.6;43.2;41.6;40.4;38.8;35.4;
666;666.0;49.7;46.3;44.7;43.3;41.7;40.4;38.8;35.4;
667;667.0;49.7;46.3;44.6;43.3;41.7;40.4;38.8;35.4;
668;668.0;49.7;46.3;44.7;43.3;41.7;40.4;38.8;35.4;
669;669.0;49.8;46.3;44.7;43.3;41.6;40.4;38.8;35.4;
670;670.0;49.8;46.4;44.7;43.3;41.7;40.4;38.8;35.4;
671;671.0;49.8;46.4;44.7;43.3;41.7;40.5;38.9;35.4;
672;672.0;49.9;46.4;44.7;43.3;41.7;40.5;38.8;35.4;
673;673.0;49.9;46.4;44.7;43.3;41.7;40.5;38.9;35.4;
674;674.0;49.9;46.4;44.8;43.3;41.7;40.6;38.9;35.4;
675;675.0;49.9;46.4;44.8;43.3;41.7;40.6;38.9;35.4;
676;676.0;49.9;46.4;44.7;43.3;41.8;40.6;38.9;35.4;
677;677.0;49.9;46.5;44.8;43.3;41.7;40.6;38.9;35.4;
678;678.0;50.0;46.5;44.8;43.4;41.8;40.6;38.9;35.4;
679;679.0;49.9;46.6;44.9;43.3;41.8;40.6;38.9;35.4;
680;680.0;50.0;46.6;44.9;43.4;41.8;40.7;38.9;35.4;
681;681.0;50.0;46.6;44.9;43.4;41.8;40.6;38.9;35.5;
682;682.0;50.0;46.6;44.9;43.4;41.8;40.7;38.9;35.4;
683;683.0;50.0;46.6;45.0;43.4;41.8;40.7;39.0;35.6;
684;684.0;50.0;46.6;45.0;43.4;41.8;40.7;39.0;35.5;
685;685.0;50.0;46.6;45.0;43.4;41.9;40.7;39.0;35.6;
686;686.0;50.0;46.6;45.0;43.5;41.9;40.7;39.0;35.5;
687;687.0;50.0;46.6;45.0;43.4;41.9;40.7;39.0;35.5;
688;688.0;50.0;46.6;45.0;43.5;41.9;40.7;39.0;35.6;
689;689.0;50.1;46.6;45.0;43.6;41.9;40.8;39.1;35.6;
690;690.0;50.0;46.6;45.0;43.5;41.9;40.7;39.0;35.6;
691;691.0;50.1;46.6;45.0;43.6;41.9;40.8;39.1;35.6;
692;692.0;50.1;46.6;45.0;43.6;42.0;40.8;39.1;35.7;
693;693.0;50.1;46.6;45.0;43.6;42.0;40.8;39.1;35.6;
694;694.0;50.1;46.7;45.0;43.6;42.0;40.8;39.2;35.7;
695;695.0;50.2;46.7;45.0;43.6;42.0;40.8;39.1;35.7;
696;696.0;50.2;46.7;45.0;43.6;42.0;40.8;39.2;35.7;
697;697.0;50.2;46.7;45.0;43.7;42.0;40.8;39.2;35.7;
698;698.0;50.2;46.7;45.1;43.7;42.1;40.8;39.2;35.7;
699;699.0;50.2;46.7;45.1;43.7;42.1;40.8;39.2;35.7;
700;700.0;50.2;46.8;45.1;43.7;42.1;40.8;39.2;35.7;
701;701.0;50.2;46.8;45.1;43.7;42.1;40.9;39.2;35.7;
702;702.0;50.3;46.8;45.1;43.7;42.1;40.8;39.2;35.7;
703;703.0;50.3;46.8;45.1;43.7;42.1;40.9;39.2;35.7;
704;704.0;50.3;46.8;45.1;43.7;42.1;40.9;39.2;35.8;
705;705.0;50.3;46.8;45.1;43.7;42.1;41.0;39.2;35.7;
706;706.0;50.3;46.9;45.2;43.7;42.1;41.0;39.2;35.8;
707;707.0;50.3;46.9;45.2;43.7;42.1;41.0;39.3;35.8;
708;708.0;50.3;46.9;45.2;43.8;42.2;41.0;39.2;35.8;
709;709.0;50.3;46.9;45.3;43.8;42.2;41.0;39.3;35.8;
710;710.0;50.4;46.9;45.3;43.8;42.2;41.0;39.3;35.8;
711;711.0;50.4;47.0;45.3;43.8;42.2;41.0;39.3;35.9;
712;712.0;50.4;47.1;45.3;43.8;42.2;41.0;39.3;35.9;
713;713.0;50.4;47.0;45.3;43.9;42.2;41.1;39.3;35.9;
714;714.0;50.4;47.0;45.3;43.9;42.2;41.1;39.3;35.9;
715;715.0;50.4;47.1;45.3;43.8;42.2;41.1;39.3;35.9;
716;716.0;50.4;47.0;45.3;43.8;42.2;41.0;39.3;35.9;
717;717.0;50.4;47.1;45.3;43.9;42.2;41.1;39.3;35.9;
718;718.0;50.4;47.1;45.3;43.9;42.3;41.1;39.3;35.9;
719;719.0;50.5;47.1;45.4;43.9;42.2;41.1;39.3;35.9;
720;720.0;50.4;47.1;45.4;43.9;42.3;41.1;39.4;35.9;
721;721.0;50.5;47.1;45.4;43.9;42.3;41.1;39.4;35.9;
722;722.0;50.5;47.1;45.4;44.0;42.3;41.1;39.5;35.9;
723;723.0;50.5;47.1;45.4;43.9;42.4;41.1;39.5;35.9;
724;724.0;50.5;47.1;45.4;44.0;42.4;41.2;39.5;35.9;
725;725.0;50.5;47.1;45.4;43.9;42.4;41.2;39.5;35.9;
726;726.0;50.5;47.1;45.4;44.1;42.4;41.3;39.6;35.9;
727;727.0;50.5;47.2;45.5;44.0;42.4;41.2;39.5;35.9;
728;728.0;50.5;47.2;45.5;44.0;42.4;41.3;39.5;35.9;
729;729.0;50.6;47.2;45.5;44.0;42.5;41.3;39.5;35.9;
730;730.0;50.6;47.2;45.5;44.0;42.5;41.3;39.5;35.9;
731;731.0;50.6;47.2;45.5;44.1;42.5;41.3;39.6;35.9;
732;732.0;50.6;47.3;45.5;44.1;42.5;41.3;39.6;35.9;
733;733.0;50.6;47.2;45.5;44.1;42.5;41.4;39.6;35.9;
734;734.0;50.7;47.2;45.6;44.1;42.5;41.4;39.6;35.9;
735;735.0;50.6;47.3;45.5;44.1;42.5;41.3;39.6;35.9;
736;736.0;50.7;47.2;45.5;44.1;42.5;41.4;39.6;35.9;
737;737.0;50.8;47.3;45.6;44.2;42.5;41.5;39.6;36.0;
738;738.0;50.8;47.3;45.7;44.2;42.5;41.5;39.6;36.0;
739;739.0;50.8;47.3;45.6;44.2;42.5;41.4;39.6;35.9;
740;740.0;50.8;47.3;45.7;44.2;42.5;41.5;39.6;36.0;
741;741.0;50.8;47.3;45.6;44.2;42.5;41.4;39.6;35.9;
742;742.0;50.8;47.3;45.7;44.2;42.5;41.5;39.6;36.0;
743;743.0;50.8;47.3;45.7;44.2;42.5;41.5;39.6;36.0;
744;744.0;50.8;47.4;45.7;44.2;42.5;41.5;39.6;36.0;
745;745.0;50.8;47.4;45.7;44.2;42.5;41.5;39.6;36.0;
746;746.0;50.8;47.4;45.7;44.2;42.6;41.5;39.6;36.1;
747;747.0;50.8;47.4;45.7;44.2;42.5;41.6;39.7;36.1;
748;748.0;50.8;47.4;45.7;44.2;42.6;41.6;39.6;36.1;
749;749.0;50.8;47.4;45.7;44.3;42.6;41.7;39.6;36.1;
750;750.0;50.8;47.4;45.7;44.3;42.6;41.6;39.7;36.1;
751;751.0;50.8;47.5;45.7;44.3;42.6;41.7;39.7;36.1;
752;752.0;50.9;47.5;45.8;44.3;42.6;41.6;39.7;36.1;
753;753.0;50.9;47.5;45.8;44.3;42.7;41.7;39.7;36.1;
754;754.0;50.9;47.5;45.8;44.3;42.7;41.7;39.7;36.1;
755;755.0;50.9;47.5;45.8;44.3;42.7;41.7;39.7;36.1;
756;756.0;50.9;47.5;45.8;44.3;42.8;41.7;39.8;36.2;
757;757.0;50.9;47.5;45.8;44.3;42.7;41.7;39.8;36.2;
758;758.0;50.9;47.5;45.8;44.4;42.8;41.7;39.8;36.2;
759;759.0;50.9;47.5;45.8;44.4;42.8;41.7;39.7;36.2;
760;760.0;51.0;47.5;45.9;44.4;42.8;41.7;39.8;36.2;
761;761.0;51.0;47.6;45.9;44.4;42.8;41.7;39.8;36.2;
762;762.0;51.0;47.6;45.9;44.5;42.8;41.7;39.8;36.2;
763;763.0;51.0;47.6;45.9;44.5;42.8;41.7;39.9;36.2;
764;764.0;51.0;47.6;45.9;44.5;42.8;41.7;39.9;36.3;
765;765.0;51.0;47.6;45.9;44.5;42.8;41.7;39.9;36.3;
766;766.0;51.0;47.6;45.9;44.5;42.8;41.7;39.9;36.3;
767;767.0;51.0;47.6;46.0;44.5;42.8;41.7;39.9;36.3;
768;768.0;51.1;47.6;46.0;44.5;42.9;41.7;39.9;36.3;
769;769.0;51.1;47.7;46.0;44.6;42.8;41.7;39.9;36.3;
770;770.0;51.1;47.6;46.0;44.6;42.9;41.8;39.9;36.3;
771;771.0;51.1;47.7;46.0;44.6;42.9;41.8;40.0;36.3;
772;772.0;51.2;47.6;46.0;44.6;42.9;41.9;39.9;36.3;
773;773.0;51.1;47.7;46.0;44.6;42.9;41.9;39.9;36.3;
774;774.0;51.2;47.7;46.0;44.6;42.9;41.9;40.0;36.3;
775;775.0;51.2;47.7;46.0;44.6;42.9;41.8;40.0;36.3;
776;776.0;51.2;47.7;46.0;44.6;42.9;41.9;40.0;36.3;
777;777.0;51.2;47.8;46.0;44.6;42.9;41.9;40.0;36.3;
778;778.0;51.2;47.8;46.1;44.6;42.9;41.9;40.0;36.3;
779;779.0;51.2;47.8;46.1;44.6;42.9;41.9;40.0;36.3;
780;780.0;51.2;47.8;46.1;44.6;43.0;41.9;40.0;36.3;
781;781.0;51.2;47.9;46.1;44.6;43.0;41.9;40.0;36.3;
782;782.0;51.2;47.8;46.1;44.6;43.0;41.9;40.0;36.3;
783;783.0;51.2;47.9;46.2;44.6;43.0;42.0;40.0;36.3;
784;784.0;51.2;47.9;46.2;44.6;43.0;42.0;40.0;36.3;
785;785.0;51.3;47.9;46.2;44.6;43.0;42.0;40.0;36.3;
786;786.0;51.2;47.9;46.2;44.7;43.0;42.0;40.1;36.3;
787;787.0;51.4;47.9;46.2;44.7;43.1;42.0;40.1;36.4;
788;788.0;51.2;47.9;46.2;44.6;43.0;42.0;40.0;36.3;
789;789.0;51.2;47.9;46.2;44.7;43.1;42.0;40.1;36.3;
790;790.0;51.3;47.9;46.2;44.7;43.1;42.0;40.0;36.3;
791;791.0;51.4;47.9;46.2;44.8;43.2;42.0;40.1;36.4;
792;792.0;51.4;47.9;46.2;44.7;43.1;42.1;40.1;36.4;
793;793.0;51.4;47.9;46.2;44.8;43.1;42.0;40.2;36.5;
794;794.0;51.4;47.9;46.2;44.7;43.2;42.1;40.2;36.4;
795;795.0;51.4;47.9;46.2;44.8;43.1;42.1;40.2;36.4;
796;796.0;51.4;48.0;46.2;44.7;43.1;42.1;40.2;36.4;
797;797.0;51.5;48.0;46.3;44.9;43.1;42.1;40.2;36.5;
798;798.0;51.5;48.0;46.2;44.9;43.2;42.1;40.2;36.5;
799;799.0;51.5;48.0;46.2;44.9;43.2;42.1;40.2;36.5;
800;800.0;51.4;48.0;46.3;44.9;43.2;42.1;40.2;36.5;
801;801.0;51.5;48.0;46.3;44.9;43.2;42.1;40.2;36.5;
802;802.0;51.5;48.0;46.3;44.9;43.2;42.1;40.2;36.5;
803;803.0;51.5;48.0;46.3;44.9;43.2;42.1;40.2;36.6;
804;804.0;51.6;48.1;46.3;44.9;43.2;42.1;40.3;36.6;
805;805.0;51.6;48.1;46.3;44.9;43.2;42.1;40.3;36.5;
806;806.0;51.6;48.1;46.3;44.9;43.3;42.1;40.3;36.6;
807;807.0;51.6;48.1;46.3;45.0;43.3;42.1;40.3;36.6;
808;808.0;51.6;48.1;46.3;44.9;43.2;42.1;40.3;36.5;
809;809.0;51.6;48.1;46.4;45.0;43.3;42.2;40.3;36.6;
810;810.0;51.6;48.2;46.4;44.9;43.3;42.3;40.3;36.6;
811;811.0;51.7;48.1;46.4;45.0;43.3;42.2;40.3;36.6;
812;812.0;51.6;48.1;46.4;45.0;43.3;42.2;40.3;36.6;
813;813.0;51.6;48.1;46.4;44.9;43.3;42.2;40.3;36.6;
814;814.0;51.7;48.2;46.4;45.0;43.3;42.2;40.3;36.6;
815;815.0;51.7;48.2;46.5;45.0;43.3;42.3;40.4;36.6;
816;816.0;51.7;48.3;46.4;45.0;43.3;42.3;40.4;36.6;
817;817.0;51.8;48.3;46.5;45.0;43.3;42.3;40.3;36.6;
818;818.0;51.8;48.2;46.6;45.0;43.3;42.3;40.4;36.6;
819;819.0;51.8;48.3;46.6;45.1;43.4;42.3;40.4;36.6;
820;820.0;51.8;48.3;46.5;45.0;43.4;42.3;40.3;36.6;
821;821.0;51.8;48.3;46.6;45.0;43.4;42.3;40.4;36.6;
822;822.0;51.8;48.3;46.6;45.1;43.4;42.3;40.4;36.7;
823;823.0;51.8;48.3;46.6;45.1;43.4;42.4;40.4;36.7;
824;824.0;51.8;48.3;46.6;45.1;43.4;42.4;40.4;36.7;
825;825.0;51.8;48.3;46.6;45.1;43.4;42.3;40.4;36.6;
826;826.0;51.9;48.3;46.6;45.1;43.4;42.4;40.4;36.7;
827;827.0;51.9;48.3;46.6;45.1;43.5;42.4;40.4;36.7;
828;828.0;51.9;48.3;46.6;45.2;43.5;42.4;40.4;36.7;
829;829.0;51.9;48.3;46.6;45.2;43.5;42.4;40.4;36.7;
830;830.0;51.9;48.3;46.6;45.1;43.5;42.4;40.4;36.7;
831;831.0;51.9;48.3;46.6;45.2;43.5;42.4;40.5;36.7;
832;832.0;51.9;48.3;46.6;45.2;43.5;42.4;40.5;36.7;
833;833.0;51.9;48.3;46.6;45.2;43.5;42.4;40.5;36.7;
834;834.0;51.9;48.4;46.6;45.2;43.5;42.5;40.5;36.7;
835;835.0;52.0;48.4;46.6;45.2;43.5;42.5;40.5;36.7;
836;836.0;52.0;48.4;46.6;45.3;43.5;42.5;40.5;36.7;
837;837.0;52.0;48.4;46.6;45.3;43.5;42.5;40.5;36.7;
838;838.0;52.0;48.4;46.7;45.3;43.6;42.5;40.6;36.7;
839;839.0;52.0;48.4;46.7;45.3;43.5;42.5;40.6;36.7;
840;840.0;52.0;48.4;46.7;45.3;43.5;42.5;40.5;36.7;
841;841.0;52.0;48.5;46.7;45.3;43.6;42.5;40.6;36.7;
842;842.0;52.0;48.5;46.8;45.3;43.6;42.5;40.6;36.7;
843;843.0;52.0;48.5;46.8;45.3;43.6;42.5;40.6;36.7;
844;844.0;52.0;48.5;46.8;45.3;43.7;42.5;40.6;36.8;
845;845.0;52.0;48.5;46.8;45.3;43.6;42.5;40.6;36.7;
846;846.0;52.0;48.6;46.8;45.3;43.7;42.5;40.6;36.7;
847;847.0;52.0;48.6;46.8;45.4;43.7;42.6;40.6;36.8;
848;848.0;52.1;48.6;46.9;45.3;43.7;42.6;40.6;36.9;
849;849.0;52.1;48.6;46.8;45.3;43.7;42.5;40.6;36.8;
850;850.0;52.1;48.6;46.9;45.4;43.7;42.6;40.6;36.8;
851;851.0;52.1;48.6;46.9;45.4;43.7;42.6;40.7;36.8;
852;852.0;52.1;48.6;46.9;45.4;43.7;42.6;40.7;36.8;
853;853.0;52.1;48.6;46.9;45.4;43.7;42.6;40.6;36.9;
854;854.0;52.1;48.6;46.9;45.4;43.7;42.6;40.8;36.9;
855;855.0;52.1;48.7;46.9;45.4;43.7;42.6;40.7;36.9;
856;856.0;52.1;48.7;46.9;45.4;43.7;42.6;40.8;36.9;
857;857.0;52.2;48.7;46.9;45.4;43.7;42.6;40.8;36.9;
858;858.0;52.1;48.7;46.9;45.4;43.7;42.6;40.8;36.9;
859;859.0;52.2;48.7;46.9;45.4;43.7;42.6;40.7;36.9;
860;860.0;52.2;48.7;46.9;45.4;43.7;42.7;40.8;36.9;
861;861.0;52.2;48.7;46.9;45.4;43.7;42.6;40.8;36.9;
862;862.0;52.2;48.7;47.0;45.4;43.7;42.7;40.8;36.9;
863;863.0;52.2;48.7;47.0;45.5;43.7;42.7;40.8;36.9;
864;864.0;52.2;48.7;47.0;45.5;43.8;42.7;40.9;36.9;
865;865.0;52.3;48.7;47.0;45.5;43.8;42.7;40.9;37.0;
866;866.0;52.2;48.7;47.0;45.5;43.8;42.7;40.9;36.9;
867;867.0;52.2;48.7;47.0;45.5;43.8;42.7;40.9;36.9;
868;868.0;52.3;48.7;47.0;45.5;43.8;42.7;40.9;36.9;
869;869.0;52.2;48.7;47.0;45.5;43.8;42.7;40.9;37.0;
870;870.0;52.3;48.7;47.1;45.5;43.8;42.7;40.9;37.0;
871;871.0;52.3;48.7;47.1;45.6;43.9;42.8;40.9;37.0;
872;872.0;52.3;48.7;47.1;45.6;43.8;42.8;40.9;37.0;
873;873.0;52.3;48.7;47.1;45.6;43.9;42.8;40.9;37.0;
874;874.0;52.3;48.7;47.1;45.6;43.8;42.8;41.0;37.0;
875;875.0;52.4;48.8;47.1;45.6;43.9;42.8;41.0;37.0;
876;876.0;52.4;48.7;47.1;45.6;43.9;42.8;41.0;37.0;
877;877.0;52.4;48.7;47.1;45.6;43.9;42.8;40.9;37.0;
878;878.0;52.4;48.8;47.1;45.6;43.9;42.8;41.0;37.0;
879;879.0;52.4;48.9;47.1;45.6;43.9;42.9;41.0;37.0;
880;880.0;52.4;48.9;47.1;45.6;43.9;42.9;41.0;37.1;
881;881.0;52.4;48.9;47.2;45.6;43.9;42.9;41.0;37.1;
882;882.0;52.4;48.9;47.1;45.6;44.0;42.9;41.0;37.1;
883;883.0;52.4;48.9;47.2;45.6;44.0;42.9;41.0;37.1;
884;884.0;52.4;48.9;47.2;45.7;43.9;42.9;41.0;37.1;
885;885.0;52.4;48.9;47.1;45.7;44.0;42.9;41.0;37.2;
886;886.0;52.4;48.9;47.2;45.7;44.1;42.9;41.1;37.2;
887;887.0;52.4;48.9;47.2;45.7;44.0;42.9;41.2;37.2;
888;888.0;52.4;48.9;47.2;45.8;44.1;42.9;41.1;37.2;
889;889.0;52.5;48.9;47.2;45.8;44.1;42.9;41.2;37.2;
890;890.0;52.4;49.0;47.2;45.8;44.1;42.9;41.2;37.2;
891;891.0;52.5;48.9;47.2;45.8;44.1;42.9;41.2;37.2;
892;892.0;52.5;48.9;47.3;45.7;44.1;42.9;41.2;37.2;
893;893.0;52.5;49.0;47.3;45.8;44.1;42.9;41.2;37.2;
894;894.0;52.5;49.0;47.2;45.8;44.1;42.9;41.2;37.2;
895;895.0;52.5;49.0;47.3;45.8;44.1;42.9;41.2;37.3;
896;896.0;52.5;48.9;47.2;45.8;44.1;42.9;41.2;37.2;
897;897.0;52.5;49.0;47.3;45.8;44.1;42.9;41.2;37.2;
898;898.0;52.5;49.1;47.3;45.8;44.1;42.9;41.2;37.3;
899;899.0;52.5;49.1;47.3;45.8;44.1;43.0;41.2;37.2;
900;900.0;52.5;49.0;47.3;45.8;44.2;43.0;41.2;37.3;
901;901.0;52.6;49.1;47.3;45.8;44.2;43.0;41.2;37.3;
902;902.0;52.6;49.0;47.3;45.8;44.2;43.0;41.2;37.3;
903;903.0;52.6;49.1;47.3;45.8;44.2;43.0;41.2;37.3;
904;904.0;52.6;49.1;47.4;45.8;44.2;43.0;41.2;37.3;
905;905.0;52.5;49.1;47.3;45.8;44.2;43.0;41.3;37.3;
906;906.0;52.6;49.1;47.4;45.8;44.2;43.0;41.3;37.3;
907;907.0;52.6;49.1;47.4;45.8;44.2;43.0;41.3;37.3;
908;908.0;52.7;49.1;47.4;45.9;44.2;43.1;41.3;37.3;
909;909.0;52.5;49.1;47.3;45.8;44.2;43.0;41.3;37.3;
910;910.0;52.7;49.1;47.4;45.8;44.2;43.0;41.3;37.3;
911;911.0;52.7;49.1;47.5;45.9;44.2;43.2;41.3;37.3;
912;912.0;52.7;49.1;47.5;45.9;44.2;43.1;41.3;37.3;
913;913.0;52.7;49.2;47.4;45.9;44.2;43.1;41.3;37.3;
914;914.0;52.7;49.2;47.5;45.9;44.3;43.2;41.3;37.4;
915;915.0;52.8;49.2;47.5;45.9;44.3;43.1;41.3;37.4;
916;916.0;52.8;49.2;47.5;45.9;44.3;43.2;41.3;37.4;
917;917.0;52.8;49.2;47.5;45.9;44.3;43.2;41.3;37.4;
918;918.0;52.8;49.2;47.5;45.9;44.3;43.2;41.3;37.4;
919;919.0;52.8;49.2;47.5;46.0;44.3;43.2;41.3;37.4;
920;920.0;52.8;49.3;47.5;46.0;44.3;43.2;41.4;37.4;
921;921.0;52.8;49.2;47.5;46.0;44.3;43.2;41.4;37.4;
922;922.0;52.8;49.2;47.5;46.0;44.3;43.2;41.4;37.4;
923;923.0;52.8;49.2;47.5;46.0;44.4;43.3;41.4;37.5;
924;924.0;52.8;49.3;47.5;46.0;44.4;43.2;41.4;37.5;
925;925.0;52.8;49.2;47.5;46.0;44.3;43.2;41.3;37.4;
926;926.0;52.8;49.3;47.5;46.0;44.4;43.3;41.4;37.4;
927;927.0;52.9;49.2;47.5;46.0;44.4;43.3;41.5;37.5;
928;928.0;52.9;49.3;47.5;46.0;44.4;43.3;41.4;37.5;
929;929.0;52.8;49.3;47.5;46.0;44.4;43.3;41.4;37.5;
930;930.0;52.9;49.3;47.5;46.1;44.4;43.3;41.4;37.5;
931;931.0;52.9;49.3;47.6;46.1;44.4;43.3;41.5;37.5;
932;932.0;52.9;49.3;47.5;46.1;44.4;43.3;41.5;37.5;
933;933.0;52.9;49.4;47.5;46.1;44.5;43.3;41.5;37.5;
934;934.0;52.9;49.3;47.6;46.2;44.4;43.3;41.5;37.5;
935;935.0;52.9;49.3;47.6;46.2;44.4;43.3;41.5;37.5;
936;936.0;52.9;49.4;47.6;46.2;44.4;43.3;41.5;37.5;
937;937.0;52.9;49.4;47.6;46.1;44.4;43.3;41.5;37.5;
938;938.0;52.9;49.4;47.6;46.1;44.4;43.3;41.5;37.5;
939;939.0;52.9;49.4;47.6;46.2;44.4;43.3;41.5;37.5;
940;940.0;52.9;49.4;47.6;46.2;44.5;43.3;41.5;37.5;
941;941.0;52.9;49.4;47.7;46.2;44.5;43.3;41.5;37.5;
942;942.0;52.9;49.4;47.6;46.2;44.5;43.3;41.5;37.5;
943;943.0;52.9;49.4;47.7;46.2;44.5;43.3;41.5;37.5;
944;944.0;52.9;49.5;47.7;46.2;44.5;43.3;41.6;37.5;
945;945.0;52.9;49.5;47.7;46.2;44.5;43.3;41.5;37.5;
946;946.0;52.9;49.4;47.7;46.2;44.5;43.3;41.5;37.5;
947;947.0;53.0;49.5;47.7;46.2;44.5;43.3;41.5;37.5;
948;948.0;53.0;49.5;47.7;46.2;44.5;43.3;41.6;37.5;
949;949.0;53.0;49.5;47.7;46.2;44.6;43.4;41.5;37.6;
950;950.0;53.0;49.5;47.7;46.2;44.6;43.4;41.6;37.6;
951;951.0;53.0;49.5;47.7;46.2;44.6;43.4;41.6;37.6;
952;952.0;53.1;49.5;47.8;46.2;44.6;43.4;41.6;37.6;
953;953.0;53.1;49.5;47.8;46.2;44.6;43.4;41.6;37.7;
954;954.0;53.1;49.5;47.8;46.2;44.6;43.4;41.6;37.6;
955;955.0;53.1;49.6;47.8;46.2;44.6;43.4;41.6;37.6;
956;956.0;53.1;49.5;47.9;46.2;44.6;43.4;41.6;37.6;
957;957.0;53.1;49.5;47.9;46.2;44.6;43.4;41.6;37.6;
958;958.0;53.1;49.6;47.9;46.2;44.6;43.5;41.7;37.6;
959;959.0;53.1;49.6;47.9;46.3;44.6;43.4;41.7;37.7;
960;960.0;53.1;49.6;47.9;46.3;44.6;43.4;41.7;37.6;
961;961.0;53.1;49.6;47.9;46.3;44.6;43.5;41.7;37.7;
962;962.0;53.1;49.6;47.9;46.3;44.6;43.5;41.7;37.6;
963;963.0;53.2;49.6;47.9;46.4;44.6;43.5;41.7;37.7;
964;964.0;53.2;49.6;47.9;46.4;44.6;43.6;41.7;37.7;
965;965.0;53.2;49.6;47.9;46.4;44.6;43.5;41.7;37.7;
966;966.0;53.1;49.6;47.9;46.4;44.7;43.6;41.7;37.7;
967;967.0;53.2;49.6;47.9;46.4;44.7;43.6;41.7;37.8;
968;968.0;53.2;49.6;47.9;46.4;44.7;43.6;41.7;37.8;
969;969.0;53.2;49.6;47.9;46.4;44.7;43.6;41.7;37.8;
970;970.0;53.2;49.6;47.9;46.4;44.7;43.6;41.7;37.7;
971;971.0;53.2;49.6;47.9;46.4;44.7;43.6;41.7;37.8;
972;972.0;53.2;49.7;47.9;46.5;44.7;43.6;41.7;37.8;
973;973.0;53.3;49.6;47.9;46.4;44.7;43.6;41.7;37.7;
974;974.0;53.2;49.7;47.9;46.4;44.8;43.7;41.7;37.8;
975;975.0;53.2;49.7;47.9;46.5;44.7;43.6;41.7;37.8;
976;976.0;53.2;49.7;47.9;46.4;44.7;43.6;41.8;37.8;
977;977.0;53.2;49.7;47.9;46.5;44.7;43.6;41.8;37.8;
978;978.0;53.3;49.7;47.9;46.5;44.8;43.7;41.8;37.8;
979;979.0;53.3;49.7;47.9;46.5;44.8;43.7;41.8;37.8;
980;980.0;53.3;49.7;48.0;46.5;44.8;43.7;41.8;37.8;
981;981.0;53.3;49.8;47.9;46.5;44.8;43.6;41.8;37.8;
982;982.0;53.3;49.8;47.9;46.5;44.8;43.6;41.7;37.8;
983;983.0;53.3;49.8;48.0;46.5;44.8;43.7;41.8;37.8;
984;984.0;53.3;49.8;48.0;46.5;44.8;43.7;41.8;37.9;
985;985.0;53.3;49.8;48.0;46.5;44.8;43.7;41.8;37.9;
986;986.0;53.3;49.9;48.0;46.5;44.8;43.7;41.8;37.8;
987;987.0;53.3;49.9;48.1;46.5;44.8;43.7;41.8;37.9;
988;988.0;53.3;49.9;48.1;46.5;44.8;43.7;41.9;37.9;
989;989.0;53.3;49.9;48.1;46.6;44.8;43.7;41.9;37.9;
990;990.0;53.3;49.9;48.1;46.5;44.8;43.7;41.9;37.9;
991;991.0;53.3;49.8;48.1;46.5;44.8;43.7;41.8;37.8;
992;992.0;53.4;49.9;48.1;46.6;44.9;43.7;41.9;37.9;
993;993.0;53.3;49.9;48.2;46.6;44.9;43.7;41.9;37.9;
994;994.0;53.4;49.9;48.1;46.6;44.8;43.7;41.9;37.9;
995;995.0;53.4;50.0;48.1;46.6;45.0;43.7;41.9;37.9;
996;996.0;53.4;49.9;48.2;46.6;45.0;43.7;41.9;37.9;
997;997.0;53.4;50.0;48.1;46.6;44.9;43.7;41.9;37.9;
998;998.0;53.4;50.0;48.2;46.6;44.9;43.7;41.9;37.9;
999;999.0;53.4;50.0;48.2;46.6;45.0;43.7;41.9;37.9;
1000;1000.0;53.4;50.0;48.2;46.6;45.0;43.8;41.9;37.9;
1001;1001.0;53.4;50.0;48.2;46.6;45.0;43.8;41.9;37.9;
1002;1002.0;53.5;50.0;48.2;46.6;45.0;43.8;41.9;37.9;
1003;1003.0;53.5;50.0;48.2;46.6;45.0;43.8;42.0;37.9;
1004;1004.0;53.5;50.0;48.2;46.6;45.0;43.8;42.0;37.9;
1005;1005.0;53.5;50.0;48.3;46.6;45.0;43.8;41.9;37.9;
1006;1006.0;53.5;50.0;48.2;46.6;45.0;43.8;42.0;37.9;
1007;1007.0;53.5;50.0;48.2;46.6;45.0;43.8;42.0;37.9;
1008;1008.0;53.5;50.0;48.2;46.6;45.0;43.8;41.9;37.9;
1009;1009.0;53.5;50.0;48.2;46.6;45.0;43.8;41.9;37.9;
1010;1010.0;53.5;50.0;48.3;46.7;45.0;43.9;42.0;37.9;
1011;1011.0;53.5;50.0;48.3;46.6;45.0;43.9;42.1;37.9;
1012;1012.0;53.5;50.0;48.3;46.7;45.0;43.9;42.0;37.9;
1013;1013.0;53.5;50.0;48.3;46.7;45.0;43.8;42.0;37.9;
1014;1014.0;53.6;50.0;48.3;46.8;45.0;43.9;42.1;37.9;
1015;1015.0;53.6;50.0;48.3;46.8;45.0;43.9;42.1;38.0;
1016;1016.0;53.6;50.0;48.3;46.8;45.0;43.9;42.1;38.0;
1017;1017.0;53.6;50.0;48.3;46.7;45.0;43.9;42.1;38.0;
1018;1018.0;53.6;50.0;48.3;46.8;45.0;43.9;42.1;38.0;
1019;1019.0;53.6;50.0;48.3;46.8;45.0;43.9;42.1;38.0;
1020;1020.0;53.6;50.0;48.3;46.8;45.0;43.9;42.1;38.0;
1021;1021.0;53.6;50.0;48.3;46.8;45.0;43.9;42.1;38.0;
1022;1022.0;53.6;50.1;48.3;46.8;45.1;43.9;42.1;38.0;
1023;1023.0;53.6;50.0;48.3;46.9;45.1;43.9;42.1;38.0;
1024;1024.0;53.6;50.1;48.3;46.8;45.1;43.9;42.1;38.0;
1025;1025.0;53.6;50.2;48.3;46.8;45.1;43.9;42.1;38.0;
1026;1026.0;53.7;50.2;48.3;46.9;45.1;44.0;42.1;38.0;
1027;1027.0;53.6;50.1;48.3;46.8;45.0;43.9;42.1;37.9;
1028;1028.0;53.7;50.2;48.3;46.8;45.1;44.0;42.1;38.0;
1029;1029.0;53.7;50.2;48.3;46.8;45.1;44.0;42.1;38.0;
1030;1030.0;53.7;50.1;48.3;46.8;45.1;43.9;42.1;38.0;
1031;1031.0;53.7;50.2;48.3;46.9;45.1;44.0;42.1;38.1;
1032;1032.0;53.7;50.2;48.3;46.9;45.1;44.0;42.1;38.0;
1033;1033.0;53.7;50.2;48.3;46.9;45.1;44.0;42.1;38.0;
1034;1034.0;53.7;50.2;48.3;46.9;45.1;44.0;42.1;38.0;
1035;1035.0;53.7;50.2;48.4;46.9;45.2;44.0;42.1;38.0;
1036;1036.0;53.7;50.2;48.3;46.9;45.1;44.0;42.1;38.1;
1037;1037.0;53.7;50.2;48.4;46.9;45.2;44.0;42.1;38.1;
1038;1038.0;53.7;50.2;48.5;46.9;45.2;44.0;42.1;38.0;
1039;1039.0;53.7;50.2;48.3;46.9;45.2;44.0;42.1;38.1;
1040;1040.0;53.7;50.2;48.4;46.9;45.1;44.0;42.1;38.1;
1041;1041.0;53.7;50.3;48.5;46.9;45.2;44.0;42.1;38.1;
1042;1042.0;53.7;50.3;48.5;46.9;45.2;44.1;42.1;38.2;
1043;1043.0;53.7;50.2;48.5;46.9;45.2;44.1;42.2;38.2;
1044;1044.0;53.8;50.2;48.5;47.0;45.2;44.1;42.2;38.2;
1045;1045.0;53.8;50.3;48.5;47.0;45.2;44.1;42.2;38.2;
1046;1046.0;53.8;50.3;48.5;47.0;45.2;44.1;42.2;38.2;
1047;1047.0;53.8;50.3;48.5;46.9;45.2;44.1;42.2;38.2;
1048;1048.0;53.8;50.3;48.5;47.0;45.3;44.1;42.2;38.2;
1049;1049.0;53.8;50.3;48.5;47.1;45.2;44.1;42.2;38.2;
1050;1050.0;53.8;50.3;48.6;47.1;45.2;44.1;42.2;38.2;
1051;1051.0;53.8;50.3;48.6;47.1;45.3;44.1;42.2;38.2;
1052;1052.0;53.8;50.3;48.6;47.1;45.3;44.2;42.2;38.2;
1053;1053.0;53.8;50.4;48.5;47.1;45.3;44.2;42.3;38.2;
1054;1054.0;53.8;50.3;48.6;47.1;45.3;44.2;42.2;38.2;
1055;1055.0;53.8;50.3;48.6;47.1;45.4;44.1;42.3;38.2;
1056;1056.0;53.8;50.4;48.6;47.1;45.3;44.2;42.2;38.2;
1057;1057.0;53.9;50.4;48.6;47.1;45.4;44.2;42.2;38.2;
1058;1058.0;53.8;50.4;48.6;47.1;45.4;44.2;42.3;38.3;
1059;1059.0;53.9;50.4;48.6;47.1;45.3;44.2;42.2;38.3;
1060;1060.0;53.9;50.4;48.6;47.1;45.4;44.2;42.3;38.2;
1061;1061.0;53.9;50.4;48.6;47.1;45.4;44.2;42.2;38.2;
1062;1062.0;53.9;50.4;48.6;47.1;45.4;44.2;42.3;38.2;
1063;1063.0;53.9;50.4;48.6;47.1;45.4;44.2;42.3;38.3;
1064;1064.0;54.0;50.4;48.6;47.1;45.4;44.2;42.3;38.3;
1065;1065.0;54.0;50.4;48.6;47.1;45.4;44.2;42.3;38.3;
1066;1066.0;54.0;50.4;48.7;47.1;45.4;44.2;42.3;38.3;
1067;1067.0;54.0;50.4;48.6;47.1;45.4;44.2;42.3;38.3;
1068;1068.0;54.0;50.5;48.6;47.1;45.4;44.2;42.3;38.3;
1069;1069.0;54.0;50.4;48.7;47.1;45.4;44.2;42.3;38.3;
1070;1070.0;54.0;50.4;48.6;47.1;45.4;44.2;42.3;38.3;
1071;1071.0;54.0;50.5;48.7;47.1;45.4;44.2;42.4;38.3;
1072;1072.0;54.0;50.5;48.7;47.1;45.4;44.2;42.5;38.3;
1073;1073.0;54.0;50.5;48.7;47.1;45.4;44.2;42.4;38.3;
1074;1074.0;54.0;50.5;48.7;47.1;45.4;44.2;42.4;38.3;
1075;1075.0;54.0;50.5;48.7;47.1;45.4;44.2;42.4;38.3;
1076;1076.0;54.0;50.5;48.7;47.1;45.4;44.2;42.4;38.3;
1077;1077.0;54.0;50.5;48.7;47.2;45.4;44.2;42.5;38.3;
1078;1078.0;54.0;50.5;48.7;47.1;45.4;44.2;42.4;38.3;
1079;1079.0;54.1;50.5;48.7;47.1;45.4;44.3;42.4;38.3;
1080;1080.0;54.0;50.5;48.7;47.1;45.4;44.3;42.5;38.3;
1081;1081.0;54.1;50.5;48.7;47.2;45.4;44.3;42.5;38.3;
1082;1082.0;54.1;50.5;48.7;47.2;45.4;44.3;42.5;38.3;
1083;1083.0;54.1;50.6;48.7;47.2;45.5;44.2;42.5;38.3;
1084;1084.0;54.1;50.5;48.8;47.2;45.4;44.3;42.5;38.3;
1085;1085.0;54.1;50.6;48.7;47.2;45.4;44.3;42.5;38.3;
1086;1086.0;54.1;50.5;48.8;47.2;45.4;44.3;42.5;38.3;
1087;1087.0;54.1;50.5;48.7;47.2;45.4;44.3;42.4;38.3;
1088;1088.0;54.1;50.6;48.8;47.2;45.6;44.3;42.5;38.3;
1089;1089.0;54.1;50.6;48.8;47.2;45.4;44.3;42.5;38.3;
1090;1090.0;54.1;50.6;48.8;47.2;45.5;44.3;42.5;38.3;
1091;1091.0;54.1;50.6;48.8;47.3;45.5;44.3;42.5;38.3;
1092;1092.0;54.1;50.6;48.8;47.3;45.6;44.3;42.5;38.3;
1093;1093.0;54.1;50.6;48.8;47.3;45.6;44.4;42.5;38.4;
1094;1094.0;54.1;50.6;48.8;47.3;45.5;44.4;42.5;38.3;
1095;1095.0;54.1;50.6;48.8;47.3;45.5;44.3;42.5;38.3;
1096;1096.0;54.1;50.6;48.8;47.2;45.6;44.3;42.5;38.3;
1097;1097.0;54.1;50.6;48.8;47.3;45.6;44.4;42.5;38.3;
1098;1098.0;54.1;50.6;48.9;47.3;45.6;44.5;42.5;38.4;
1099;1099.0;54.1;50.6;48.8;47.3;45.6;44.4;42.5;38.3;
1100;1100.0;54.1;50.6;48.9;47.3;45.6;44.4;42.5;38.4;
1101;1101.0;54.1;50.7;48.9;47.3;45.7;44.4;42.5;38.4;
1102;1102.0;54.1;50.7;48.9;47.3;45.6;44.4;42.5;38.4;
1103;1103.0;54.1;50.7;48.8;47.3;45.6;44.5;42.5;38.4;
1104;1104.0;54.1;50.7;48.9;47.4;45.6;44.5;42.5;38.4;
1105;1105.0;54.1;50.7;48.9;47.4;45.7;44.5;42.5;38.4;
1106;1106.0;54.1;50.7;48.9;47.4;45.6;44.5;42.5;38.4;
1107;1107.0;54.1;50.7;48.9;47.4;45.6;44.5;42.5;38.3;
1108;1108.0;54.1;50.7;48.9;47.4;45.6;44.5;42.5;38.4;
1109;1109.0;54.1;50.7;48.9;47.3;45.7;44.5;42.5;38.4;
1110;1110.0;54.1;50.7;48.9;47.4;45.6;44.5;42.5;38.4;
1111;1111.0;54.2;50.7;48.9;47.4;45.7;44.5;42.5;38.4;
1112;1112.0;54.1;50.7;48.9;47.3;45.6;44.4;42.5;38.3;
1113;1113.0;54.2;50.8;48.9;47.5;45.7;44.5;42.5;38.4;
1114;1114.0;54.1;50.8;48.9;47.5;45.7;44.5;42.5;38.4;
1115;1115.0;54.2;50.7;49.0;47.4;45.7;44.5;42.5;38.4;
1116;1116.0;54.2;50.8;48.9;47.5;45.7;44.5;42.5;38.4;
1117;1117.0;54.2;50.8;48.9;47.5;45.7;44.5;42.5;38.4;
1118;1118.0;54.3;50.8;48.9;47.5;45.7;44.6;42.5;38.4;
1119;1119.0;54.2;50.8;48.9;47.5;45.7;44.6;42.6;38.4;
1120;1120.0;54.3;50.8;49.0;47.5;45.7;44.6;42.6;38.5;
1121;1121.0;54.3;50.8;49.0;47.5;45.7;44.6;42.6;38.4;
1122;1122.0;54.3;50.8;49.0;47.5;45.8;44.6;42.7;38.5;
1123;1123.0;54.3;50.8;49.0;47.5;45.8;44.6;42.7;38.4;
1124;1124.0;54.3;50.8;49.0;47.5;45.7;44.6;42.7;38.4;
1125;1125.0;54.3;50.8;49.0;47.5;45.8;44.6;42.6;38.4;
1126;1126.0;54.3;50.8;49.1;47.5;45.8;44.6;42.7;38.5;
1127;1127.0;54.3;50.8;49.0;47.5;45.8;44.6;42.6;38.4;
1128;1128.0;54.4;50.8;49.1;47.5;45.8;44.6;42.7;38.5;
1129;1129.0;54.4;50.8;49.0;47.5;45.8;44.6;42.7;38.5;
1130;1130.0;54.3;50.8;49.1;47.5;45.8;44.6;42.7;38.5;
1131;1131.0;54.4;50.8;49.1;47.5;45.8;44.6;42.7;38.5;
1132;1132.0;54.4;50.8;49.1;47.5;45.8;44.6;42.7;38.5;
1133;1133.0;54.4;50.9;49.1;47.5;45.8;44.6;42.7;38.5;
1134;1134.0;54.4;50.9;49.1;47.5;45.8;44.6;42.7;38.5;
1135;1135.0;54.4;50.8;49.1;47.5;45.8;44.6;42.7;38.5;
1136;1136.0;54.4;50.9;49.1;47.5;45.8;44.6;42.7;38.5;
1137;1137.0;54.4;50.9;49.1;47.5;45.8;44.6;42.7;38.5;
1138;1138.0;54.4;50.9;49.1;47.5;45.8;44.6;42.7;38.5;
1139;1139.0;54.4;50.8;49.1;47.5;45.8;44.6;42.7;38.5;
1140;1140.0;54.4;50.9;49.1;47.5;45.8;44.6;42.8;38.5;
1141;1141.0;54.4;50.9;49.1;47.5;45.8;44.6;42.8;38.6;
1142;1142.0;54.4;50.9;49.1;47.6;45.8;44.6;42.7;38.5;
1143;1143.0;54.4;50.9;49.1;47.5;45.8;44.6;42.8;38.6;
1144;1144.0;54.4;50.9;49.1;47.5;45.8;44.6;42.8;38.5;
1145;1145.0;54.5;50.9;49.1;47.6;45.8;44.6;42.8;38.5;
1146;1146.0;54.4;50.9;49.1;47.6;45.8;44.6;42.8;38.6;
1147;1147.0;54.5;51.0;49.1;47.5;45.8;44.6;42.8;38.6;
1148;1148.0;54.5;50.9;49.1;47.7;45.8;44.6;42.8;38.6;
1149;1149.0;54.5;50.9;49.1;47.5;45.8;44.7;42.8;38.6;
1150;1150.0;54.5;50.9;49.1;47.6;45.8;44.6;42.8;38.6;
1151;1151.0;54.5;51.0;49.1;47.6;45.8;44.6;42.8;38.6;
1152;1152.0;54.5;51.0;49.1;47.7;45.8;44.6;42.8;38.6;
1153;1153.0;54.5;51.0;49.2;47.6;45.8;44.7;42.8;38.6;
1154;1154.0;54.5;51.0;49.1;47.7;45.9;44.7;42.8;38.6;
1155;1155.0;54.5;50.9;49.1;47.5;45.8;44.6;42.7;38.5;
1156;1156.0;54.5;51.0;49.1;47.7;45.9;44.7;42.8;38.6;
1157;1157.0;54.5;51.0;49.2;47.7;46.0;44.7;42.9;38.6;
1158;1158.0;54.5;50.9;49.2;47.7;45.9;44.6;42.9;38.6;
1159;1159.0;54.5;51.1;49.2;47.7;45.9;44.7;42.9;38.6;
1160;1160.0;54.5;51.0;49.2;47.7;45.9;44.7;42.9;38.6;
1161;1161.0;54.5;51.1;49.2;47.7;45.9;44.7;42.9;38.6;
1162;1162.0;54.5;51.1;49.2;47.7;45.9;44.7;42.9;38.6;
1163;1163.0;54.5;51.1;49.2;47.7;46.0;44.7;42.9;38.6;
1164;1164.0;54.5;51.1;49.2;47.7;45.9;44.7;42.9;38.6;
1165;1165.0;54.5;51.1;49.2;47.7;45.9;44.7;42.9;38.6;
1166;1166.0;54.5;51.1;49.2;47.7;46.0;44.7;42.9;38.6;
1167;1167.0;54.5;51.1;49.3;47.7;46.0;44.8;42.9;38.6;
1168;1168.0;54.5;51.1;49.2;47.7;46.0;44.8;42.9;38.6;
1169;1169.0;54.5;51.1;49.2;47.8;46.0;44.7;42.9;38.6;
1170;1170.0;54.5;51.2;49.2;47.8;46.0;44.7;42.9;38.6;
1171;1171.0;54.5;51.1;49.3;47.8;46.0;44.8;42.9;38.6;
1172;1172.0;54.5;51.1;49.2;47.8;46.0;44.8;42.9;38.6;
1173;1173.0;54.6;51.1;49.3;47.8;46.0;44.8;42.9;38.7;
1174;1174.0;54.6;51.2;49.3;47.8;46.0;44.8;42.9;38.7;
1175;1175.0;54.6;51.2;49.3;47.8;46.0;44.8;42.9;38.6;
1176;1176.0;54.6;51.2;49.4;47.8;46.0;44.8;42.9;38.6;
1177;1177.0;54.6;51.2;49.3;47.8;46.0;44.9;42.9;38.7;
1178;1178.0;54.6;51.2;49.3;47.8;46.0;44.8;42.9;38.7;
1179;1179.0;54.6;51.2;49.3;47.8;46.0;44.9;42.9;38.7;
1180;1180.0;54.6;51.2;49.3;47.9;46.0;44.9;42.9;38.7;
1181;1181.0;54.6;51.2;49.4;47.8;46.1;44.9;42.9;38.7;
1182;1182.0;54.6;51.2;49.3;47.8;46.0;44.9;42.9;38.7;
1183;1183.0;54.6;51.2;49.3;47.8;46.1;44.9;42.9;38.7;
1184;1184.0;54.7;51.2;49.4;47.9;46.0;44.9;42.9;38.7;
1185;1185.0;54.7;51.2;49.4;47.9;46.1;44.9;42.9;38.7;
1186;1186.0;54.7;51.2;49.4;47.8;46.1;44.9;42.9;38.7;
1187;1187.0;54.7;51.3;49.4;47.9;46.1;44.9;42.9;38.7;
1188;1188.0;54.7;51.3;49.4;47.9;46.1;44.9;42.9;38.7;
1189;1189.0;54.7;51.2;49.4;47.9;46.1;44.9;42.9;38.7;
1190;1190.0;54.7;51.3;49.4;47.9;46.1;44.9;42.9;38.7;
1191;1191.0;54.7;51.3;49.5;47.9;46.1;44.9;42.9;38.7;
1192;1192.0;54.7;51.3;49.4;47.9;46.1;44.9;42.9;38.7;
1193;1193.0;54.7;51.3;49.4;47.9;46.1;45.0;42.9;38.7;
1194;1194.0;54.7;51.3;49.5;47.9;46.1;45.0;42.9;38.7;
1195;1195.0;54.7;51.3;49.5;47.9;46.1;45.0;42.9;38.7;
1196;1196.0;54.7;51.3;49.4;47.9;46.1;44.9;42.9;38.7;
1197;1197.0;54.7;51.3;49.5;47.9;46.1;45.0;42.9;38.8;
1198;1198.0;54.7;51.3;49.5;47.9;46.1;45.0;43.0;38.7;
1199;1199.0;54.7;51.4;49.5;47.9;46.1;45.0;42.9;38.7;
1200;1200.0;54.7;51.4;49.5;47.9;46.1;45.0;43.0;38.7;
1201;1201.0;54.7;51.4;49.5;47.9;46.1;45.0;43.0;38.8;
1202;1202.0;54.7;51.4;49.5;47.9;46.1;45.0;42.9;38.7;
1203;1203.0;54.7;51.3;49.5;47.9;46.1;45.0;43.0;38.7;
1204;1204.0;54.7;51.4;49.5;47.9;46.2;45.0;43.0;38.8;
1205;1205.0;54.8;51.4;49.5;47.9;46.2;45.0;43.0;38.8;
1206;1206.0;54.7;51.4;49.5;47.9;46.2;45.0;43.0;38.8;
1207;1207.0;54.7;51.4;49.5;47.9;46.2;45.0;43.0;38.8;
1208;1208.0;54.7;51.4;49.5;47.9;46.2;45.0;43.1;38.8;
1209;1209.0;54.8;51.5;49.5;47.9;46.2;45.0;43.1;38.8;
1210;1210.0;54.7;51.4;49.5;47.9;46.2;45.0;43.0;38.8;
1211;1211.0;54.7;51.4;49.5;47.9;46.2;45.0;43.1;38.8;
1212;1212.0;54.7;51.3;49.5;47.9;46.2;45.0;43.0;38.8;
1213;1213.0;54.7;51.5;49.5;47.9;46.2;45.0;43.1;38.8;
1214;1214.0;54.7;51.4;49.5;47.9;46.2;45.0;43.1;38.8;
1215;1215.0;54.7;51.4;49.5;47.9;46.2;45.0;43.1;38.8;
1216;1216.0;54.7;51.4;49.5;47.9;46.2;45.0;43.1;38.8;
1217;1217.0;54.7;51.4;49.5;47.9;46.2;45.0;43.1;38.8;
1218;1218.0;54.7;51.5;49.5;47.9;46.2;45.0;43.1;38.8;
1219;1219.0;54.7;51.4;49.5;47.9;46.2;45.0;43.1;38.8;
1220;1220.0;54.7;51.4;49.5;47.9;46.2;45.0;43.1;38.8;
1221;1221.0;54.8;51.4;49.5;48.0;46.2;45.0;43.2;38.8;
1222;1222.0;54.7;51.4;49.5;47.9;46.2;45.0;43.2;38.8;
1223;1223.0;54.8;51.4;49.5;48.0;46.2;45.0;43.1;38.8;
1224;1224.0;54.8;51.5;49.5;47.9;46.2;45.0;43.1;38.8;
1225;1225.0;54.7;51.3;49.5;47.9;46.2;45.0;43.2;38.8;
1226;1226.0;54.7;51.5;49.5;47.9;46.2;45.0;43.2;38.8;
1227;1227.0;54.8;51.5;49.5;47.9;46.2;45.0;43.1;38.8;
1228;1228.0;54.7;51.5;49.5;47.9;46.2;45.0;43.2;38.8;
1229;1229.0;54.8;51.4;49.5;47.9;46.2;45.0;43.1;38.8;
1230;1230.0;54.8;51.5;49.5;47.9;46.3;45.1;43.2;38.8;
1231;1231.0;54.8;51.5;49.5;48.0;46.2;45.1;43.2;38.8;
1232;1232.0;54.8;51.5;49.5;48.0;46.2;45.1;43.2;38.9;
1233;1233.0;54.7;51.4;49.5;48.0;46.2;45.1;43.2;38.8;
1234;1234.0;54.8;51.5;49.5;47.9;46.2;45.1;43.1;38.8;
1235;1235.0;54.8;51.5;49.5;48.0;46.3;45.1;43.2;38.9;
1236;1236.0;54.8;51.5;49.5;48.0;46.3;45.1;43.2;38.8;
1237;1237.0;54.8;51.5;49.5;48.0;46.3;45.1;43.2;38.9;
1238;1238.0;54.8;51.5;49.5;48.0;46.2;45.1;43.1;38.8;
1239;1239.0;54.8;51.5;49.5;48.1;46.3;45.1;43.2;38.9;
1240;1240.0;54.8;51.5;49.5;48.0;46.3;45.1;43.2;38.9;
1241;1241.0;54.8;51.5;49.5;48.0;46.3;45.0;43.2;38.9;
1242;1242.0;54.8;51.5;49.5;48.0;46.3;45.1;43.2;38.9;
1243;1243.0;54.8;51.5;49.5;48.0;46.3;45.1;43.2;38.9;
1244;1244.0;54.8;51.5;49.5;48.0;46.3;45.1;43.2;38.9;
1245;1245.0;54.8;51.5;49.5;48.0;46.3;45.1;43.2;38.8;
1246;1246.0;54.8;51.5;49.5;48.0;46.2;45.1;43.2;38.9;
1247;1247.0;54.8;51.5;49.5;47.9;46.2;45.1;43.2;38.9;
1248;1248.0;54.8;51.5;49.5;48.1;46.2;45.2;43.2;38.8;
1249;1249.0;54.9;51.5;49.5;48.0;46.3;45.1;43.2;38.8;
1250;1250.0;54.9;51.6;49.6;48.1;46.3;45.1;43.2;38.9;
1251;1251.0;54.9;51.5;49.5;48.1;46.3;45.2;43.2;38.9;
1252;1252.0;54.9;51.5;49.6;48.1;46.3;45.2;43.2;38.9;
1253;1253.0;54.9;51.6;49.5;48.1;46.3;45.2;43.2;38.9;
1254;1254.0;54.9;51.6;49.6;48.1;46.3;45.2;43.2;38.9;
1255;1255.0;54.9;51.6;49.6;48.1;46.3;45.2;43.2;38.9;
1256;1256.0;54.9;51.6;49.6;48.1;46.3;45.2;43.2;38.9;
1257;1257.0;54.9;51.6;49.6;48.1;46.3;45.2;43.2;38.9;
1258;1258.0;54.9;51.6;49.6;48.1;46.3;45.2;43.3;38.9;
1259;1259.0;54.9;51.6;49.6;48.1;46.3;45.2;43.2;38.9;
1260;1260.0;54.9;51.6;49.6;48.2;46.3;45.2;43.2;38.9;
1261;1261.0;54.9;51.6;49.6;48.1;46.4;45.2;43.2;38.9;
1262;1262.0;54.9;51.6;49.6;48.1;46.4;45.2;43.2;38.9;
1263;1263.0;55.0;51.6;49.7;48.2;46.4;45.2;43.3;38.9;
1264;1264.0;54.9;51.6;49.6;48.2;46.3;45.2;43.2;38.9;
1265;1265.0;54.9;51.6;49.7;48.2;46.4;45.2;43.3;38.9;
1266;1266.0;55.0;51.6;49.7;48.2;46.3;45.2;43.3;38.9;
1267;1267.0;55.0;51.6;49.6;48.2;46.4;45.2;43.3;38.9;
1268;1268.0;55.0;51.6;49.8;48.2;46.4;45.2;43.3;38.9;
1269;1269.0;55.1;51.7;49.7;48.2;46.4;45.3;43.3;38.9;
1270;1270.0;55.0;51.7;49.8;48.2;46.4;45.2;43.3;39.0;
1271;1271.0;55.0;51.7;49.8;48.2;46.4;45.2;43.3;38.9;
1272;1272.0;55.0;51.6;49.8;48.2;46.4;45.3;43.3;38.9;
1273;1273.0;55.0;51.6;49.8;48.2;46.4;45.2;43.3;38.9;
1274;1274.0;55.1;51.7;49.8;48.2;46.4;45.2;43.3;38.9;
1275;1275.0;55.0;51.7;49.8;48.2;46.4;45.3;43.3;38.9;
1276;1276.0;55.1;51.7;49.7;48.2;46.4;45.2;43.3;38.9;
1277;1277.0;55.1;51.7;49.8;48.2;46.4;45.3;43.3;38.9;
1278;1278.0;55.1;51.7;49.8;48.2;46.4;45.3;43.3;38.9;
1279;1279.0;55.1;51.8;49.8;48.3;46.5;45.3;43.3;39.0;
1280;1280.0;55.1;51.7;49.8;48.3;46.5;45.3;43.3;38.9;
1281;1281.0;55.1;51.7;49.9;48.2;46.4;45.3;43.3;39.0;
1282;1282.0;55.1;51.7;49.8;48.2;46.4;45.3;43.3;39.0;
1283;1283.0;55.1;51.8;49.9;48.2;46.5;45.3;43.3;38.9;
1284;1284.0;55.1;51.8;49.9;48.3;46.5;45.3;43.4;39.0;
1285;1285.0;55.1;51.8;49.9;48.3;46.5;45.3;43.3;39.0;
1286;1286.0;55.2;51.8;49.9;48.2;46.5;45.3;43.3;38.9;
1287;1287.0;55.1;51.8;49.9;48.3;46.5;45.3;43.3;38.9;
1288;1288.0;55.1;51.8;49.9;48.3;46.5;45.3;43.3;39.0;
1289;1289.0;55.1;51.8;49.9;48.3;46.5;45.3;43.3;39.0;
1290;1290.0;55.2;51.8;49.9;48.3;46.5;45.3;43.3;39.0;
1291;1291.0;55.1;51.8;49.9;48.3;46.5;45.3;43.4;38.9;
1292;1292.0;55.2;51.8;49.9;48.3;46.5;45.3;43.4;39.1;
1293;1293.0;55.2;51.8;49.9;48.3;46.5;45.3;43.3;38.9;
1294;1294.0;55.2;51.8;49.9;48.3;46.5;45.3;43.4;39.0;
1295;1295.0;55.3;51.8;49.9;48.3;46.5;45.3;43.4;39.1;
1296;1296.0;55.3;51.8;49.9;48.3;46.6;45.4;43.4;39.1;
1297;1297.0;55.3;51.9;49.9;48.3;46.6;45.4;43.4;39.1;
1298;1298.0;55.2;51.9;49.9;48.3;46.6;45.4;43.4;39.1;
1299;1299.0;55.3;51.9;49.9;48.3;46.6;45.4;43.4;39.0;
1300;1300.0;55.3;51.9;49.9;48.3;46.6;45.4;43.4;39.1;
1301;1301.0;55.3;51.9;50.0;48.4;46.6;45.4;43.4;39.1;
1302;1302.0;55.3;51.9;49.9;48.3;46.6;45.4;43.4;39.1;
1303;1303.0;55.3;51.9;50.0;48.4;46.6;45.4;43.4;39.1;
1304;1304.0;55.3;51.9;50.0;48.4;46.6;45.4;43.4;39.1;
1305;1305.0;55.3;51.9;50.0;48.4;46.6;45.4;43.4;39.2;
1306;1306.0;55.3;51.9;50.0;48.4;46.6;45.4;43.4;39.1;
1307;1307.0;55.3;51.9;50.0;48.4;46.6;45.4;43.4;39.1;
1308;1308.0;55.3;51.9;50.0;48.4;46.6;45.4;43.4;39.1;
1309;1309.0;55.3;51.9;50.0;48.4;46.6;45.4;43.4;39.1;
1310;1310.0;55.3;51.9;50.0;48.4;46.6;45.4;43.4;39.1;
1311;1311.0;55.3;52.0;50.0;48.4;46.6;45.4;43.4;39.2;
1312;1312.0;55.3;52.0;50.0;48.4;46.6;45.4;43.4;39.2;
1313;1313.0;55.3;52.0;50.0;48.4;46.6;45.4;43.4;39.2;
1314;1314.0;55.3;52.0;50.0;48.4;46.6;45.4;43.4;39.1;
1315;1315.0;55.3;52.0;50.0;48.4;46.6;45.4;43.4;39.2;
1316;1316.0;55.3;52.0;50.0;48.4;46.6;45.4;43.4;39.2;
1317;1317.0;55.3;52.0;50.0;48.4;46.6;45.4;43.4;39.2;
1318;1318.0;55.4;52.0;50.0;48.4;46.6;45.4;43.5;39.2;
1319;1319.0;55.3;52.0;50.0;48.5;46.6;45.4;43.5;39.2;
1320;1320.0;55.3;52.0;50.0;48.5;46.6;45.4;43.4;39.2;
1321;1321.0;55.3;52.0;50.0;48.5;46.6;45.5;43.5;39.2;
1322;1322.0;55.3;52.0;50.0;48.5;46.6;45.4;43.5;39.2;
1323;1323.0;55.4;52.0;50.0;48.5;46.6;45.5;43.5;39.2;
1324;1324.0;55.4;52.0;50.0;48.5;46.6;45.5;43.5;39.2;
1325;1325.0;55.3;52.0;50.0;48.4;46.6;45.4;43.5;39.2;
1326;1326.0;55.4;52.0;50.1;48.5;46.7;45.5;43.5;39.2;
1327;1327.0;55.4;52.1;50.1;48.5;46.7;45.5;43.5;39.2;
1328;1328.0;55.4;52.0;50.1;48.5;46.7;45.4;43.5;39.2;
1329;1329.0;55.4;52.0;50.1;48.5;46.7;45.5;43.5;39.2;
1330;1330.0;55.4;52.0;50.1;48.5;46.7;45.5;43.5;39.2;
1331;1331.0;55.4;52.1;50.1;48.5;46.7;45.5;43.5;39.2;
1332;1332.0;55.4;52.0;50.1;48.5;46.6;45.5;43.5;39.2;
1333;1333.0;55.4;52.1;50.1;48.5;46.7;45.5;43.5;39.2;
1334;1334.0;55.4;52.0;50.1;48.6;46.7;45.5;43.6;39.2;
1335;1335.0;55.4;52.1;50.1;48.5;46.7;45.5;43.6;39.2;
1336;1336.0;55.4;52.1;50.1;48.5;46.7;45.5;43.6;39.2;
1337;1337.0;55.4;52.1;50.1;48.5;46.8;45.5;43.6;39.2;
1338;1338.0;55.5;52.1;50.1;48.5;46.7;45.5;43.5;39.2;
1339;1339.0;55.5;52.1;50.1;48.5;46.7;45.5;43.6;39.2;
1340;1340.0;55.4;52.2;50.2;48.6;46.7;45.5;43.6;39.2;
1341;1341.0;55.4;52.1;50.2;48.6;46.7;45.5;43.6;39.2;
1342;1342.0;55.5;52.1;50.2;48.6;46.7;45.5;43.6;39.2;
1343;1343.0;55.5;52.1;50.2;48.6;46.8;45.5;43.6;39.2;
1344;1344.0;55.5;52.1;50.2;48.6;46.8;45.5;43.6;39.2;
1345;1345.0;55.5;52.2;50.2;48.6;46.8;45.5;43.6;39.2;
1346;1346.0;55.5;52.2;50.2;48.6;46.8;45.5;43.6;39.2;
1347;1347.0;55.5;52.2;50.2;48.6;46.8;45.6;43.6;39.2;
1348;1348.0;55.5;52.2;50.2;48.6;46.8;45.5;43.6;39.2;
1349;1349.0;55.5;52.2;50.2;48.6;46.8;45.5;43.6;39.2;
1350;1350.0;55.5;52.2;50.2;48.6;46.8;45.6;43.6;39.2;
1351;1351.0;55.5;52.2;50.2;48.6;46.8;45.6;43.6;39.2;
1352;1352.0;55.5;52.2;50.2;48.6;46.8;45.6;43.6;39.2;
1353;1353.0;55.5;52.2;50.2;48.6;46.9;45.6;43.6;39.2;
1354;1354.0;55.6;52.2;50.2;48.7;46.9;45.6;43.6;39.2;
1355;1355.0;55.6;52.2;50.3;48.7;46.9;45.6;43.7;39.2;
1356;1356.0;55.6;52.2;50.2;48.6;46.8;45.6;43.6;39.2;
1357;1357.0;55.6;52.2;50.2;48.6;46.9;45.6;43.6;39.2;
1358;1358.0;55.6;52.2;50.3;48.7;46.9;45.6;43.7;39.2;
1359;1359.0;55.7;52.2;50.2;48.6;46.9;45.6;43.7;39.2;
1360;1360.0;55.6;52.2;50.3;48.7;46.9;45.6;43.6;39.2;
1361;1361.0;55.7;52.2;50.2;48.7;46.9;45.6;43.7;39.2;
1362;1362.0;55.6;52.2;50.3;48.7;46.9;45.6;43.7;39.3;
1363;1363.0;55.6;52.2;50.2;48.7;46.9;45.6;43.7;39.2;
1364;1364.0;55.7;52.3;50.3;48.7;46.9;45.6;43.7;39.3;
1365;1365.0;55.7;52.2;50.3;48.7;46.9;45.7;43.7;39.3;
1366;1366.0;55.7;52.2;50.3;48.7;46.9;45.7;43.7;39.2;
1367;1367.0;55.7;52.3;50.3;48.7;46.9;45.6;43.7;39.2;
1368;1368.0;55.7;52.3;50.3;48.7;46.9;45.6;43.7;39.2;
1369;1369.0;55.7;52.2;50.3;48.7;47.0;45.8;43.7;39.3;
1370;1370.0;55.7;52.3;50.3;48.7;47.0;45.8;43.7;39.3;
1371;1371.0;55.7;52.4;50.4;48.7;47.0;45.7;43.7;39.3;
1372;1372.0;55.7;52.3;50.3;48.7;47.0;45.8;43.7;39.3;
1373;1373.0;55.7;52.4;50.3;48.7;47.0;45.7;43.7;39.3;
1374;1374.0;55.7;52.3;50.3;48.7;46.9;45.6;43.7;39.3;
1375;1375.0;55.7;52.4;50.4;48.7;47.0;45.8;43.7;39.3;
1376;1376.0;55.7;52.3;50.4;48.7;47.0;45.7;43.7;39.3;
1377;1377.0;55.7;52.4;50.4;48.7;47.0;45.8;43.7;39.3;
1378;1378.0;55.7;52.4;50.4;48.7;47.0;45.8;43.7;39.3;
1379;1379.0;55.7;52.4;50.4;48.7;47.0;45.8;43.7;39.3;
1380;1380.0;55.7;52.4;50.4;48.7;47.0;45.8;43.7;39.3;
1381;1381.0;55.7;52.4;50.4;48.7;47.0;45.8;43.7;39.3;
1382;1382.0;55.8;52.4;50.4;48.7;47.0;45.8;43.7;39.3;
1383;1383.0;55.7;52.4;50.4;48.7;47.0;45.8;43.7;39.3;
1384;1384.0;55.8;52.4;50.4;48.7;47.0;45.8;43.7;39.3;
1385;1385.0;55.8;52.4;50.4;48.8;47.0;45.8;43.7;39.3;
1386;1386.0;55.8;52.4;50.4;48.7;47.0;45.8;43.7;39.3;
1387;1387.0;55.8;52.4;50.4;48.7;47.0;45.8;43.7;39.4;
1388;1388.0;55.8;52.4;50.4;48.8;47.0;45.8;43.7;39.3;
1389;1389.0;55.8;52.4;50.4;48.8;47.0;45.8;43.7;39.3;
1390;1390.0;55.8;52.4;50.4;48.8;47.1;45.8;43.7;39.3;
1391;1391.0;55.8;52.4;50.4;48.8;47.0;45.8;43.8;39.3;
1392;1392.0;55.8;52.4;50.4;48.8;47.0;45.8;43.7;39.3;
1393;1393.0;55.8;52.4;50.4;48.8;47.0;45.8;43.7;39.3;
1394;1394.0;55.8;52.4;50.4;48.8;47.1;45.8;43.7;39.4;
1395;1395.0;55.8;52.4;50.4;48.8;47.1;45.8;43.8;39.3;
1396;1396.0;55.8;52.4;50.4;48.8;47.1;45.8;43.8;39.4;
1397;1397.0;55.8;52.4;50.4;48.8;47.1;45.8;43.8;39.4;
1398;1398.0;55.8;52.4;50.4;48.8;47.1;45.8;43.8;39.4;
1399;1399.0;55.8;52.4;50.4;48.8;47.1;45.8;43.8;39.5;
1400;1400.0;55.8;52.4;50.4;48.8;47.1;45.8;43.8;39.4;
1401;1401.0;55.8;52.4;50.4;48.8;47.1;45.8;43.8;39.5;
1402;1402.0;55.8;52.4;50.4;48.8;47.1;45.8;43.8;39.4;
1403;1403.0;55.8;52.4;50.4;48.8;47.1;45.8;43.8;39.5;
1404;1404.0;55.8;52.4;50.5;48.9;47.1;45.8;43.8;39.5;
1405;1405.0;55.8;52.4;50.4;48.9;47.1;45.8;43.8;39.5;
1406;1406.0;55.8;52.4;50.5;48.8;47.1;45.8;43.8;39.5;
1407;1407.0;55.8;52.4;50.4;48.9;47.1;45.8;43.8;39.4;
1408;1408.0;55.9;52.4;50.4;48.9;47.1;45.8;43.8;39.5;
1409;1409.0;55.9;52.4;50.4;48.8;47.1;45.8;43.8;39.4;
1410;1410.0;55.9;52.4;50.5;48.9;47.1;45.9;43.9;39.5;
1411;1411.0;55.9;52.4;50.5;48.9;47.1;45.9;43.9;39.5;
1412;1412.0;55.9;52.5;50.5;48.9;47.1;45.9;43.9;39.5;
1413;1413.0;55.9;52.5;50.5;48.9;47.1;45.8;43.8;39.5;
1414;1414.0;55.9;52.4;50.5;49.0;47.1;45.9;43.9;39.5;
1415;1415.0;55.9;52.4;50.5;49.0;47.1;45.8;43.9;39.4;
1416;1416.0;55.9;52.4;50.5;49.0;47.1;45.8;43.9;39.5;
1417;1417.0;55.9;52.5;50.5;49.0;47.1;45.9;43.9;39.5;
1418;1418.0;55.9;52.5;50.5;49.0;47.1;45.9;43.9;39.5;
1419;1419.0;55.9;52.5;50.6;49.0;47.1;45.9;43.9;39.5;
1420;1420.0;55.9;52.5;50.5;49.0;47.1;45.9;43.9;39.5;
1421;1421.0;55.9;52.5;50.5;49.0;47.1;45.9;43.9;39.5;
1422;1422.0;55.9;52.5;50.5;49.0;47.1;45.9;43.9;39.5;
1423;1423.0;55.9;52.6;50.5;49.0;47.1;45.9;43.9;39.5;
1424;1424.0;55.9;52.5;50.6;49.0;47.1;45.9;44.0;39.5;
1425;1425.0;55.9;52.5;50.6;49.0;47.1;45.9;43.9;39.5;
1426;1426.0;55.9;52.6;50.6;49.0;47.2;45.9;43.9;39.5;
1427;1427.0;55.9;52.5;50.7;49.0;47.1;45.9;44.0;39.5;
1428;1428.0;55.9;52.5;50.5;49.0;47.1;45.9;43.9;39.5;
1429;1429.0;56.0;52.6;50.6;49.0;47.1;45.9;43.9;39.5;
1430;1430.0;56.0;52.6;50.7;49.1;47.1;45.9;44.0;39.5;
1431;1431.0;56.0;52.6;50.7;49.0;47.1;45.9;44.0;39.5;
1432;1432.0;56.0;52.6;50.6;49.1;47.2;45.9;44.0;39.5;
1433;1433.0;56.0;52.6;50.7;49.1;47.2;45.9;44.0;39.6;
1434;1434.0;56.0;52.6;50.7;49.1;47.2;45.9;44.0;39.6;
1435;1435.0;56.0;52.6;50.6;49.1;47.2;45.9;44.0;39.6;
1436;1436.0;56.0;52.6;50.7;49.1;47.2;45.9;44.0;39.5;
1437;1437.0;56.0;52.6;50.7;49.1;47.2;45.9;44.0;39.6;
1438;1438.0;56.0;52.6;50.7;49.1;47.2;45.9;44.0;39.5;
1439;1439.0;56.0;52.6;50.7;49.1;47.2;45.9;44.0;39.6;
1440;1440.0;56.0;52.6;50.7;49.1;47.2;45.9;44.0;39.5;
1441;1441.0;56.1;52.6;50.7;49.1;47.3;45.9;44.0;39.6;
1442;1442.0;56.0;52.6;50.7;49.1;47.3;46.0;44.1;39.6;
1443;1443.0;56.1;52.6;50.7;49.1;47.2;46.0;44.0;39.6;
1444;1444.0;56.0;52.6;50.7;49.1;47.3;45.9;44.0;39.6;
1445;1445.0;56.1;52.7;50.7;49.1;47.3;46.0;44.1;39.6;
1446;1446.0;56.1;52.7;50.7;49.1;47.2;45.9;44.0;39.5;
1447;1447.0;56.1;52.6;50.7;49.1;47.3;46.0;44.0;39.6;
1448;1448.0;56.1;52.7;50.7;49.1;47.3;46.0;44.0;39.6;
1449;1449.0;56.1;52.7;50.7;49.1;47.3;46.0;44.1;39.6;
1450;1450.0;56.1;52.8;50.7;49.1;47.3;46.0;44.0;39.6;
1451;1451.0;56.1;52.7;50.7;49.1;47.3;46.0;44.1;39.6;
1452;1452.0;56.1;52.7;50.7;49.1;47.3;46.0;44.0;39.6;
1453;1453.0;56.1;52.8;50.8;49.1;47.3;46.0;44.1;39.6;
1454;1454.0;56.1;52.7;50.8;49.1;47.3;46.0;44.1;39.6;
1455;1455.0;56.1;52.8;50.8;49.1;47.3;46.0;44.1;39.6;
1456;1456.0;56.1;52.8;50.8;49.1;47.3;46.0;44.1;39.6;
1457;1457.0;56.1;52.8;50.8;49.1;47.3;46.0;44.1;39.6;
1458;1458.0;56.1;52.8;50.8;49.1;47.3;46.0;44.1;39.6;
1459;1459.0;56.1;52.8;50.8;49.1;47.4;46.1;44.1;39.6;
1460;1460.0;56.1;52.8;50.8;49.1;47.4;46.1;44.1;39.6;
1461;1461.0;56.1;52.8;50.8;49.1;47.3;46.0;44.1;39.6;
1462;1462.0;56.2;52.8;50.8;49.1;47.3;46.0;44.1;39.6;
1463;1463.0;56.2;52.8;50.8;49.1;47.3;46.0;44.1;39.6;
1464;1464.0;56.1;52.8;50.8;49.1;47.4;46.1;44.1;39.6;
1465;1465.0;56.2;52.8;50.8;49.1;47.4;46.1;44.1;39.6;
1466;1466.0;56.2;52.8;50.8;49.1;47.4;46.1;44.1;39.6;
1467;1467.0;56.2;52.8;50.8;49.1;47.4;46.1;44.1;39.6;
1468;1468.0;56.2;52.8;50.8;49.1;47.4;46.1;44.1;39.6;
1469;1469.0;56.2;52.8;50.8;49.1;47.3;46.0;44.1;39.6;
1470;1470.0;56.2;52.8;50.8;49.1;47.4;46.1;44.1;39.6;
1471;1471.0;56.2;52.8;50.8;49.1;47.4;46.2;44.1;39.6;
1472;1472.0;56.2;52.8;50.8;49.1;47.4;46.1;44.1;39.6;
1473;1473.0;56.2;52.8;50.8;49.1;47.4;46.2;44.1;39.6;
1474;1474.0;56.2;52.8;50.8;49.1;47.4;46.2;44.1;39.6;
1475;1475.0;56.2;52.8;50.8;49.1;47.4;46.2;44.2;39.6;
1476;1476.0;56.2;52.8;50.8;49.1;47.4;46.2;44.1;39.6;
1477;1477.0;56.2;52.8;50.8;49.2;47.4;46.2;44.1;39.6;
1478;1478.0;56.2;52.9;50.8;49.2;47.4;46.2;44.1;39.6;
1479;1479.0;56.2;52.9;50.8;49.1;47.4;46.2;44.1;39.6;
1480;1480.0;56.2;52.8;50.8;49.1;47.4;46.2;44.2;39.6;
1481;1481.0;56.2;52.9;50.8;49.2;47.4;46.2;44.2;39.6;
1482;1482.0;56.2;52.9;50.8;49.2;47.4;46.2;44.1;39.6;
1483;1483.0;56.2;52.9;50.8;49.2;47.4;46.2;44.1;39.6;
1484;1484.0;56.2;52.8;50.8;49.2;47.4;46.2;44.2;39.6;
1485;1485.0;56.2;52.9;50.8;49.2;47.5;46.2;44.2;39.6;
1486;1486.0;56.2;52.9;50.8;49.2;47.5;46.2;44.2;39.6;
1487;1487.0;56.2;52.9;50.8;49.2;47.4;46.2;44.2;39.6;
1488;1488.0;56.2;52.9;50.8;49.3;47.5;46.2;44.2;39.6;
1489;1489.0;56.2;52.9;50.8;49.3;47.4;46.2;44.2;39.6;
1490;1490.0;56.2;52.9;50.8;49.2;47.5;46.2;44.2;39.6;
1491;1491.0;56.3;52.9;50.8;49.2;47.5;46.2;44.2;39.7;
1492;1492.0;56.3;52.9;50.8;49.2;47.5;46.2;44.2;39.6;
1493;1493.0;56.3;52.9;50.8;49.2;47.5;46.2;44.2;39.6;
1494;1494.0;56.2;52.9;50.8;49.2;47.4;46.2;44.2;39.6;
1495;1495.0;56.3;52.9;50.8;49.2;47.5;46.2;44.2;39.7;
1496;1496.0;56.2;52.9;50.9;49.2;47.5;46.2;44.2;39.7;
1497;1497.0;56.3;52.9;50.9;49.3;47.5;46.2;44.2;39.7;
1498;1498.0;56.3;52.9;50.9;49.3;47.5;46.2;44.2;39.7;
1499;1499.0;56.3;52.9;50.9;49.3;47.5;46.2;44.2;39.7;
1500;1500.0;56.3;52.9;50.9;49.3;47.5;46.2;44.2;39.7;
1501;1501.0;56.3;52.9;50.9;49.4;47.5;46.2;44.2;39.7;
1502;1502.0;56.3;52.9;50.9;49.4;47.5;46.2;44.2;39.7;
1503;1503.0;56.3;52.9;50.9;49.3;47.5;46.2;44.2;39.7;
1504;1504.0;56.3;52.9;50.9;49.3;47.5;46.2;44.2;39.6;
1505;1505.0;56.3;52.9;50.9;49.3;47.5;46.2;44.2;39.7;
1506;1506.0;56.3;52.9;50.9;49.2;47.5;46.2;44.2;39.7;
1507;1507.0;56.3;52.9;50.9;49.3;47.5;46.2;44.2;39.6;
1508;1508.0;56.3;52.9;50.9;49.4;47.5;46.2;44.2;39.7;
1509;1509.0;56.3;53.0;50.9;49.3;47.5;46.2;44.2;39.7;
1510;1510.0;56.4;53.0;51.0;49.3;47.5;46.2;44.2;39.7;
1511;1511.0;56.3;53.0;50.9;49.4;47.5;46.2;44.2;39.7;
1512;1512.0;56.4;53.0;51.0;49.4;47.5;46.2;44.2;39.7;
1513;1513.0;56.4;53.0;51.0;49.4;47.5;46.2;44.2;39.7;
1514;1514.0;56.4;53.0;50.9;49.4;47.6;46.2;44.2;39.8;
1515;1515.0;56.4;53.0;50.9;49.3;47.5;46.2;44.2;39.7;
1516;1516.0;56.4;53.0;51.0;49.4;47.5;46.2;44.2;39.7;
1517;1517.0;56.4;53.0;51.0;49.4;47.5;46.2;44.2;39.8;
1518;1518.0;56.4;52.9;50.9;49.4;47.5;46.2;44.2;39.7;
1519;1519.0;56.4;53.0;51.0;49.4;47.6;46.2;44.3;39.8;
1520;1520.0;56.4;53.0;51.1;49.4;47.6;46.2;44.2;39.8;
1521;1521.0;56.4;53.0;51.0;49.4;47.6;46.2;44.2;39.7;
1522;1522.0;56.4;53.0;51.0;49.4;47.6;46.2;44.2;39.7;
1523;1523.0;56.4;53.0;50.9;49.4;47.5;46.2;44.2;39.7;
1524;1524.0;56.4;53.0;51.1;49.5;47.6;46.3;44.3;39.8;
1525;1525.0;56.4;53.1;51.1;49.4;47.6;46.2;44.3;39.8;
1526;1526.0;56.4;53.0;51.1;49.5;47.6;46.3;44.2;39.8;
1527;1527.0;56.4;53.0;51.0;49.4;47.5;46.2;44.2;39.7;
1528;1528.0;56.4;53.1;51.1;49.4;47.6;46.3;44.2;39.8;
1529;1529.0;56.4;53.1;51.1;49.5;47.6;46.3;44.3;39.8;
1530;1530.0;56.4;53.0;51.1;49.5;47.6;46.3;44.3;39.8;
1531;1531.0;56.4;53.1;51.1;49.4;47.6;46.3;44.4;39.8;
1532;1532.0;56.4;53.1;51.1;49.5;47.6;46.3;44.4;39.8;
1533;1533.0;56.4;53.1;51.1;49.5;47.6;46.4;44.3;39.8;
1534;1534.0;56.4;53.1;51.0;49.5;47.6;46.3;44.3;39.7;
1535;1535.0;56.4;53.1;51.1;49.5;47.6;46.3;44.3;39.8;
1536;1536.0;56.4;53.1;51.1;49.5;47.6;46.3;44.3;39.7;
1537;1537.0;56.5;53.1;51.1;49.5;47.6;46.4;44.4;39.8;
1538;1538.0;56.4;53.1;51.1;49.5;47.6;46.3;44.3;39.8;
1539;1539.0;56.5;53.1;51.1;49.5;47.6;46.4;44.4;39.8;
1540;1540.0;56.4;53.1;51.2;49.5;47.6;46.4;44.4;39.8;
1541;1541.0;56.4;53.1;51.1;49.5;47.6;46.4;44.3;39.8;
1542;1542.0;56.5;53.1;51.1;49.5;47.6;46.4;44.4;39.8;
1543;1543.0;56.5;53.1;51.2;49.5;47.6;46.4;44.4;39.8;
1544;1544.0;56.5;53.1;51.1;49.5;47.7;46.3;44.4;39.8;
1545;1545.0;56.5;53.1;51.1;49.5;47.6;46.4;44.4;39.8;
1546;1546.0;56.5;53.2;51.1;49.5;47.7;46.4;44.4;39.8;
1547;1547.0;56.5;53.2;51.2;49.5;47.6;46.4;44.4;39.8;
1548;1548.0;56.5;53.2;51.2;49.5;47.7;46.4;44.4;39.8;
1549;1549.0;56.6;53.1;51.2;49.5;47.6;46.4;44.4;39.9;
1550;1550.0;56.6;53.2;51.2;49.5;47.7;46.4;44.4;39.8;
1551;1551.0;56.5;53.2;51.2;49.5;47.6;46.4;44.4;39.8;
1552;1552.0;56.6;53.2;51.1;49.5;47.7;46.4;44.4;39.8;
1553;1553.0;56.6;53.2;51.2;49.5;47.7;46.4;44.4;39.8;
1554;1554.0;56.6;53.2;51.2;49.5;47.6;46.4;44.4;39.8;
1555;1555.0;56.6;53.2;51.2;49.5;47.7;46.4;44.4;39.8;
1556;1556.0;56.6;53.2;51.2;49.5;47.7;46.5;44.4;39.9;
1557;1557.0;56.6;53.2;51.2;49.5;47.7;46.5;44.4;39.9;
1558;1558.0;56.5;53.2;51.2;49.5;47.6;46.4;44.4;39.8;
1559;1559.0;56.6;53.2;51.2;49.5;47.7;46.4;44.5;39.9;
1560;1560.0;56.6;53.2;51.2;49.5;47.7;46.5;44.4;39.9;
1561;1561.0;56.6;53.2;51.2;49.5;47.7;46.5;44.4;39.9;
1562;1562.0;56.6;53.2;51.2;49.5;47.7;46.5;44.4;39.9;
1563;1563.0;56.6;53.2;51.2;49.6;47.7;46.5;44.5;39.9;
1564;1564.0;56.6;53.2;51.2;49.5;47.7;46.5;44.5;39.9;
1565;1565.0;56.6;53.2;51.2;49.6;47.7;46.5;44.4;39.9;
1566;1566.0;56.6;53.3;51.2;49.6;47.7;46.5;44.5;39.9;
1567;1567.0;56.6;53.2;51.2;49.5;47.7;46.5;44.4;39.8;
1568;1568.0;56.6;53.2;51.2;49.6;47.8;46.5;44.5;39.9;
1569;1569.0;56.6;53.2;51.2;49.6;47.7;46.5;44.5;39.9;
1570;1570.0;56.6;53.2;51.2;49.5;47.8;46.5;44.5;39.9;
1571;1571.0;56.6;53.2;51.2;49.6;47.8;46.5;44.5;39.9;
1572;1572.0;56.6;53.2;51.2;49.6;47.8;46.5;44.5;39.9;
1573;1573.0;56.6;53.2;51.2;49.6;47.8;46.5;44.5;39.9;
1574;1574.0;56.6;53.2;51.2;49.5;47.7;46.5;44.4;39.8;
1575;1575.0;56.6;53.3;51.2;49.6;47.7;46.5;44.5;39.9;
1576;1576.0;56.6;53.3;51.2;49.6;47.8;46.5;44.5;39.9;
1577;1577.0;56.6;53.3;51.2;49.6;47.8;46.5;44.5;39.9;
1578;1578.0;56.6;53.3;51.2;49.6;47.8;46.5;44.5;39.9;
1579;1579.0;56.6;53.2;51.2;49.6;47.7;46.5;44.5;39.9;
1580;1580.0;56.6;53.3;51.2;49.6;47.8;46.5;44.5;39.9;
1581;1581.0;56.6;53.3;51.2;49.6;47.8;46.5;44.5;39.9;
1582;1582.0;56.6;53.3;51.2;49.7;47.8;46.5;44.5;39.9;
1583;1583.0;56.6;53.3;51.2;49.6;47.9;46.5;44.5;39.9;
1584;1584.0;56.6;53.3;51.2;49.6;47.8;46.5;44.5;39.9;
1585;1585.0;56.6;53.3;51.3;49.6;47.8;46.5;44.5;39.9;
1586;1586.0;56.6;53.3;51.2;49.6;47.8;46.5;44.5;39.9;
1587;1587.0;56.6;53.3;51.2;49.6;47.8;46.6;44.5;39.9;
1588;1588.0;56.7;53.3;51.3;49.7;47.8;46.5;44.5;39.9;
1589;1589.0;56.7;53.3;51.3;49.6;47.8;46.5;44.5;39.9;
1590;1590.0;56.6;53.3;51.3;49.6;47.8;46.5;44.5;40.0;
1591;1591.0;56.6;53.3;51.3;49.7;47.9;46.5;44.5;39.9;
1592;1592.0;56.7;53.3;51.3;49.7;47.9;46.6;44.6;40.0;
1593;1593.0;56.6;53.3;51.3;49.6;47.8;46.5;44.5;40.0;
1594;1594.0;56.6;53.3;51.3;49.7;47.9;46.5;44.6;40.0;
1595;1595.0;56.6;53.3;51.3;49.7;47.8;46.6;44.5;40.0;
1596;1596.0;56.7;53.3;51.3;49.7;47.8;46.6;44.5;40.0;
1597;1597.0;56.7;53.3;51.3;49.7;47.8;46.6;44.6;40.0;
1598;1598.0;56.7;53.3;51.3;49.7;47.9;46.6;44.5;39.9;
1599;1599.0;56.7;53.3;51.3;49.7;47.8;46.5;44.5;39.9;
1600;1600.0;56.6;53.3;51.3;49.6;47.9;46.6;44.6;39.9;
1601;1601.0;56.7;53.3;51.3;49.7;47.9;46.6;44.6;40.0;
1602;1602.0;56.7;53.4;51.4;49.7;47.9;46.6;44.6;40.0;
1603;1603.0;56.7;53.3;51.3;49.7;47.9;46.6;44.6;40.0;
1604;1604.0;56.7;53.4;51.4;49.7;47.9;46.6;44.6;40.0;
1605;1605.0;56.8;53.3;51.3;49.7;47.9;46.6;44.5;39.9;
1606;1606.0;56.7;53.3;51.3;49.7;47.9;46.6;44.6;40.0;
1607;1607.0;56.7;53.4;51.3;49.7;47.9;46.6;44.5;40.0;
1608;1608.0;56.7;53.4;51.4;49.8;47.9;46.6;44.6;40.0;
1609;1609.0;56.7;53.4;51.4;49.7;47.9;46.6;44.6;40.0;
1610;1610.0;56.7;53.4;51.4;49.8;47.9;46.6;44.6;40.0;
1611;1611.0;56.7;53.4;51.4;49.8;47.9;46.6;44.6;40.0;
1612;1612.0;56.7;53.4;51.4;49.7;47.9;46.6;44.6;39.9;
1613;1613.0;56.7;53.4;51.4;49.7;47.9;46.6;44.6;40.0;
1614;1614.0;56.7;53.4;51.5;49.8;47.9;46.6;44.6;40.0;
1615;1615.0;56.8;53.4;51.4;49.8;47.9;46.6;44.6;40.0;
1616;1616.0;56.8;53.4;51.4;49.8;47.9;46.6;44.6;40.0;
1617;1617.0;56.7;53.4;51.4;49.8;47.9;46.6;44.6;40.0;
1618;1618.0;56.8;53.5;51.4;49.8;47.9;46.6;44.6;40.0;
1619;1619.0;56.8;53.4;51.4;49.8;47.9;46.6;44.6;40.0;
1620;1620.0;56.8;53.4;51.4;49.8;47.9;46.6;44.6;40.0;
1621;1621.0;56.8;53.4;51.6;49.8;47.9;46.6;44.6;40.0;
1622;1622.0;56.8;53.4;51.4;49.7;47.9;46.6;44.6;40.0;
1623;1623.0;56.8;53.5;51.6;49.8;47.9;46.6;44.6;40.0;
1624;1624.0;56.8;53.5;51.6;49.8;47.9;46.6;44.6;40.0;
1625;1625.0;56.8;53.5;51.6;49.8;47.9;46.6;44.6;40.0;
1626;1626.0;56.8;53.5;51.4;49.8;47.9;46.6;44.6;40.0;
1627;1627.0;56.8;53.5;51.6;49.8;47.9;46.6;44.6;40.0;
1628;1628.0;56.8;53.5;51.4;49.8;47.9;46.6;44.6;40.0;
1629;1629.0;56.8;53.5;51.4;49.8;47.9;46.6;44.6;40.0;
1630;1630.0;56.8;53.5;51.6;49.8;48.0;46.6;44.6;40.0;
1631;1631.0;56.8;53.5;51.6;49.8;47.9;46.6;44.6;40.0;
1632;1632.0;56.9;53.5;51.6;49.8;47.9;46.6;44.6;40.0;
1633;1633.0;56.8;53.5;51.6;49.8;47.9;46.6;44.6;40.1;
1634;1634.0;56.8;53.5;51.6;49.8;47.9;46.6;44.6;40.1;
1635;1635.0;56.8;53.5;51.6;49.8;47.9;46.6;44.6;40.0;
1636;1636.0;56.9;53.5;51.6;49.8;48.0;46.6;44.6;40.0;
1637;1637.0;56.9;53.5;51.6;49.8;48.0;46.6;44.7;40.0;
1638;1638.0;56.8;53.5;51.6;49.8;47.9;46.6;44.6;40.0;
1639;1639.0;56.9;53.5;51.6;49.9;48.0;46.6;44.7;40.0;
1640;1640.0;56.9;53.5;51.6;49.8;48.0;46.7;44.6;40.0;
1641;1641.0;56.9;53.5;51.6;49.8;48.0;46.6;44.6;40.1;
1642;1642.0;56.9;53.5;51.6;49.9;48.0;46.6;44.7;40.0;
1643;1643.0;56.9;53.5;51.6;49.8;47.9;46.6;44.7;40.0;
1644;1644.0;56.8;53.5;51.6;49.8;48.0;46.8;44.7;40.1;
1645;1645.0;56.8;53.5;51.6;49.8;48.0;46.7;44.7;40.0;
1646;1646.0;56.8;53.5;51.6;49.8;48.0;46.6;44.6;40.0;
1647;1647.0;56.9;53.5;51.6;49.9;48.0;46.8;44.7;40.1;
1648;1648.0;56.9;53.5;51.6;49.8;48.0;46.7;44.7;40.0;
1649;1649.0;56.9;53.5;51.6;49.9;48.0;46.7;44.7;40.1;
1650;1650.0;57.0;53.5;51.6;49.9;48.0;46.7;44.7;40.0;
1651;1651.0;57.0;53.5;51.6;49.9;48.0;46.7;44.7;40.1;
1652;1652.0;57.0;53.6;51.6;49.9;48.0;46.7;44.7;40.0;
1653;1653.0;56.9;53.6;51.6;49.9;48.0;46.8;44.7;40.0;
1654;1654.0;57.0;53.6;51.6;49.9;48.0;46.8;44.7;40.1;
1655;1655.0;57.0;53.6;51.6;49.9;48.0;46.7;44.7;40.1;
1656;1656.0;57.0;53.6;51.6;49.9;48.0;46.7;44.7;40.1;
1657;1657.0;57.0;53.5;51.6;49.9;48.0;46.7;44.7;40.1;
1658;1658.0;56.9;53.6;51.6;49.9;48.0;46.8;44.7;40.1;
1659;1659.0;57.0;53.6;51.6;49.9;48.0;46.8;44.7;40.1;
1660;1660.0;57.0;53.6;51.7;50.0;48.0;46.8;44.7;40.1;
1661;1661.0;57.0;53.6;51.7;49.9;48.1;46.8;44.7;40.1;
1662;1662.0;57.0;53.7;51.7;49.9;48.1;46.8;44.7;40.1;
1663;1663.0;57.0;53.5;51.6;49.9;48.0;46.7;44.7;40.0;
1664;1664.0;57.0;53.6;51.7;50.0;48.0;46.8;44.7;40.1;
1665;1665.0;57.0;53.7;51.7;49.9;48.0;46.8;44.7;40.1;
1666;1666.0;57.0;53.6;51.7;50.0;48.0;46.8;44.7;40.1;
1667;1667.0;57.0;53.6;51.7;50.0;48.1;46.8;44.7;40.1;
1668;1668.0;57.0;53.6;51.7;49.9;48.0;46.8;44.7;40.1;
1669;1669.0;57.0;53.7;51.7;50.0;48.1;46.8;44.7;40.1;
1670;1670.0;57.0;53.7;51.7;49.9;48.1;46.8;44.7;40.1;
1671;1671.0;57.0;53.7;51.7;50.0;48.2;46.8;44.7;40.1;
1672;1672.0;57.0;53.7;51.7;49.9;48.1;46.8;44.8;40.1;
1673;1673.0;57.0;53.7;51.7;50.0;48.1;46.8;44.8;40.1;
1674;1674.0;57.0;53.7;51.7;50.0;48.1;46.8;44.8;40.1;
1675;1675.0;57.0;53.7;51.7;50.0;48.1;46.8;44.8;40.1;
1676;1676.0;57.0;53.7;51.7;50.0;48.1;46.8;44.8;40.1;
1677;1677.0;57.0;53.7;51.7;50.0;48.1;46.8;44.7;40.1;
1678;1678.0;57.0;53.7;51.7;50.0;48.1;46.8;44.8;40.1;
1679;1679.0;57.0;53.7;51.7;50.0;48.2;46.8;44.8;40.1;
1680;1680.0;57.0;53.7;51.7;50.0;48.2;46.8;44.8;40.1;
1681;1681.0;57.0;53.7;51.8;50.0;48.2;46.8;44.8;40.1;
1682;1682.0;57.0;53.7;51.7;50.0;48.2;46.8;44.8;40.1;
1683;1683.0;57.0;53.7;51.7;50.0;48.2;46.8;44.8;40.1;
1684;1684.0;57.0;53.7;51.7;50.0;48.2;46.8;44.8;40.1;
1685;1685.0;57.0;53.7;51.7;50.0;48.2;46.9;44.8;40.1;
1686;1686.0;57.0;53.7;51.7;50.0;48.2;46.8;44.8;40.1;
1687;1687.0;57.0;53.7;51.8;50.0;48.2;46.8;44.8;40.1;
1688;1688.0;57.0;53.7;51.8;50.0;48.2;46.8;44.8;40.1;
1689;1689.0;57.0;53.7;51.8;50.0;48.2;46.9;44.8;40.1;
1690;1690.0;57.0;53.7;51.7;50.0;48.2;46.9;44.8;40.1;
1691;1691.0;57.0;53.7;51.8;50.0;48.2;46.8;44.8;40.1;
1692;1692.0;57.0;53.7;51.8;50.0;48.2;46.8;44.8;40.1;
1693;1693.0;57.0;53.7;51.7;50.0;48.2;46.8;44.8;40.1;
1694;1694.0;57.0;53.7;51.8;50.0;48.2;46.9;44.8;40.1;
1695;1695.0;57.0;53.7;51.8;50.0;48.2;46.9;44.8;40.1;
1696;1696.0;57.0;53.7;51.7;50.0;48.2;46.9;44.8;40.2;
1697;1697.0;57.0;53.7;51.8;50.0;48.2;46.9;44.8;40.1;
1698;1698.0;57.0;53.7;51.8;50.0;48.2;46.8;44.8;40.1;
1699;1699.0;57.0;53.7;51.7;50.0;48.3;46.9;44.8;40.1;
1700;1700.0;57.0;53.7;51.8;50.0;48.2;46.9;44.8;40.1;
1701;1701.0;57.1;53.7;51.8;50.0;48.2;46.9;44.9;40.1;
1702;1702.0;57.0;53.7;51.8;50.0;48.3;46.9;44.8;40.1;
1703;1703.0;57.0;53.7;51.8;50.0;48.2;46.9;44.8;40.1;
1704;1704.0;57.0;53.7;51.8;50.0;48.3;46.9;44.8;40.1;
1705;1705.0;57.1;53.7;51.8;50.0;48.3;46.9;44.8;40.2;
1706;1706.0;57.0;53.7;51.8;50.0;48.3;46.9;44.8;40.1;
1707;1707.0;57.1;53.7;51.8;50.0;48.3;46.9;44.8;40.2;
1708;1708.0;57.0;53.7;51.8;50.0;48.3;46.9;44.9;40.2;
1709;1709.0;57.0;53.7;51.8;50.0;48.2;46.9;44.9;40.1;
1710;1710.0;57.1;53.7;51.8;50.0;48.3;46.9;44.9;40.2;
1711;1711.0;57.0;53.7;51.8;50.0;48.3;46.9;44.8;40.2;
1712;1712.0;57.0;53.7;51.8;50.0;48.2;46.9;44.8;40.1;
1713;1713.0;57.1;53.7;51.8;50.0;48.3;46.9;44.9;40.1;
1714;1714.0;57.1;53.7;51.8;50.1;48.3;46.9;44.9;40.1;
1715;1715.0;57.1;53.7;51.8;50.1;48.3;46.9;44.9;40.1;
1716;1716.0;57.1;53.7;51.9;50.0;48.3;46.9;44.8;40.2;
1717;1717.0;57.1;53.7;51.8;50.1;48.3;47.0;44.9;40.2;
1718;1718.0;57.1;53.7;51.9;50.1;48.3;46.9;44.9;40.1;
1719;1719.0;57.1;53.8;51.9;50.0;48.3;47.0;44.9;40.1;
1720;1720.0;57.1;53.7;51.8;50.1;48.3;47.0;44.9;40.2;
1721;1721.0;57.2;53.7;52.0;50.1;48.3;47.0;44.9;40.2;
1722;1722.0;57.2;53.7;51.9;50.1;48.3;47.0;44.9;40.2;
1723;1723.0;57.1;53.8;51.9;50.1;48.3;47.0;44.9;40.2;
1724;1724.0;57.2;53.8;51.9;50.1;48.3;47.0;44.9;40.2;
1725;1725.0;57.1;53.7;51.9;50.1;48.3;47.0;44.9;40.2;
1726;1726.0;57.2;53.7;51.9;50.1;48.3;47.0;44.9;40.2;
1727;1727.0;57.1;53.7;51.9;50.1;48.3;47.1;44.9;40.2;
1728;1728.0;57.1;53.7;52.0;50.1;48.3;46.9;44.9;40.2;
1729;1729.0;57.2;53.8;51.9;50.1;48.3;47.1;44.9;40.2;
1730;1730.0;57.1;53.8;52.0;50.1;48.3;47.0;44.9;40.2;
1731;1731.0;57.2;53.8;52.0;50.1;48.3;47.1;44.9;40.2;
1732;1732.0;57.2;53.8;51.9;50.1;48.3;47.0;44.9;40.2;
1733;1733.0;57.2;53.8;52.0;50.1;48.3;47.0;44.9;40.2;
1734;1734.0;57.2;53.8;51.9;50.1;48.3;47.1;44.9;40.2;
1735;1735.0;57.2;53.8;52.0;50.1;48.3;47.1;44.9;40.2;
1736;1736.0;57.2;53.8;52.0;50.2;48.3;47.0;44.9;40.2;
1737;1737.0;57.2;53.8;52.0;50.1;48.3;47.1;45.0;40.2;
1738;1738.0;57.2;53.8;52.0;50.1;48.3;47.1;44.9;40.3;
1739;1739.0;57.2;53.8;52.0;50.1;48.3;47.1;44.9;40.2;
1740;1740.0;57.2;53.8;52.0;50.2;48.3;47.1;45.0;40.3;
1741;1741.0;57.2;53.9;52.0;50.2;48.3;47.1;45.0;40.3;
1742;1742.0;57.2;53.8;52.0;50.2;48.3;47.0;45.0;40.3;
1743;1743.0;57.2;53.8;52.0;50.2;48.3;47.0;44.9;40.3;
1744;1744.0;57.3;53.8;52.0;50.2;48.3;47.1;45.0;40.2;
1745;1745.0;57.2;53.9;52.0;50.2;48.3;47.1;45.0;40.3;
1746;1746.0;57.2;53.9;52.0;50.1;48.3;47.1;45.0;40.3;
1747;1747.0;57.2;53.8;52.0;50.3;48.3;47.0;45.0;40.3;
1748;1748.0;57.3;53.8;52.0;50.2;48.3;47.1;45.0;40.3;
1749;1749.0;57.3;53.9;52.0;50.2;48.3;47.1;45.0;40.3;
1750;1750.0;57.2;53.8;52.0;50.2;48.3;47.1;45.0;40.2;
1751;1751.0;57.2;53.9;52.0;50.2;48.3;47.1;45.0;40.2;
1752;1752.0;57.3;53.9;52.0;50.2;48.3;47.1;45.0;40.2;
1753;1753.0;57.2;53.9;52.0;50.2;48.3;47.1;45.0;40.3;
1754;1754.0;57.3;53.9;52.0;50.3;48.3;47.1;45.0;40.3;
1755;1755.0;57.3;53.9;52.0;50.3;48.3;47.1;45.0;40.3;
1756;1756.0;57.3;53.9;52.0;50.3;48.3;47.1;45.0;40.3;
1757;1757.0;57.3;53.9;52.0;50.3;48.3;47.1;45.0;40.3;
1758;1758.0;57.3;53.9;52.0;50.3;48.3;47.1;45.0;40.3;
1759;1759.0;57.3;53.9;52.0;50.3;48.3;47.1;45.0;40.3;
1760;1760.0;57.3;53.9;52.0;50.3;48.3;47.1;45.0;40.3;
1761;1761.0;57.3;53.9;52.0;50.2;48.3;47.1;45.0;40.2;
1762;1762.0;57.3;53.9;52.0;50.3;48.3;47.1;45.0;40.3;
1763;1763.0;57.3;54.0;52.0;50.3;48.3;47.1;45.0;40.3;
1764;1764.0;57.3;53.9;52.0;50.3;48.3;47.1;45.0;40.3;
1765;1765.0;57.3;53.9;52.0;50.3;48.3;47.1;45.0;40.3;
1766;1766.0;57.3;54.0;52.0;50.2;48.3;47.1;45.0;40.3;
1767;1767.0;57.3;53.9;52.0;50.3;48.4;47.1;45.0;40.3;
1768;1768.0;57.3;53.9;52.0;50.3;48.3;47.1;45.0;40.4;
1769;1769.0;57.3;53.9;52.0;50.3;48.4;47.1;45.0;40.3;
1770;1770.0;57.3;54.0;52.0;50.3;48.4;47.1;45.0;40.4;
1771;1771.0;57.3;54.0;52.0;50.3;48.4;47.1;45.0;40.4;
1772;1772.0;57.3;53.9;52.0;50.3;48.3;47.1;45.0;40.4;
1773;1773.0;57.3;54.0;52.0;50.3;48.4;47.1;45.0;40.4;
1774;1774.0;57.3;54.0;52.0;50.4;48.4;47.1;45.0;40.4;
1775;1775.0;57.3;54.0;52.0;50.3;48.4;47.1;45.0;40.4;
1776;1776.0;57.3;54.0;52.0;50.3;48.4;47.1;45.0;40.4;
1777;1777.0;57.3;54.0;52.0;50.4;48.4;47.1;45.0;40.4;
1778;1778.0;57.3;54.1;52.0;50.3;48.4;47.1;45.0;40.4;
1779;1779.0;57.4;54.0;52.0;50.4;48.4;47.1;45.0;40.4;
1780;1780.0;57.3;54.1;52.0;50.4;48.4;47.1;45.0;40.4;
1781;1781.0;57.4;54.1;52.0;50.3;48.4;47.1;45.0;40.4;
1782;1782.0;57.3;54.1;52.0;50.4;48.4;47.1;45.0;40.4;
1783;1783.0;57.4;54.0;52.0;50.4;48.4;47.1;45.0;40.4;
1784;1784.0;57.3;54.1;52.1;50.4;48.4;47.1;45.0;40.4;
1785;1785.0;57.4;54.1;52.1;50.3;48.4;47.1;45.0;40.4;
1786;1786.0;57.4;54.0;52.0;50.4;48.4;47.1;45.0;40.4;
1787;1787.0;57.3;54.1;52.1;50.4;48.4;47.1;45.0;40.4;
1788;1788.0;57.4;54.1;52.1;50.4;48.4;47.1;45.0;40.4;
1789;1789.0;57.4;54.1;52.1;50.4;48.5;47.1;45.0;40.4;
1790;1790.0;57.4;54.1;52.1;50.4;48.4;47.1;45.0;40.4;
1791;1791.0;57.4;54.1;52.1;50.4;48.5;47.1;45.0;40.4;
1792;1792.0;57.4;54.1;52.1;50.4;48.5;47.1;45.0;40.4;
1793;1793.0;57.4;54.1;52.1;50.4;48.5;47.1;45.0;40.4;
1794;1794.0;57.4;54.1;52.1;50.4;48.5;47.1;45.0;40.4;
1795;1795.0;57.4;54.1;52.1;50.4;48.5;47.2;45.0;40.4;
1796;1796.0;57.4;54.1;52.1;50.4;48.4;47.1;45.0;40.4;
1797;1797.0;57.4;54.1;52.1;50.4;48.5;47.1;45.0;40.4;
1798;1798.0;57.4;54.1;52.1;50.4;48.5;47.1;45.0;40.4;
1799;1799.0;57.4;54.1;52.1;50.4;48.4;47.1;45.0;40.4;
1800;1800.0;57.4;54.1;52.1;50.4;48.5;47.1;45.1;40.4;
1801;1801.0;57.4;54.1;52.1;50.4;48.6;47.2;45.1;40.4;
1802;1802.0;57.4;54.1;52.1;50.4;48.6;47.2;45.1;40.4;
1803;1803.0;57.4;54.1;52.1;50.4;48.6;47.1;45.0;40.4;
1804;1804.0;57.4;54.1;52.1;50.4;48.5;47.2;45.1;40.4;
1805;1805.0;57.4;54.1;52.1;50.4;48.6;47.2;45.1;40.4;
1806;1806.0;57.4;54.1;52.2;50.4;48.6;47.2;45.1;40.4;
1807;1807.0;57.4;54.1;52.1;50.4;48.5;47.2;45.1;40.4;
1808;1808.0;57.4;54.1;52.1;50.4;48.6;47.2;45.1;40.4;
1809;1809.0;57.4;54.1;52.1;50.4;48.5;47.2;45.1;40.4;
1810;1810.0;57.4;54.1;52.2;50.4;48.6;47.2;45.1;40.4;
1811;1811.0;57.4;54.1;52.2;50.4;48.5;47.2;45.1;40.4;
1812;1812.0;57.4;54.1;52.1;50.4;48.5;47.2;45.1;40.4;
1813;1813.0;57.4;54.1;52.1;50.4;48.5;47.2;45.1;40.4;
1814;1814.0;57.4;54.1;52.2;50.4;48.6;47.2;45.1;40.4;
1815;1815.0;57.4;54.1;52.2;50.4;48.6;47.2;45.1;40.4;
1816;1816.0;57.4;54.1;52.1;50.4;48.6;47.2;45.2;40.4;
1817;1817.0;57.4;54.1;52.1;50.4;48.6;47.2;45.1;40.4;
1818;1818.0;57.4;54.1;52.2;50.4;48.6;47.1;45.1;40.4;
1819;1819.0;57.4;54.1;52.1;50.4;48.6;47.2;45.1;40.4;
1820;1820.0;57.4;54.1;52.2;50.4;48.6;47.2;45.1;40.4;
1821;1821.0;57.4;54.1;52.2;50.4;48.6;47.2;45.1;40.4;
1822;1822.0;57.4;54.1;52.2;50.4;48.6;47.2;45.1;40.4;
1823;1823.0;57.4;54.1;52.2;50.4;48.5;47.2;45.1;40.4;
1824;1824.0;57.4;54.1;52.2;50.4;48.6;47.2;45.2;40.5;
1825;1825.0;57.4;54.1;52.2;50.4;48.6;47.2;45.1;40.4;
1826;1826.0;57.4;54.1;52.2;50.4;48.6;47.2;45.2;40.5;
1827;1827.0;57.4;54.1;52.2;50.4;48.6;47.2;45.1;40.4;
1828;1828.0;57.5;54.1;52.2;50.4;48.6;47.2;45.1;40.4;
1829;1829.0;57.4;54.1;52.2;50.4;48.6;47.3;45.2;40.4;
1830;1830.0;57.4;54.1;52.2;50.4;48.6;47.2;45.1;40.4;
1831;1831.0;57.4;54.1;52.2;50.4;48.6;47.3;45.2;40.5;
1832;1832.0;57.5;54.1;52.2;50.4;48.6;47.2;45.2;40.4;
1833;1833.0;57.4;54.1;52.2;50.4;48.6;47.3;45.2;40.4;
1834;1834.0;57.4;54.1;52.2;50.4;48.6;47.2;45.2;40.4;
1835;1835.0;57.5;54.1;52.2;50.4;48.7;47.3;45.2;40.4;
1836;1836.0;57.4;54.1;52.2;50.4;48.6;47.3;45.2;40.5;
1837;1837.0;57.4;54.1;52.2;50.4;48.6;47.2;45.1;40.4;
1838;1838.0;57.5;54.1;52.3;50.4;48.6;47.3;45.2;40.5;
1839;1839.0;57.5;54.1;52.2;50.4;48.6;47.2;45.2;40.5;
1840;1840.0;57.4;54.1;52.2;50.4;48.7;47.3;45.2;40.5;
1841;1841.0;57.5;54.1;52.3;50.5;48.7;47.3;45.2;40.5;
1842;1842.0;57.5;54.2;52.3;50.4;48.7;47.3;45.2;40.5;
1843;1843.0;57.5;54.2;52.3;50.4;48.7;47.3;45.2;40.5;
1844;1844.0;57.5;54.1;52.3;50.4;48.7;47.3;45.2;40.5;
1845;1845.0;57.6;54.2;52.2;50.5;48.7;47.3;45.3;40.5;
1846;1846.0;57.6;54.2;52.2;50.4;48.7;47.3;45.3;40.5;
1847;1847.0;57.4;54.1;52.3;50.4;48.6;47.3;45.1;40.5;
1848;1848.0;57.6;54.2;52.3;50.5;48.7;47.3;45.3;40.5;
1849;1849.0;57.6;54.2;52.4;50.5;48.7;47.3;45.3;40.5;
1850;1850.0;57.6;54.2;52.3;50.5;48.7;47.3;45.3;40.5;
1851;1851.0;57.6;54.3;52.3;50.5;48.7;47.3;45.3;40.5;
1852;1852.0;57.6;54.2;52.3;50.5;48.7;47.3;45.3;40.5;
1853;1853.0;57.6;54.2;52.3;50.5;48.7;47.3;45.3;40.5;
1854;1854.0;57.6;54.2;52.4;50.5;48.7;47.3;45.3;40.5;
1855;1855.0;57.6;54.3;52.3;50.5;48.7;47.3;45.3;40.5;
1856;1856.0;57.6;54.2;52.3;50.5;48.7;47.3;45.3;40.5;
1857;1857.0;57.6;54.3;52.4;50.5;48.7;47.3;45.2;40.5;
1858;1858.0;57.6;54.3;52.4;50.5;48.7;47.4;45.3;40.5;
1859;1859.0;57.6;54.3;52.3;50.5;48.7;47.3;45.3;40.5;
1860;1860.0;57.6;54.2;52.4;50.5;48.7;47.3;45.3;40.5;
1861;1861.0;57.7;54.2;52.4;50.5;48.7;47.4;45.3;40.5;
1862;1862.0;57.6;54.2;52.3;50.5;48.7;47.3;45.3;40.5;
1863;1863.0;57.6;54.3;52.4;50.5;48.7;47.4;45.3;40.5;
1864;1864.0;57.6;54.3;52.4;50.6;48.7;47.3;45.3;40.5;
1865;1865.0;57.6;54.3;52.4;50.5;48.7;47.3;45.3;40.5;
1866;1866.0;57.6;54.3;52.4;50.5;48.7;47.3;45.3;40.5;
1867;1867.0;57.6;54.3;52.4;50.6;48.7;47.4;45.3;40.5;
1868;1868.0;57.6;54.3;52.4;50.5;48.7;47.3;45.3;40.5;
1869;1869.0;57.6;54.3;52.4;50.5;48.7;47.3;45.3;40.5;
1870;1870.0;57.6;54.3;52.4;50.5;48.7;47.4;45.3;40.5;
1871;1871.0;57.6;54.3;52.3;50.5;48.7;47.3;45.3;40.5;
1872;1872.0;57.6;54.3;52.4;50.5;48.7;47.4;45.3;40.5;
1873;1873.0;57.6;54.3;52.4;50.6;48.7;47.4;45.4;40.5;
1874;1874.0;57.7;54.3;52.4;50.6;48.7;47.4;45.3;40.5;
1875;1875.0;57.6;54.4;52.4;50.5;48.7;47.4;45.3;40.5;
1876;1876.0;57.7;54.3;52.4;50.5;48.7;47.5;45.3;40.5;
1877;1877.0;57.7;54.3;52.4;50.5;48.7;47.4;45.3;40.5;
1878;1878.0;57.6;54.3;52.4;50.6;48.7;47.5;45.4;40.6;
1879;1879.0;57.7;54.3;52.4;50.6;48.7;47.4;45.4;40.5;
1880;1880.0;57.6;54.3;52.4;50.6;48.7;47.5;45.3;40.5;
1881;1881.0;57.7;54.3;52.4;50.6;48.7;47.4;45.4;40.5;
1882;1882.0;57.7;54.3;52.4;50.6;48.7;47.5;45.4;40.5;
1883;1883.0;57.7;54.3;52.4;50.7;48.7;47.4;45.4;40.5;
1884;1884.0;57.7;54.3;52.4;50.6;48.7;47.4;45.3;40.5;
1885;1885.0;57.7;54.4;52.4;50.7;48.7;47.5;45.3;40.5;
1886;1886.0;57.7;54.3;52.4;50.6;48.7;47.5;45.4;40.5;
1887;1887.0;57.7;54.4;52.4;50.6;48.7;47.5;45.4;40.5;
1888;1888.0;57.7;54.4;52.4;50.7;48.7;47.5;45.4;40.5;
1889;1889.0;57.7;54.4;52.4;50.7;48.7;47.5;45.3;40.6;
1890;1890.0;57.7;54.4;52.4;50.7;48.7;47.4;45.3;40.5;
1891;1891.0;57.7;54.4;52.4;50.6;48.7;47.5;45.4;40.5;
1892;1892.0;57.7;54.3;52.4;50.7;48.7;47.5;45.4;40.5;
1893;1893.0;57.7;54.4;52.4;50.7;48.7;47.5;45.4;40.6;
1894;1894.0;57.7;54.4;52.4;50.7;48.7;47.4;45.4;40.6;
1895;1895.0;57.7;54.4;52.4;50.7;48.7;47.5;45.4;40.6;
1896;1896.0;57.7;54.4;52.4;50.7;48.8;47.5;45.4;40.5;
1897;1897.0;57.7;54.4;52.4;50.7;48.8;47.5;45.4;40.5;
1898;1898.0;57.7;54.4;52.4;50.7;48.7;47.5;45.4;40.6;
1899;1899.0;57.7;54.4;52.4;50.7;48.8;47.5;45.4;40.6;
1900;1900.0;57.7;54.4;52.4;50.7;48.7;47.5;45.4;40.5;
1901;1901.0;57.7;54.4;52.4;50.7;48.7;47.5;45.4;40.6;
1902;1902.0;57.7;54.4;52.4;50.7;48.8;47.5;45.4;40.6;
1903;1903.0;57.7;54.4;52.4;50.7;48.8;47.5;45.4;40.6;
1904;1904.0;57.8;54.4;52.4;50.7;48.8;47.5;45.4;40.6;
1905;1905.0;57.7;54.4;52.4;50.7;48.8;47.5;45.4;40.6;
1906;1906.0;57.7;54.4;52.4;50.7;48.8;47.5;45.4;40.5;
1907;1907.0;57.7;54.4;52.4;50.7;48.8;47.5;45.4;40.6;
1908;1908.0;57.7;54.4;52.4;50.7;48.8;47.5;45.4;40.6;
1909;1909.0;57.7;54.4;52.4;50.7;48.7;47.4;45.3;40.5;
1910;1910.0;57.8;54.4;52.4;50.7;48.8;47.5;45.4;40.6;
1911;1911.0;57.7;54.4;52.4;50.7;48.8;47.5;45.4;40.6;
1912;1912.0;57.7;54.4;52.4;50.7;48.8;47.5;45.4;40.6;
1913;1913.0;57.8;54.4;52.4;50.7;48.8;47.5;45.4;40.6;
1914;1914.0;57.8;54.4;52.5;50.8;48.8;47.5;45.4;40.6;
1915;1915.0;57.8;54.5;52.4;50.7;48.9;47.5;45.4;40.6;
1916;1916.0;57.7;54.4;52.4;50.8;48.8;47.5;45.4;40.6;
1917;1917.0;57.8;54.4;52.4;50.7;48.8;47.5;45.4;40.6;
1918;1918.0;57.8;54.4;52.4;50.7;48.8;47.5;45.4;40.6;
1919;1919.0;57.8;54.4;52.4;50.8;48.8;47.5;45.4;40.6;
1920;1920.0;57.7;54.5;52.4;50.8;48.9;47.5;45.4;40.6;
1921;1921.0;57.8;54.4;52.5;50.7;48.8;47.5;45.4;40.6;
1922;1922.0;57.8;54.5;52.5;50.8;48.8;47.5;45.4;40.6;
1923;1923.0;57.8;54.5;52.4;50.8;48.8;47.5;45.4;40.6;
1924;1924.0;57.8;54.4;52.4;50.8;48.9;47.5;45.4;40.7;
1925;1925.0;57.8;54.4;52.4;50.8;48.9;47.5;45.4;40.6;
1926;1926.0;57.8;54.5;52.4;50.8;48.9;47.5;45.4;40.7;
1927;1927.0;57.8;54.4;52.5;50.8;48.9;47.5;45.4;40.6;
1928;1928.0;57.8;54.5;52.5;50.8;48.9;47.5;45.4;40.6;
1929;1929.0;57.8;54.4;52.5;50.8;48.9;47.5;45.4;40.7;
1930;1930.0;57.8;54.5;52.5;50.8;48.8;47.5;45.4;40.6;
1931;1931.0;57.8;54.5;52.4;50.8;48.9;47.5;45.4;40.6;
1932;1932.0;57.8;54.5;52.5;50.8;48.9;47.5;45.4;40.6;
1933;1933.0;57.8;54.5;52.5;50.8;48.9;47.5;45.4;40.7;
1934;1934.0;57.8;54.5;52.6;50.8;48.9;47.5;45.4;40.8;
1935;1935.0;57.8;54.5;52.6;50.8;48.9;47.5;45.4;40.7;
1936;1936.0;57.8;54.5;52.6;50.8;48.9;47.5;45.4;40.7;
1937;1937.0;57.8;54.5;52.5;50.8;48.8;47.5;45.4;40.6;
1938;1938.0;57.8;54.5;52.6;50.8;48.9;47.5;45.4;40.7;
1939;1939.0;57.8;54.5;52.5;50.8;48.9;47.5;45.4;40.7;
1940;1940.0;57.8;54.5;52.5;50.8;48.9;47.5;45.4;40.8;
1941;1941.0;57.8;54.5;52.6;50.8;48.9;47.5;45.4;40.7;
1942;1942.0;57.8;54.5;52.6;50.8;48.9;47.5;45.4;40.8;
1943;1943.0;57.8;54.5;52.6;50.8;48.9;47.5;45.4;40.6;
1944;1944.0;57.8;54.5;52.5;50.8;48.9;47.5;45.4;40.6;
1945;1945.0;57.8;54.5;52.6;50.8;48.9;47.5;45.4;40.7;
1946;1946.0;57.8;54.5;52.6;50.8;48.9;47.5;45.4;40.7;
1947;1947.0;57.8;54.5;52.5;50.8;48.9;47.5;45.4;40.7;
1948;1948.0;57.8;54.5;52.6;50.8;48.9;47.5;45.4;40.7;
1949;1949.0;57.9;54.5;52.6;50.8;48.9;47.5;45.4;40.7;
1950;1950.0;57.8;54.5;52.6;50.8;48.9;47.5;45.4;40.7;
1951;1951.0;57.8;54.5;52.5;50.8;48.9;47.5;45.4;40.6;
1952;1952.0;57.8;54.5;52.6;50.8;48.9;47.5;45.4;40.8;
1953;1953.0;57.9;54.5;52.6;50.8;49.0;47.5;45.4;40.7;
1954;1954.0;57.9;54.5;52.6;50.8;49.0;47.5;45.4;40.8;
1955;1955.0;57.8;54.5;52.6;50.8;49.0;47.5;45.4;40.8;
1956;1956.0;57.9;54.5;52.6;50.8;48.9;47.6;45.4;40.8;
1957;1957.0;57.9;54.5;52.6;50.8;48.9;47.5;45.4;40.8;
1958;1958.0;57.8;54.5;52.6;50.8;48.9;47.5;45.4;40.7;
1959;1959.0;57.9;54.5;52.6;50.8;48.9;47.6;45.4;40.7;
1960;1960.0;57.9;54.5;52.6;50.8;48.9;47.5;45.4;40.6;
1961;1961.0;57.9;54.5;52.6;50.8;48.9;47.5;45.4;40.7;
1962;1962.0;57.8;54.5;52.6;50.8;49.0;47.5;45.5;40.7;
1963;1963.0;57.9;54.5;52.7;50.8;49.0;47.6;45.4;40.8;
1964;1964.0;57.9;54.5;52.6;50.8;49.0;47.6;45.4;40.8;
1965;1965.0;57.9;54.5;52.6;50.8;48.9;47.6;45.4;40.8;
1966;1966.0;57.9;54.5;52.6;50.8;48.9;47.5;45.5;40.8;
1967;1967.0;57.9;54.5;52.6;50.8;49.0;47.6;45.4;40.8;
1968;1968.0;57.9;54.5;52.6;50.8;49.0;47.5;45.5;40.8;
1969;1969.0;57.9;54.5;52.6;50.8;49.0;47.6;45.4;40.8;
1970;1970.0;57.9;54.5;52.7;50.8;49.0;47.6;45.5;40.8;
1971;1971.0;57.9;54.5;52.6;50.8;48.9;47.5;45.4;40.8;
1972;1972.0;57.8;54.5;52.6;50.8;48.9;47.5;45.4;40.6;
1973;1973.0;57.9;54.5;52.7;50.8;49.0;47.6;45.5;40.7;
1974;1974.0;57.9;54.6;52.7;50.9;49.0;47.6;45.5;40.8;
1975;1975.0;57.9;54.5;52.7;50.8;49.0;47.6;45.4;40.8;
1976;1976.0;57.9;54.5;52.7;50.9;49.0;47.6;45.5;40.8;
1977;1977.0;57.9;54.5;52.6;50.8;48.9;47.5;45.4;40.7;
1978;1978.0;57.9;54.5;52.7;50.8;49.0;47.7;45.5;40.8;
1979;1979.0;57.9;54.5;52.7;50.9;49.0;47.7;45.4;40.8;
1980;1980.0;57.9;54.5;52.6;50.8;49.0;47.6;45.5;40.8;
1981;1981.0;57.9;54.6;52.7;50.8;49.0;47.6;45.5;40.8;
1982;1982.0;57.9;54.6;52.7;50.9;49.0;47.7;45.5;40.8;
1983;1983.0;57.9;54.6;52.7;50.9;49.0;47.6;45.5;40.8;
1984;1984.0;57.9;54.5;52.7;50.9;49.0;47.6;45.5;40.8;
1985;1985.0;57.9;54.5;52.6;50.8;49.0;47.5;45.4;40.7;
1986;1986.0;57.9;54.6;52.7;50.9;49.0;47.7;45.5;40.8;
1987;1987.0;57.9;54.6;52.7;50.9;49.0;47.7;45.5;40.8;
1988;1988.0;57.9;54.6;52.7;50.9;49.0;47.7;45.5;40.8;
1989;1989.0;57.9;54.5;52.7;50.8;49.0;47.6;45.5;40.8;
1990;1990.0;57.9;54.6;52.7;50.9;49.0;47.7;45.5;40.8;
1991;1991.0;57.9;54.6;52.7;50.9;49.0;47.7;45.5;40.8;
1992;1992.0;57.9;54.6;52.7;50.9;49.0;47.7;45.5;40.8;
1993;1993.0;57.9;54.6;52.7;50.9;49.0;47.7;45.5;40.8;
1994;1994.0;57.9;54.6;52.7;50.8;49.0;47.6;45.5;40.8;
1995;1995.0;57.9;54.7;52.7;50.9;49.0;47.7;45.6;40.8;
1996;1996.0;58.0;54.6;52.7;50.9;49.0;47.7;45.5;40.8;
1997;1997.0;58.0;54.6;52.7;50.9;49.0;47.7;45.5;40.8;
1998;1998.0;58.0;54.7;52.7;50.9;49.0;47.7;45.5;40.8;
1999;1999.0;57.9;54.7;52.7;50.9;49.0;47.7;45.5;40.8;
2000;2000.0;58.0;54.6;52.7;50.9;49.1;47.7;45.5;40.8;
2001;2001.0;57.9;54.7;52.7;50.9;49.0;47.7;45.5;40.8;
2002;2002.0;58.0;54.7;52.7;51.0;49.0;47.7;45.6;40.8;
2003;2003.0;58.0;54.7;52.7;50.9;49.0;47.7;45.6;40.8;
2004;2004.0;58.0;54.7;52.7;50.9;49.0;47.7;45.6;40.8;
2005;2005.0;58.0;54.7;52.8;50.9;49.1;47.7;45.6;40.8;
2006;2006.0;58.0;54.7;52.7;50.9;49.1;47.7;45.6;40.8;
2007;2007.0;58.0;54.7;52.7;50.9;49.0;47.7;45.5;40.8;
2008;2008.0;58.0;54.7;52.8;50.9;49.1;47.8;45.6;40.8;
2009;2009.0;58.0;54.7;52.8;51.0;49.1;47.7;45.6;40.8;
2010;2010.0;58.0;54.7;52.8;50.9;49.1;47.7;45.5;40.8;
2011;2011.0;57.9;54.7;52.7;50.9;49.1;47.7;45.6;40.8;
2012;2012.0;58.0;54.7;52.7;50.9;49.0;47.7;45.6;40.8;
2013;2013.0;57.9;54.7;52.7;50.9;49.0;47.7;45.5;40.8;
2014;2014.0;58.0;54.7;52.7;50.9;49.0;47.7;45.5;40.8;
2015;2015.0;58.0;54.7;52.8;51.0;49.1;47.7;45.6;40.8;
2016;2016.0;58.0;54.7;52.8;50.9;49.1;47.8;45.6;40.8;
2017;2017.0;58.0;54.7;52.8;51.0;49.1;47.8;45.6;40.8;
2018;2018.0;58.0;54.7;52.8;51.0;49.1;47.7;45.6;40.8;
2019;2019.0;58.0;54.7;52.7;50.9;49.0;47.7;45.6;40.8;
2020;2020.0;58.0;54.7;52.8;50.9;49.1;47.7;45.6;40.8;
2021;2021.0;58.0;54.7;52.8;51.0;49.1;47.8;45.6;40.8;
2022;2022.0;58.0;54.7;52.8;51.0;49.1;47.7;45.7;40.8;
2023;2023.0;58.0;54.7;52.7;51.0;49.0;47.7;45.5;40.8;
2024;2024.0;58.0;54.8;52.8;51.0;49.1;47.8;45.7;40.8;
2025;2025.0;58.0;54.7;52.7;51.0;49.1;47.8;45.7;40.8;
2026;2026.0;58.0;54.8;52.8;51.1;49.1;47.8;45.6;40.8;
2027;2027.0;58.0;54.8;52.8;51.0;49.1;47.8;45.6;40.8;
2028;2028.0;58.0;54.7;52.8;51.0;49.1;47.8;45.6;40.8;
2029;2029.0;58.1;54.7;52.8;51.0;49.1;47.7;45.6;40.8;
2030;2030.0;58.1;54.8;52.8;51.1;49.1;47.8;45.7;40.8;
2031;2031.0;58.1;54.8;52.8;51.0;49.1;47.8;45.6;40.8;
2032;2032.0;58.1;54.8;52.8;51.0;49.1;47.8;45.7;40.8;
2033;2033.0;58.0;54.8;52.8;51.1;49.1;47.8;45.6;40.8;
2034;2034.0;58.1;54.7;52.8;51.0;49.1;47.8;45.7;40.8;
2035;2035.0;58.0;54.8;52.8;51.2;49.1;47.8;45.7;40.8;
2036;2036.0;58.1;54.8;52.8;51.0;49.1;47.8;45.7;40.8;
2037;2037.0;58.1;54.8;52.8;51.0;49.1;47.8;45.7;40.8;
2038;2038.0;58.1;54.8;52.9;51.2;49.1;47.8;45.7;40.8;
2039;2039.0;58.1;54.8;52.8;51.0;49.1;47.8;45.7;40.8;
2040;2040.0;58.1;54.8;52.8;51.2;49.1;47.8;45.7;40.8;
2041;2041.0;58.1;54.8;52.9;51.2;49.1;47.8;45.7;40.8;
2042;2042.0;58.1;54.8;52.8;51.0;49.1;47.8;45.7;40.8;
2043;2043.0;58.1;54.7;52.8;51.0;49.1;47.8;45.7;40.8;
2044;2044.0;58.1;54.8;52.9;51.2;49.1;47.8;45.7;40.8;
2045;2045.0;58.1;54.8;52.9;51.1;49.1;47.8;45.6;40.8;
2046;2046.0;58.1;54.8;52.8;51.2;49.1;47.8;45.7;40.8;
2047;2047.0;58.1;54.8;52.8;51.2;49.1;47.8;45.7;40.8;
2048;2048.0;58.1;54.8;52.8;51.2;49.1;47.8;45.7;40.8;
2049;2049.0;58.1;54.8;52.8;51.2;49.1;47.8;45.7;40.8;
2050;2050.0;58.1;54.8;52.9;51.2;49.1;47.8;45.7;40.8;
2051;2051.0;58.1;54.8;52.8;51.2;49.1;47.8;45.7;40.8;
2052;2052.0;58.1;54.8;52.9;51.2;49.1;47.8;45.7;40.8;
2053;2053.0;58.1;54.8;52.9;51.2;49.1;47.8;45.7;40.8;
2054;2054.0;58.2;54.8;52.9;51.2;49.1;47.8;45.7;40.8;
2055;2055.0;58.1;54.8;52.9;51.2;49.1;47.8;45.7;40.8;
2056;2056.0;58.1;54.8;52.9;51.2;49.1;47.8;45.7;40.8;
2057;2057.0;58.1;54.8;52.9;51.2;49.1;47.8;45.7;40.8;
2058;2058.0;58.1;54.8;52.9;51.2;49.2;47.8;45.7;40.8;
2059;2059.0;58.2;54.8;52.9;51.2;49.1;47.8;45.8;40.8;
2060;2060.0;58.1;54.8;52.9;51.2;49.1;47.8;45.7;40.8;
2061;2061.0;58.1;54.8;52.9;51.2;49.1;47.8;45.7;40.8;
2062;2062.0;58.1;54.8;52.9;51.2;49.2;47.8;45.7;40.8;
2063;2063.0;58.2;54.8;52.9;51.2;49.1;47.9;45.7;40.8;
2064;2064.0;58.2;54.8;52.9;51.2;49.1;47.8;45.7;40.8;
2065;2065.0;58.2;54.8;52.9;51.2;49.1;47.9;45.7;40.8;
2066;2066.0;58.2;54.8;52.9;51.2;49.2;47.8;45.7;40.8;
2067;2067.0;58.1;54.8;52.9;51.2;49.1;47.8;45.8;40.8;
2068;2068.0;58.2;54.8;52.9;51.2;49.2;47.8;45.7;40.8;
2069;2069.0;58.2;54.9;52.9;51.2;49.2;47.9;45.7;40.8;
2070;2070.0;58.2;54.8;52.9;51.2;49.2;47.9;45.7;40.8;
2071;2071.0;58.2;54.8;52.9;51.2;49.2;47.8;45.7;40.8;
2072;2072.0;58.2;54.8;52.9;51.2;49.2;47.8;45.8;40.8;
2073;2073.0;58.1;54.8;52.9;51.2;49.1;47.8;45.7;40.8;
2074;2074.0;58.2;54.8;52.9;51.2;49.2;47.8;45.8;40.8;
2075;2075.0;58.2;54.9;52.9;51.2;49.2;47.9;45.8;40.8;
2076;2076.0;58.2;54.8;52.9;51.2;49.2;47.9;45.8;40.9;
2077;2077.0;58.2;54.8;52.9;51.2;49.2;47.8;45.8;40.8;
2078;2078.0;58.2;54.9;52.9;51.2;49.2;47.9;45.7;40.8;
2079;2079.0;58.2;54.9;52.9;51.2;49.2;47.9;45.7;40.8;
2080;2080.0;58.2;54.9;52.9;51.2;49.2;47.9;45.8;40.8;
2081;2081.0;58.2;54.9;52.9;51.2;49.2;47.9;45.7;40.8;
2082;2082.0;58.2;54.9;52.9;51.2;49.2;47.9;45.8;40.8;
2083;2083.0;58.2;54.9;52.9;51.2;49.2;47.9;45.8;40.9;
2084;2084.0;58.2;54.9;52.9;51.2;49.2;47.9;45.8;40.8;
2085;2085.0;58.2;54.9;52.9;51.2;49.2;47.9;45.8;40.9;
2086;2086.0;58.2;54.9;52.9;51.2;49.2;47.9;45.7;40.8;
2087;2087.0;58.2;54.9;52.9;51.2;49.2;47.9;45.8;40.9;
2088;2088.0;58.2;54.9;52.9;51.2;49.2;47.9;45.8;40.9;
2089;2089.0;58.2;54.9;52.9;51.2;49.2;47.9;45.8;40.9;
2090;2090.0;58.2;54.9;53.0;51.3;49.2;47.9;45.8;40.9;
2091;2091.0;58.2;54.9;52.9;51.2;49.2;47.9;45.7;40.9;
2092;2092.0;58.2;54.9;52.9;51.2;49.2;47.9;45.7;40.8;
2093;2093.0;58.2;54.9;52.9;51.2;49.2;47.9;45.8;40.8;
2094;2094.0;58.2;54.9;52.9;51.2;49.2;47.9;45.8;40.9;
2095;2095.0;58.2;54.9;52.9;51.2;49.2;47.9;45.8;40.8;
2096;2096.0;58.2;54.9;52.9;51.3;49.2;47.9;45.8;40.8;
2097;2097.0;58.2;54.9;53.0;51.3;49.2;47.9;45.8;40.8;
2098;2098.0;58.2;54.9;53.0;51.3;49.2;47.9;45.8;40.9;
2099;2099.0;58.2;54.9;53.0;51.3;49.2;47.9;45.8;40.9;
2100;2100.0;58.2;54.9;53.0;51.3;49.2;47.9;45.8;40.9;
2101;2101.0;58.2;54.9;52.9;51.3;49.2;47.9;45.8;40.9;
2102;2102.0;58.2;54.9;53.0;51.2;49.2;47.9;45.8;40.8;
2103;2103.0;58.2;54.9;53.0;51.3;49.2;47.9;45.7;40.8;
2104;2104.0;58.2;54.9;52.9;51.2;49.2;47.9;45.8;40.9;
2105;2105.0;58.2;54.9;53.0;51.3;49.2;47.9;45.8;40.9;
2106;2106.0;58.2;54.9;53.0;51.3;49.2;47.9;45.8;40.9;
2107;2107.0;58.2;54.9;53.0;51.3;49.2;47.9;45.8;40.9;
2108;2108.0;58.2;54.9;53.0;51.3;49.3;47.9;45.8;40.9;
2109;2109.0;58.2;54.9;52.9;51.3;49.2;47.9;45.8;40.8;
2110;2110.0;58.2;54.9;53.0;51.3;49.2;47.9;45.8;40.9;
2111;2111.0;58.2;54.9;53.0;51.3;49.2;47.9;45.8;41.0;
2112;2112.0;58.2;54.9;53.0;51.3;49.2;47.9;45.8;40.9;
2113;2113.0;58.2;54.9;53.0;51.3;49.2;47.9;45.8;40.9;
2114;2114.0;58.2;54.9;53.0;51.3;49.2;47.9;45.8;40.9;
2115;2115.0;58.2;54.9;53.0;51.3;49.2;47.9;45.8;40.9;
2116;2116.0;58.2;54.9;53.0;51.3;49.2;47.9;45.8;40.9;
2117;2117.0;58.2;54.9;53.0;51.3;49.2;47.9;45.8;40.9;
2118;2118.0;58.2;55.0;53.0;51.3;49.3;47.9;45.8;40.9;
2119;2119.0;58.2;54.9;53.0;51.3;49.2;47.9;45.8;40.9;
2120;2120.0;58.2;54.9;53.0;51.3;49.3;47.9;45.8;40.8;
2121;2121.0;58.2;54.9;53.0;51.3;49.2;47.9;45.8;40.9;
2122;2122.0;58.2;54.9;53.0;51.3;49.2;47.9;45.8;40.9;
2123;2123.0;58.2;55.0;53.0;51.3;49.3;47.9;45.8;40.9;
2124;2124.0;58.2;55.0;53.0;51.3;49.2;47.9;45.8;40.9;
2125;2125.0;58.2;54.9;53.0;51.3;49.2;47.9;45.8;40.9;
2126;2126.0;58.2;54.9;53.0;51.3;49.3;47.9;45.8;40.9;
2127;2127.0;58.2;54.9;53.0;51.3;49.2;47.9;45.8;40.9;
2128;2128.0;58.2;55.0;53.0;51.3;49.3;47.9;45.8;40.9;
2129;2129.0;58.3;54.9;53.0;51.3;49.3;47.9;45.8;40.9;
2130;2130.0;58.2;54.9;52.9;51.3;49.3;47.9;45.8;40.9;
2131;2131.0;58.3;54.9;53.0;51.3;49.3;47.9;45.8;41.0;
2132;2132.0;58.3;55.0;53.0;51.3;49.3;47.9;45.8;40.9;
2133;2133.0;58.3;55.0;53.0;51.3;49.3;47.9;45.8;40.9;
2134;2134.0;58.2;55.0;53.0;51.3;49.3;47.9;45.8;41.0;
2135;2135.0;58.2;55.0;53.0;51.3;49.3;47.9;45.8;41.0;
2136;2136.0;58.2;55.0;53.0;51.3;49.3;47.9;45.8;41.0;
2137;2137.0;58.2;55.0;53.0;51.3;49.3;47.9;45.8;41.0;
2138;2138.0;58.2;54.9;53.0;51.3;49.3;47.9;45.8;40.8;
2139;2139.0;58.3;55.0;53.0;51.3;49.3;47.9;45.8;40.9;
2140;2140.0;58.2;55.0;53.0;51.3;49.3;47.9;45.8;40.9;
2141;2141.0;58.3;55.0;53.0;51.3;49.3;47.9;45.8;41.0;
2142;2142.0;58.3;55.0;53.0;51.3;49.3;47.9;45.8;40.9;
2143;2143.0;58.3;55.0;53.0;51.3;49.3;47.9;45.8;40.9;
2144;2144.0;58.3;55.0;53.1;51.3;49.3;47.9;45.8;41.0;
2145;2145.0;58.2;55.0;53.0;51.3;49.3;47.9;45.8;40.9;
2146;2146.0;58.3;55.0;53.0;51.3;49.3;47.9;45.8;41.0;
2147;2147.0;58.2;54.9;53.0;51.3;49.3;47.9;45.8;40.9;
2148;2148.0;58.3;55.0;53.0;51.3;49.3;47.9;45.8;40.9;
2149;2149.0;58.3;55.0;53.0;51.4;49.3;47.9;45.8;41.0;
2150;2150.0;58.3;55.0;53.0;51.4;49.3;47.9;45.8;40.9;
2151;2151.0;58.3;55.0;53.1;51.3;49.3;47.9;45.8;40.9;
2152;2152.0;58.3;55.1;53.1;51.4;49.3;47.9;45.9;41.0;
2153;2153.0;58.3;55.0;53.0;51.3;49.3;47.9;45.8;41.0;
2154;2154.0;58.3;55.0;53.0;51.3;49.3;47.9;45.8;41.0;
2155;2155.0;58.3;55.0;53.0;51.4;49.3;47.9;45.9;41.0;
2156;2156.0;58.3;55.0;53.1;51.4;49.3;47.9;45.8;41.0;
2157;2157.0;58.3;55.0;53.1;51.4;49.3;48.0;45.8;41.0;
2158;2158.0;58.3;55.0;53.0;51.3;49.3;47.9;45.8;41.0;
2159;2159.0;58.3;55.0;53.1;51.4;49.4;47.9;45.8;41.0;
2160;2160.0;58.3;55.1;53.1;51.4;49.4;47.9;45.8;40.9;
2161;2161.0;58.3;55.0;53.1;51.4;49.4;47.9;45.8;41.0;
2162;2162.0;58.3;55.0;53.1;51.4;49.4;48.0;45.8;41.2;
2163;2163.0;58.3;55.1;53.1;51.4;49.5;48.0;45.9;41.2;
2164;2164.0;58.3;55.0;53.0;51.4;49.3;48.0;45.8;41.2;
2165;2165.0;58.4;55.1;53.1;51.4;49.4;48.0;45.9;41.2;
2166;2166.0;58.4;55.1;53.1;51.4;49.3;48.0;45.9;41.0;
2167;2167.0;58.3;55.0;53.1;51.4;49.4;48.0;45.9;41.0;
2168;2168.0;58.4;55.1;53.1;51.4;49.4;48.1;45.9;41.2;
2169;2169.0;58.3;55.1;53.1;51.4;49.4;48.0;45.8;41.2;
2170;2170.0;58.3;55.1;53.1;51.4;49.4;48.1;45.8;41.2;
2171;2171.0;58.5;55.1;53.1;51.4;49.4;48.0;45.8;41.2;
2172;2172.0;58.4;55.1;53.2;51.4;49.4;48.0;45.9;41.2;
2173;2173.0;58.3;55.1;53.1;51.4;49.4;48.0;45.9;41.2;
2174;2174.0;58.4;55.0;53.1;51.4;49.4;48.0;45.9;41.2;
2175;2175.0;58.3;55.1;53.1;51.4;49.3;48.0;45.8;41.0;
2176;2176.0;58.4;55.1;53.1;51.4;49.4;48.0;45.9;41.2;
2177;2177.0;58.3;55.1;53.1;51.4;49.5;48.0;45.9;41.2;
2178;2178.0;58.4;55.0;53.1;51.4;49.4;48.0;45.9;41.0;
2179;2179.0;58.4;55.1;53.2;51.4;49.5;48.0;45.9;41.2;
2180;2180.0;58.4;55.1;53.1;51.4;49.5;48.0;45.9;41.2;
2181;2181.0;58.4;55.1;53.1;51.4;49.5;48.0;45.9;41.2;
2182;2182.0;58.5;55.1;53.1;51.4;49.5;48.0;45.9;41.2;
2183;2183.0;58.4;55.1;53.2;51.5;49.5;48.0;45.9;41.2;
2184;2184.0;58.4;55.1;53.2;51.4;49.4;48.0;45.9;41.2;
2185;2185.0;58.4;55.1;53.1;51.4;49.4;48.0;45.8;41.0;
2186;2186.0;58.4;55.1;53.2;51.4;49.5;48.1;45.9;41.2;
2187;2187.0;58.4;55.1;53.2;51.4;49.5;48.1;45.9;41.2;
2188;2188.0;58.5;55.1;53.1;51.5;49.5;48.1;45.9;41.2;
2189;2189.0;58.5;55.1;53.1;51.5;49.5;48.1;45.9;41.2;
2190;2190.0;58.5;55.1;53.1;51.5;49.5;48.0;45.9;41.2;
2191;2191.0;58.5;55.1;53.2;51.5;49.5;48.1;45.9;41.2;
2192;2192.0;58.5;55.1;53.1;51.5;49.5;48.1;46.0;41.2;
2193;2193.0;58.4;55.1;53.2;51.5;49.4;48.1;45.9;41.0;
2194;2194.0;58.5;55.2;53.1;51.6;49.5;48.1;45.9;41.2;
2195;2195.0;58.5;55.1;53.1;51.4;49.5;48.1;45.9;41.2;
2196;2196.0;58.5;55.1;53.2;51.5;49.5;48.1;45.9;41.2;
2197;2197.0;58.5;55.1;53.2;51.4;49.5;48.1;45.9;41.2;
2198;2198.0;58.5;55.1;53.1;51.4;49.5;48.1;45.9;41.0;
2199;2199.0;58.4;55.1;53.2;51.5;49.5;48.1;45.9;41.2;
2200;2200.0;58.5;55.1;53.2;51.4;49.5;48.1;45.9;41.2;
2201;2201.0;58.5;55.1;53.2;51.5;49.5;48.1;45.9;41.2;
2202;2202.0;58.5;55.1;53.2;51.5;49.5;48.1;45.9;41.2;
2203;2203.0;58.5;55.1;53.2;51.5;49.5;48.1;46.0;41.3;
2204;2204.0;58.5;55.2;53.2;51.6;49.5;48.1;45.9;41.2;
2205;2205.0;58.4;55.2;53.2;51.5;49.5;48.1;46.0;41.2;
2206;2206.0;58.5;55.1;53.2;51.5;49.5;48.1;45.9;41.2;
2207;2207.0;58.5;55.1;53.3;51.6;49.5;48.1;45.9;41.2;
2208;2208.0;58.5;55.1;53.2;51.5;49.5;48.1;45.9;41.2;
2209;2209.0;58.5;55.1;53.2;51.5;49.5;48.1;45.9;41.3;
2210;2210.0;58.5;55.1;53.2;51.4;49.5;48.1;45.9;41.2;
2211;2211.0;58.5;55.1;53.2;51.6;49.5;48.1;46.0;41.3;
2212;2212.0;58.5;55.1;53.3;51.6;49.5;48.1;46.0;41.3;
2213;2213.0;58.5;55.2;53.2;51.6;49.5;48.1;46.0;41.3;
2214;2214.0;58.5;55.2;53.3;51.6;49.5;48.1;46.0;41.2;
2215;2215.0;58.5;55.1;53.3;51.5;49.5;48.1;45.9;41.2;
2216;2216.0;58.5;55.2;53.3;51.6;49.5;48.1;46.0;41.2;
2217;2217.0;58.5;55.2;53.3;51.6;49.5;48.1;46.0;41.2;
2218;2218.0;58.5;55.1;53.2;51.6;49.5;48.1;45.9;41.2;
2219;2219.0;58.5;55.2;53.3;51.6;49.5;48.1;46.0;41.3;
2220;2220.0;58.5;55.1;53.3;51.6;49.5;48.1;46.0;41.3;
2221;2221.0;58.6;55.2;53.3;51.6;49.5;48.1;46.0;41.3;
2222;2222.0;58.5;55.2;53.3;51.6;49.5;48.1;45.9;41.3;
2223;2223.0;58.5;55.2;53.3;51.6;49.5;48.1;46.0;41.2;
2224;2224.0;58.5;55.2;53.3;51.6;49.5;48.1;45.9;41.2;
2225;2225.0;58.6;55.2;53.3;51.6;49.5;48.1;46.0;41.3;
2226;2226.0;58.5;55.1;53.3;51.5;49.5;48.1;45.9;41.2;
2227;2227.0;58.6;55.2;53.3;51.6;49.5;48.1;46.0;41.3;
2228;2228.0;58.5;55.2;53.3;51.6;49.5;48.1;46.0;41.3;
2229;2229.0;58.5;55.2;53.3;51.6;49.5;48.1;46.0;41.3;
2230;2230.0;58.6;55.2;53.3;51.6;49.5;48.1;46.0;41.3;
2231;2231.0;58.6;55.2;53.3;51.6;49.5;48.1;46.0;41.2;
2232;2232.0;58.6;55.2;53.3;51.6;49.5;48.1;46.0;41.3;
2233;2233.0;58.5;55.2;53.3;51.6;49.5;48.1;46.0;41.2;
2234;2234.0;58.6;55.2;53.3;51.6;49.5;48.1;46.0;41.3;
2235;2235.0;58.5;55.2;53.3;51.6;49.5;48.1;46.0;41.3;
2236;2236.0;58.6;55.3;53.3;51.6;49.5;48.1;46.0;41.3;
2237;2237.0;58.5;55.2;53.3;51.6;49.5;48.1;46.0;41.2;
2238;2238.0;58.6;55.2;53.3;51.6;49.5;48.2;46.0;41.3;
2239;2239.0;58.6;55.2;53.3;51.6;49.5;48.1;46.0;41.3;
2240;2240.0;58.6;55.2;53.3;51.6;49.5;48.1;46.0;41.3;
2241;2241.0;58.6;55.2;53.3;51.6;49.5;48.1;46.0;41.3;
2242;2242.0;58.6;55.3;53.3;51.6;49.5;48.1;46.0;41.3;
2243;2243.0;58.6;55.2;53.3;51.6;49.5;48.1;46.0;41.3;
2244;2244.0;58.6;55.2;53.3;51.6;49.5;48.1;46.0;41.2;
2245;2245.0;58.6;55.2;53.3;51.6;49.5;48.2;46.0;41.3;
2246;2246.0;58.6;55.2;53.3;51.6;49.5;48.1;46.0;41.3;
2247;2247.0;58.6;55.3;53.3;51.6;49.5;48.1;46.0;41.3;
2248;2248.0;58.6;55.3;53.3;51.6;49.5;48.2;46.0;41.3;
2249;2249.0;58.6;55.3;53.3;51.6;49.5;48.2;46.0;41.3;
2250;2250.0;58.6;55.3;53.3;51.6;49.5;48.2;46.0;41.3;
2251;2251.0;58.6;55.2;53.3;51.6;49.5;48.2;46.0;41.3;
2252;2252.0;58.6;55.3;53.3;51.6;49.5;48.2;46.0;41.3;
2253;2253.0;58.6;55.3;53.3;51.6;49.5;48.2;46.0;41.3;
2254;2254.0;58.6;55.3;53.3;51.6;49.5;48.2;46.0;41.3;
2255;2255.0;58.6;55.3;53.3;51.6;49.5;48.1;46.0;41.3;
2256;2256.0;58.7;55.3;53.3;51.6;49.5;48.1;46.0;41.3;
2257;2257.0;58.7;55.3;53.3;51.6;49.5;48.2;46.1;41.3;
2258;2258.0;58.6;55.3;53.3;51.6;49.5;48.2;46.0;41.3;
2259;2259.0;58.6;55.3;53.3;51.6;49.5;48.1;46.0;41.3;
2260;2260.0;58.6;55.3;53.3;51.6;49.5;48.2;46.0;41.3;
2261;2261.0;58.6;55.3;53.3;51.6;49.5;48.2;46.0;41.3;
2262;2262.0;58.7;55.3;53.3;51.6;49.5;48.1;46.0;41.3;
2263;2263.0;58.6;55.3;53.3;51.6;49.5;48.2;46.0;41.3;
2264;2264.0;58.6;55.3;53.3;51.6;49.5;48.2;46.0;41.3;
2265;2265.0;58.6;55.3;53.3;51.6;49.5;48.2;46.0;41.3;
2266;2266.0;58.6;55.3;53.3;51.6;49.5;48.2;46.0;41.3;
2267;2267.0;58.7;55.3;53.3;51.6;49.5;48.2;46.0;41.3;
2268;2268.0;58.6;55.3;53.3;51.6;49.5;48.2;46.0;41.3;
2269;2269.0;58.7;55.3;53.4;51.6;49.5;48.2;46.0;41.3;
2270;2270.0;58.6;55.3;53.3;51.6;49.5;48.2;46.0;41.3;
2271;2271.0;58.6;55.3;53.3;51.6;49.6;48.2;46.0;41.3;
2272;2272.0;58.7;55.3;53.3;51.6;49.5;48.2;46.0;41.3;
2273;2273.0;58.6;55.3;53.3;51.6;49.5;48.2;46.0;41.3;
2274;2274.0;58.7;55.3;53.3;51.6;49.5;48.2;46.1;41.3;
2275;2275.0;58.7;55.3;53.3;51.6;49.5;48.2;46.0;41.3;
2276;2276.0;58.7;55.3;53.3;51.6;49.5;48.2;46.0;41.3;
2277;2277.0;58.7;55.3;53.3;51.6;49.6;48.2;46.0;41.3;
2278;2278.0;58.7;55.3;53.4;51.6;49.5;48.2;46.1;41.3;
2279;2279.0;58.7;55.3;53.3;51.6;49.5;48.2;46.0;41.3;
2280;2280.0;58.7;55.3;53.3;51.6;49.5;48.2;46.0;41.3;
2281;2281.0;58.7;55.3;53.3;51.6;49.5;48.2;46.1;41.3;
2282;2282.0;58.7;55.3;53.3;51.6;49.5;48.3;46.1;41.3;
2283;2283.0;58.7;55.3;53.3;51.6;49.5;48.2;46.1;41.3;
2284;2284.0;58.7;55.3;53.4;51.6;49.6;48.2;46.0;41.3;
2285;2285.0;58.7;55.3;53.3;51.6;49.6;48.2;46.1;41.3;
2286;2286.0;58.7;55.3;53.3;51.6;49.5;48.2;46.0;41.3;
2287;2287.0;58.7;55.3;53.3;51.6;49.5;48.2;46.0;41.3;
2288;2288.0;58.7;55.3;53.4;51.6;49.5;48.2;46.1;41.3;
2289;2289.0;58.7;55.3;53.4;51.6;49.5;48.2;46.1;41.3;
2290;2290.0;58.7;55.3;53.4;51.6;49.6;48.2;46.1;41.3;
2291;2291.0;58.7;55.3;53.3;51.6;49.6;48.2;46.0;41.3;
2292;2292.0;58.7;55.3;53.3;51.6;49.6;48.2;46.1;41.3;
2293;2293.0;58.7;55.3;53.4;51.6;49.6;48.3;46.1;41.3;
2294;2294.0;58.7;55.3;53.4;51.6;49.6;48.3;46.0;41.3;
2295;2295.0;58.7;55.3;53.4;51.6;49.5;48.2;46.1;41.3;
2296;2296.0;58.7;55.3;53.4;51.6;49.6;48.2;46.1;41.4;
2297;2297.0;58.7;55.3;53.4;51.6;49.6;48.2;46.1;41.3;
2298;2298.0;58.7;55.3;53.4;51.6;49.6;48.2;46.1;41.4;
2299;2299.0;58.7;55.3;53.3;51.6;49.6;48.3;46.1;41.3;
2300;2300.0;58.7;55.3;53.4;51.6;49.6;48.2;46.1;41.3;
2301;2301.0;58.7;55.3;53.4;51.6;49.6;48.2;46.1;41.4;
2302;2302.0;58.7;55.3;53.4;51.6;49.6;48.3;46.1;41.3;
2303;2303.0;58.7;55.3;53.4;51.6;49.6;48.3;46.1;41.3;
2304;2304.0;58.7;55.3;53.4;51.6;49.6;48.3;46.1;41.3;
2305;2305.0;58.7;55.3;53.4;51.7;49.6;48.3;46.1;41.4;
2306;2306.0;58.7;55.3;53.4;51.7;49.6;48.3;46.1;41.4;
2307;2307.0;58.7;55.3;53.4;51.6;49.6;48.3;46.1;41.3;
2308;2308.0;58.7;55.3;53.4;51.7;49.6;48.3;46.1;41.4;
2309;2309.0;58.7;55.3;53.4;51.6;49.7;48.3;46.1;41.4;
2310;2310.0;58.7;55.3;53.4;51.7;49.6;48.3;46.1;41.3;
2311;2311.0;58.7;55.3;53.4;51.6;49.6;48.3;46.0;41.3;
2312;2312.0;58.7;55.3;53.4;51.6;49.6;48.3;46.2;41.3;
2313;2313.0;58.7;55.4;53.4;51.7;49.6;48.3;46.1;41.4;
2314;2314.0;58.7;55.3;53.4;51.7;49.6;48.3;46.1;41.3;
2315;2315.0;58.7;55.3;53.4;51.7;49.7;48.3;46.1;41.3;
2316;2316.0;58.7;55.3;53.4;51.7;49.6;48.3;46.1;41.4;
2317;2317.0;58.7;55.4;53.4;51.7;49.6;48.3;46.1;41.3;
2318;2318.0;58.7;55.3;53.4;51.7;49.6;48.3;46.2;41.4;
2319;2319.0;58.7;55.3;53.4;51.7;49.6;48.3;46.1;41.4;
2320;2320.0;58.7;55.3;53.4;51.7;49.7;48.3;46.2;41.4;
2321;2321.0;58.7;55.3;53.4;51.7;49.6;48.3;46.2;41.3;
2322;2322.0;58.7;55.4;53.4;51.7;49.6;48.3;46.1;41.4;
2323;2323.0;58.7;55.3;53.4;51.7;49.6;48.3;46.2;41.3;
2324;2324.0;58.7;55.3;53.4;51.6;49.6;48.2;46.1;41.3;
2325;2325.0;58.7;55.3;53.4;51.7;49.7;48.3;46.2;41.4;
2326;2326.0;58.7;55.4;53.4;51.7;49.7;48.3;46.2;41.4;
2327;2327.0;58.7;55.4;53.4;51.8;49.7;48.3;46.2;41.3;
2328;2328.0;58.7;55.4;53.4;51.7;49.6;48.3;46.2;41.3;
2329;2329.0;58.7;55.3;53.4;51.6;49.6;48.3;46.1;41.3;
2330;2330.0;58.7;55.4;53.4;51.7;49.7;48.3;46.2;41.4;
2331;2331.0;58.7;55.4;53.4;51.7;49.6;48.3;46.2;41.4;
2332;2332.0;58.7;55.4;53.4;51.7;49.7;48.3;46.1;41.4;
2333;2333.0;58.7;55.4;53.4;51.7;49.7;48.3;46.1;41.4;
2334;2334.0;58.7;55.4;53.4;51.7;49.6;48.3;46.1;41.3;
2335;2335.0;58.7;55.3;53.4;51.7;49.7;48.3;46.1;41.4;
2336;2336.0;58.7;55.4;53.4;51.7;49.7;48.3;46.2;41.4;
2337;2337.0;58.7;55.4;53.4;51.7;49.7;48.3;46.1;41.4;
2338;2338.0;58.7;55.4;53.4;51.7;49.7;48.3;46.2;41.4;
2339;2339.0;58.7;55.4;53.4;51.7;49.7;48.3;46.2;41.4;
2340;2340.0;58.7;55.5;53.4;51.7;49.7;48.3;46.2;41.4;
2341;2341.0;58.7;55.4;53.5;51.7;49.7;48.3;46.2;41.4;
2342;2342.0;58.8;55.4;53.4;51.8;49.7;48.3;46.1;41.4;
2343;2343.0;58.7;55.4;53.4;51.7;49.7;48.3;46.2;41.4;
2344;2344.0;58.7;55.4;53.5;51.7;49.7;48.3;46.2;41.4;
2345;2345.0;58.7;55.4;53.5;51.7;49.7;48.3;46.2;41.4;
2346;2346.0;58.7;55.4;53.4;51.7;49.7;48.3;46.2;41.3;
2347;2347.0;58.8;55.4;53.4;51.8;49.7;48.3;46.2;41.4;
2348;2348.0;58.7;55.4;53.4;51.8;49.7;48.3;46.2;41.4;
2349;2349.0;58.8;55.4;53.5;51.8;49.7;48.3;46.2;41.4;
2350;2350.0;58.7;55.4;53.5;51.8;49.7;48.3;46.2;41.4;
2351;2351.0;58.7;55.4;53.5;51.7;49.7;48.3;46.2;41.4;
2352;2352.0;58.7;55.4;53.4;51.8;49.7;48.3;46.2;41.4;
2353;2353.0;58.7;55.4;53.5;51.7;49.7;48.3;46.1;41.4;
2354;2354.0;58.7;55.3;53.4;51.7;49.6;48.3;46.1;41.4;
2355;2355.0;58.7;55.4;53.4;51.7;49.7;48.3;46.2;41.4;
2356;2356.0;58.7;55.4;53.4;51.7;49.7;48.3;46.1;41.3;
2357;2357.0;58.8;55.4;53.5;51.8;49.7;48.3;46.2;41.4;
2358;2358.0;58.7;55.4;53.5;51.8;49.7;48.3;46.2;41.4;
2359;2359.0;58.8;55.4;53.5;51.8;49.7;48.3;46.2;41.3;
2360;2360.0;58.7;55.4;53.4;51.8;49.7;48.3;46.2;41.4;
2361;2361.0;58.7;55.4;53.5;51.8;49.7;48.3;46.2;41.4;
2362;2362.0;58.7;55.4;53.5;51.8;49.7;48.3;46.2;41.4;
2363;2363.0;58.7;55.4;53.5;51.8;49.7;48.3;46.2;41.4;
2364;2364.0;58.7;55.4;53.5;51.7;49.7;48.3;46.2;41.4;
2365;2365.0;58.7;55.4;53.5;51.7;49.7;48.3;46.2;41.4;
2366;2366.0;58.7;55.4;53.5;51.7;49.7;48.3;46.2;41.4;
2367;2367.0;58.8;55.4;53.5;51.8;49.7;48.4;46.2;41.4;
2368;2368.0;58.7;55.4;53.5;51.8;49.7;48.3;46.2;41.4;
2369;2369.0;58.7;55.5;53.5;51.8;49.8;48.3;46.2;41.4;
2370;2370.0;58.8;55.4;53.5;51.8;49.7;48.4;46.2;41.4;
2371;2371.0;58.8;55.4;53.5;51.8;49.7;48.3;46.2;41.4;
2372;2372.0;58.7;55.4;53.5;51.8;49.7;48.4;46.2;41.3;
2373;2373.0;58.7;55.5;53.5;51.8;49.8;48.4;46.2;41.4;
2374;2374.0;58.8;55.5;53.5;51.8;49.7;48.4;46.2;41.4;
2375;2375.0;58.8;55.5;53.5;51.8;49.8;48.4;46.2;41.4;
2376;2376.0;58.8;55.5;53.5;51.8;49.9;48.3;46.2;41.4;
2377;2377.0;58.8;55.5;53.6;51.8;49.7;48.3;46.2;41.4;
2378;2378.0;58.8;55.5;53.5;51.8;49.8;48.4;46.2;41.4;
2379;2379.0;58.8;55.6;53.5;51.8;49.8;48.4;46.2;41.4;
2380;2380.0;58.7;55.5;53.5;51.8;49.7;48.3;46.2;41.4;
2381;2381.0;58.8;55.5;53.5;51.8;49.8;48.3;46.2;41.4;
2382;2382.0;58.8;55.6;53.6;51.8;49.8;48.4;46.2;41.4;
2383;2383.0;58.8;55.5;53.6;51.8;49.8;48.4;46.2;41.4;
2384;2384.0;58.8;55.5;53.6;51.8;49.8;48.4;46.2;41.4;
2385;2385.0;58.9;55.6;53.5;51.9;49.9;48.4;46.2;41.4;
2386;2386.0;58.9;55.6;53.5;51.8;49.9;48.4;46.2;41.4;
2387;2387.0;58.8;55.5;53.6;51.8;49.8;48.4;46.2;41.4;
2388;2388.0;58.9;55.5;53.5;51.8;49.8;48.4;46.2;41.4;
2389;2389.0;58.9;55.6;53.6;51.8;49.8;48.4;46.2;41.4;
2390;2390.0;58.8;55.6;53.6;51.9;49.8;48.4;46.2;41.4;
2391;2391.0;58.8;55.6;53.6;51.8;49.8;48.4;46.2;41.4;
2392;2392.0;58.9;55.5;53.6;51.8;49.9;48.4;46.2;41.4;
2393;2393.0;58.9;55.6;53.7;51.9;49.8;48.4;46.2;41.4;
2394;2394.0;58.8;55.6;53.6;51.8;49.8;48.4;46.2;41.4;
2395;2395.0;58.9;55.6;53.6;51.9;49.9;48.4;46.2;41.4;
2396;2396.0;58.9;55.6;53.5;51.9;49.8;48.4;46.2;41.4;
2397;2397.0;58.9;55.5;53.6;51.9;49.9;48.4;46.2;41.4;
2398;2398.0;58.9;55.6;53.6;51.8;49.9;48.4;46.2;41.4;
2399;2399.0;58.9;55.6;53.6;51.8;49.8;48.4;46.2;41.4;
2400;2400.0;58.9;55.6;53.6;51.8;49.9;48.5;46.2;41.5;
2401;2401.0;58.9;55.6;53.6;51.9;49.9;48.4;46.3;41.5;
2402;2402.0;58.9;55.6;53.6;51.8;49.9;48.4;46.3;41.5;
2403;2403.0;58.9;55.6;53.6;51.9;49.9;48.4;46.2;41.4;
2404;2404.0;58.9;55.6;53.6;51.8;49.9;48.4;46.2;41.4;
2405;2405.0;58.9;55.6;53.5;51.9;49.9;48.4;46.2;41.4;
2406;2406.0;58.9;55.6;53.6;51.9;49.9;48.4;46.2;41.4;
2407;2407.0;58.9;55.6;53.7;51.9;49.9;48.4;46.3;41.4;
2408;2408.0;58.9;55.6;53.7;51.9;49.9;48.4;46.3;41.4;
2409;2409.0;58.9;55.6;53.6;51.9;49.9;48.4;46.2;41.4;
2410;2410.0;58.9;55.6;53.7;51.9;49.9;48.5;46.3;41.5;
2411;2411.0;58.9;55.6;53.6;51.9;49.9;48.5;46.3;41.5;
2412;2412.0;58.9;55.6;53.7;51.9;49.9;48.4;46.2;41.4;
2413;2413.0;58.9;55.6;53.6;51.9;49.9;48.4;46.3;41.5;
2414;2414.0;58.9;55.6;53.6;51.9;49.9;48.4;46.3;41.4;
2415;2415.0;58.9;55.6;53.7;51.9;49.9;48.4;46.3;41.4;
2416;2416.0;58.9;55.6;53.7;52.0;49.9;48.5;46.3;41.5;
2417;2417.0;58.9;55.6;53.7;51.9;49.9;48.4;46.2;41.5;
2418;2418.0;58.9;55.6;53.7;51.9;49.9;48.5;46.2;41.5;
2419;2419.0;58.9;55.6;53.7;51.9;49.9;48.5;46.3;41.4;
2420;2420.0;58.9;55.6;53.7;51.9;49.9;48.5;46.3;41.5;
2421;2421.0;58.9;55.6;53.7;52.0;49.9;48.5;46.2;41.4;
2422;2422.0;58.9;55.7;53.7;52.0;49.9;48.4;46.3;41.5;
2423;2423.0;59.0;55.6;53.7;51.9;49.9;48.5;46.3;41.5;
2424;2424.0;58.9;55.7;53.7;52.0;50.0;48.4;46.3;41.5;
2425;2425.0;58.9;55.7;53.7;52.0;49.9;48.5;46.3;41.5;
2426;2426.0;58.9;55.6;53.7;51.9;50.0;48.5;46.3;41.5;
2427;2427.0;58.9;55.7;53.7;51.9;49.9;48.5;46.3;41.5;
2428;2428.0;59.0;55.6;53.7;52.0;49.9;48.5;46.3;41.4;
2429;2429.0;59.0;55.7;53.7;52.0;49.9;48.5;46.3;41.5;
2430;2430.0;58.9;55.7;53.7;51.9;49.9;48.5;46.3;41.5;
2431;2431.0;58.9;55.7;53.7;52.0;49.9;48.5;46.3;41.5;
2432;2432.0;59.0;55.7;53.7;52.0;49.9;48.5;46.3;41.5;
2433;2433.0;59.0;55.7;53.7;52.0;49.9;48.5;46.3;41.5;
2434;2434.0;58.9;55.6;53.7;52.0;49.9;48.5;46.3;41.5;
2435;2435.0;59.0;55.6;53.7;52.0;50.0;48.5;46.3;41.5;
2436;2436.0;59.0;55.7;53.7;52.0;50.0;48.5;46.3;41.5;
2437;2437.0;59.0;55.7;53.7;52.0;50.0;48.5;46.3;41.5;
2438;2438.0;59.0;55.7;53.7;52.0;49.9;48.5;46.3;41.4;
2439;2439.0;59.0;55.7;53.7;52.0;50.0;48.5;46.3;41.5;
2440;2440.0;58.9;55.7;53.7;52.0;49.9;48.5;46.3;41.5;
2441;2441.0;59.0;55.7;53.7;52.0;50.0;48.5;46.3;41.5;
2442;2442.0;59.0;55.7;53.7;52.0;49.9;48.5;46.3;41.5;
2443;2443.0;59.0;55.7;53.7;52.0;50.0;48.5;46.3;41.5;
2444;2444.0;59.0;55.7;53.7;52.0;49.9;48.5;46.3;41.5;
2445;2445.0;59.0;55.7;53.7;52.0;50.0;48.5;46.3;41.5;
2446;2446.0;59.0;55.6;53.7;52.0;50.0;48.5;46.3;41.5;
2447;2447.0;59.0;55.7;53.7;52.0;50.0;48.5;46.3;41.5;
2448;2448.0;59.0;55.7;53.7;52.0;50.0;48.5;46.3;41.5;
2449;2449.0;59.0;55.7;53.7;52.0;49.9;48.5;46.3;41.5;
2450;2450.0;59.0;55.7;53.7;52.0;50.0;48.5;46.3;41.5;
2451;2451.0;59.0;55.7;53.7;52.0;50.0;48.5;46.3;41.5;
2452;2452.0;59.0;55.7;53.7;52.0;49.9;48.5;46.3;41.5;
2453;2453.0;59.0;55.7;53.7;52.0;50.0;48.5;46.3;41.5;
2454;2454.0;59.0;55.7;53.7;52.0;50.0;48.5;46.3;41.5;
2455;2455.0;59.0;55.7;53.7;52.0;50.0;48.5;46.3;41.5;
2456;2456.0;59.0;55.7;53.7;52.0;50.0;48.5;46.3;41.5;
2457;2457.0;59.0;55.7;53.7;52.0;50.0;48.5;46.3;41.5;
2458;2458.0;59.0;55.7;53.7;52.0;50.0;48.5;46.3;41.5;
2459;2459.0;59.0;55.7;53.7;52.0;49.9;48.5;46.3;41.5;
2460;2460.0;59.0;55.7;53.7;52.0;50.0;48.5;46.3;41.5;
2461;2461.0;59.0;55.7;53.7;52.0;50.0;48.5;46.3;41.5;
2462;2462.0;59.0;55.7;53.7;52.0;50.0;48.5;46.3;41.5;
2463;2463.0;59.0;55.7;53.7;52.0;50.0;48.5;46.3;41.5;
2464;2464.0;59.0;55.7;53.7;52.0;50.0;48.5;46.3;41.5;
2465;2465.0;59.0;55.7;53.7;52.0;50.0;48.5;46.3;41.5;
2466;2466.0;59.0;55.8;53.7;52.0;50.0;48.5;46.3;41.5;
2467;2467.0;59.0;55.7;53.7;52.0;50.0;48.5;46.3;41.5;
2468;2468.0;59.0;55.7;53.7;52.0;50.0;48.5;46.3;41.5;
2469;2469.0;59.0;55.7;53.7;52.0;50.0;48.6;46.3;41.6;
2470;2470.0;59.0;55.7;53.7;52.0;50.0;48.5;46.3;41.5;
2471;2471.0;59.0;55.7;53.7;52.0;50.0;48.5;46.3;41.5;
2472;2472.0;59.0;55.7;53.7;52.0;50.0;48.6;46.3;41.6;
2473;2473.0;59.0;55.8;53.7;52.0;50.0;48.6;46.3;41.5;
2474;2474.0;59.1;55.7;53.7;52.0;50.0;48.5;46.3;41.5;
2475;2475.0;59.0;55.7;53.7;52.0;50.0;48.5;46.3;41.5;
2476;2476.0;59.0;55.7;53.7;52.0;50.0;48.6;46.3;41.5;
2477;2477.0;59.0;55.7;53.7;52.0;50.0;48.5;46.3;41.5;
2478;2478.0;59.0;55.7;53.7;52.0;50.0;48.5;46.3;41.6;
2479;2479.0;59.0;55.8;53.7;52.0;50.0;48.5;46.3;41.6;
2480;2480.0;59.0;55.8;53.7;52.0;50.0;48.5;46.4;41.6;
2481;2481.0;59.0;55.7;53.7;52.0;50.0;48.5;46.3;41.6;
2482;2482.0;59.0;55.8;53.7;52.0;50.0;48.5;46.4;41.6;
2483;2483.0;59.1;55.8;53.7;52.0;50.0;48.6;46.4;41.6;
2484;2484.0;59.0;55.8;53.7;52.0;50.0;48.6;46.4;41.6;
2485;2485.0;59.0;55.8;53.7;52.0;50.0;48.6;46.4;41.6;
2486;2486.0;59.0;55.8;53.7;52.0;50.0;48.5;46.4;41.6;
2487;2487.0;59.0;55.8;53.7;52.0;50.0;48.6;46.4;41.6;
2488;2488.0;59.0;55.8;53.7;52.0;50.0;48.5;46.3;41.5;
2489;2489.0;59.0;55.8;53.7;52.0;50.0;48.5;46.3;41.6;
2490;2490.0;59.0;55.8;53.7;52.0;50.0;48.6;46.3;41.6;
2491;2491.0;59.0;55.7;53.7;52.0;50.0;48.6;46.3;41.5;
2492;2492.0;59.1;55.8;53.7;52.0;50.0;48.5;46.3;41.7;
2493;2493.0;59.0;55.8;53.7;52.0;50.0;48.6;46.3;41.6;
2494;2494.0;59.1;55.8;53.7;52.0;50.0;48.6;46.3;41.7;
2495;2495.0;59.0;55.8;53.7;52.0;50.0;48.6;46.3;41.6;
2496;2496.0;59.1;55.8;53.7;52.0;50.0;48.6;46.3;41.6;
2497;2497.0;59.1;55.8;53.7;52.0;50.0;48.6;46.4;41.5;
2498;2498.0;59.0;55.7;53.7;52.0;50.0;48.5;46.3;41.5;
2499;2499.0;59.1;55.8;53.7;52.0;50.0;48.5;46.4;41.5;
2500;2500.0;59.0;55.8;53.7;52.0;50.0;48.6;46.3;41.6;
2501;2501.0;59.1;55.8;53.7;52.0;50.0;48.6;46.3;41.6;
2502;2502.0;59.1;55.8;53.7;52.0;50.0;48.6;46.4;41.6;
2503;2503.0;59.1;55.8;53.7;52.0;50.0;48.6;46.4;41.6;
2504;2504.0;59.1;55.8;53.7;52.0;50.0;48.5;46.4;41.7;
2505;2505.0;59.0;55.8;53.7;52.0;50.0;48.5;46.4;41.5;
2506;2506.0;59.1;55.8;53.7;52.0;50.0;48.6;46.3;41.7;
2507;2507.0;59.1;55.8;53.7;52.0;50.0;48.6;46.4;41.7;
2508;2508.0;59.1;55.8;53.7;52.0;50.0;48.6;46.4;41.6;
2509;2509.0;59.1;55.8;53.7;52.0;50.0;48.6;46.4;41.6;
2510;2510.0;59.1;55.8;53.7;52.0;50.0;48.6;46.4;41.7;
2511;2511.0;59.1;55.8;53.7;52.0;50.0;48.6;46.4;41.6;
2512;2512.0;59.1;55.8;53.8;52.0;50.0;48.6;46.4;41.6;
2513;2513.0;59.1;55.8;53.7;52.0;50.0;48.6;46.3;41.6;
2514;2514.0;59.1;55.8;53.8;52.0;50.0;48.6;46.4;41.6;
2515;2515.0;59.1;55.8;53.7;52.0;50.0;48.6;46.4;41.7;
2516;2516.0;59.0;55.8;53.7;52.0;50.0;48.6;46.4;41.6;
2517;2517.0;59.1;55.8;53.7;52.0;50.0;48.6;46.4;41.6;
2518;2518.0;59.1;55.8;53.8;52.0;50.0;48.6;46.4;41.6;
2519;2519.0;59.1;55.8;53.8;52.0;50.0;48.6;46.4;41.6;
2520;2520.0;59.1;55.8;53.7;52.0;50.0;48.6;46.4;41.5;
2521;2521.0;59.1;55.8;53.7;52.0;50.0;48.6;46.4;41.6;
2522;2522.0;59.1;55.8;53.8;52.0;50.0;48.6;46.3;41.6;
2523;2523.0;59.1;55.8;53.8;52.0;50.0;48.6;46.4;41.5;
2524;2524.0;59.1;55.8;53.8;52.0;50.0;48.6;46.4;41.6;
2525;2525.0;59.1;55.8;53.8;52.0;50.0;48.6;46.4;41.5;
2526;2526.0;59.1;55.8;53.7;52.0;50.0;48.6;46.3;41.5;
2527;2527.0;59.1;55.8;53.8;52.0;50.0;48.6;46.4;41.5;
2528;2528.0;59.1;55.8;53.8;52.0;50.0;48.6;46.4;41.6;
2529;2529.0;59.1;55.8;53.7;52.1;50.0;48.6;46.4;41.5;
2530;2530.0;59.1;55.8;53.8;52.0;50.1;48.6;46.4;41.6;
2531;2531.0;59.1;55.8;53.9;52.0;50.0;48.7;46.4;41.7;
2532;2532.0;59.1;55.8;53.8;52.0;50.1;48.6;46.4;41.7;
2533;2533.0;59.1;55.8;53.8;52.0;50.0;48.7;46.4;41.7;
2534;2534.0;59.1;55.8;53.7;52.1;50.0;48.6;46.4;41.7;
2535;2535.0;59.1;55.8;53.7;52.0;50.0;48.6;46.4;41.6;
2536;2536.0;59.1;55.8;53.8;52.1;50.0;48.7;46.4;41.6;
2537;2537.0;59.1;55.8;53.8;52.0;50.0;48.6;46.4;41.6;
2538;2538.0;59.1;55.8;53.8;52.1;50.0;48.6;46.4;41.6;
2539;2539.0;59.1;55.8;53.8;52.0;50.0;48.6;46.4;41.7;
2540;2540.0;59.1;55.8;53.9;52.1;50.1;48.6;46.4;41.7;
2541;2541.0;59.1;55.8;53.8;52.0;50.1;48.6;46.4;41.7;
2542;2542.0;59.1;55.8;53.8;52.0;50.0;48.6;46.4;41.6;
2543;2543.0;59.1;55.8;53.8;52.1;50.1;48.6;46.4;41.6;
2544;2544.0;59.1;55.8;53.8;52.0;50.1;48.6;46.4;41.6;
2545;2545.0;59.1;55.8;53.8;52.1;50.0;48.6;46.5;41.7;
2546;2546.0;59.1;55.8;53.9;52.1;50.1;48.7;46.4;41.6;
2547;2547.0;59.1;55.8;53.7;52.2;50.1;48.6;46.5;41.7;
2548;2548.0;59.1;55.8;53.9;52.1;50.1;48.7;46.4;41.6;
2549;2549.0;59.1;55.8;53.8;52.1;50.1;48.7;46.5;41.7;
2550;2550.0;59.2;55.8;53.9;52.0;50.0;48.6;46.4;41.6;
2551;2551.0;59.1;55.8;53.9;52.1;50.1;48.6;46.5;41.7;
2552;2552.0;59.1;55.8;53.9;52.1;50.1;48.7;46.5;41.6;
2553;2553.0;59.1;55.8;53.9;52.2;50.1;48.7;46.5;41.6;
2554;2554.0;59.1;55.8;53.9;52.1;50.1;48.6;46.5;41.7;
2555;2555.0;59.1;55.8;53.9;52.2;50.1;48.6;46.4;41.7;
2556;2556.0;59.1;55.8;53.9;52.1;50.1;48.6;46.4;41.7;
2557;2557.0;59.2;55.8;53.9;52.2;50.1;48.6;46.4;41.7;
2558;2558.0;59.1;55.8;53.9;52.1;50.1;48.7;46.4;41.7;
2559;2559.0;59.1;55.8;53.9;52.2;50.1;48.7;46.5;41.7;
2560;2560.0;59.1;55.8;53.9;52.2;50.2;48.6;46.4;41.7;
2561;2561.0;59.1;55.8;53.8;52.1;50.1;48.7;46.4;41.7;
2562;2562.0;59.1;55.8;53.9;52.1;50.1;48.6;46.4;41.7;
2563;2563.0;59.1;55.8;53.9;52.1;50.1;48.7;46.5;41.7;
2564;2564.0;59.1;55.8;53.9;52.1;50.1;48.6;46.4;41.6;
2565;2565.0;59.1;55.8;53.9;52.1;50.1;48.7;46.5;41.7;
2566;2566.0;59.2;55.8;53.9;52.1;50.1;48.7;46.6;41.7;
2567;2567.0;59.1;55.8;53.9;52.1;50.1;48.7;46.4;41.7;
2568;2568.0;59.1;55.8;53.9;52.1;50.0;48.7;46.5;41.7;
2569;2569.0;59.1;55.8;53.9;52.2;50.1;48.7;46.5;41.7;
2570;2570.0;59.2;55.8;53.9;52.1;50.1;48.7;46.4;41.7;
2571;2571.0;59.2;55.8;53.9;52.2;50.1;48.7;46.6;41.7;
2572;2572.0;59.2;55.8;53.9;52.2;50.2;48.7;46.5;41.7;
2573;2573.0;59.1;55.8;53.9;52.1;50.1;48.7;46.5;41.7;
2574;2574.0;59.2;55.8;53.9;52.2;50.1;48.7;46.5;41.7;
2575;2575.0;59.1;55.8;53.9;52.2;50.1;48.7;46.6;41.7;
2576;2576.0;59.2;55.8;53.9;52.2;50.1;48.7;46.5;41.7;
2577;2577.0;59.2;55.8;53.9;52.2;50.1;48.7;46.6;41.7;
2578;2578.0;59.2;55.8;53.9;52.2;50.2;48.7;46.5;41.7;
2579;2579.0;59.2;55.8;53.9;52.2;50.1;48.7;46.6;41.7;
2580;2580.0;59.2;55.8;53.9;52.2;50.1;48.7;46.6;41.7;
2581;2581.0;59.2;55.8;53.9;52.2;50.1;48.7;46.5;41.7;
2582;2582.0;59.2;55.9;53.9;52.2;50.1;48.7;46.6;41.7;
2583;2583.0;59.2;55.8;53.9;52.2;50.1;48.7;46.5;41.7;
2584;2584.0;59.2;55.8;53.9;52.2;50.1;48.7;46.6;41.7;
2585;2585.0;59.2;55.9;53.9;52.2;50.2;48.7;46.6;41.7;
2586;2586.0;59.2;55.9;53.9;52.2;50.1;48.7;46.6;41.7;
2587;2587.0;59.2;55.9;53.9;52.2;50.1;48.7;46.5;41.7;
2588;2588.0;59.2;55.8;53.9;52.2;50.1;48.7;46.6;41.7;
2589;2589.0;59.2;55.9;53.9;52.2;50.1;48.7;46.5;41.7;
2590;2590.0;59.2;55.9;53.9;52.2;50.1;48.7;46.6;41.7;
2591;2591.0;59.2;55.8;53.9;52.2;50.1;48.7;46.6;41.7;
2592;2592.0;59.2;55.9;54.0;52.2;50.2;48.7;46.6;41.7;
2593;2593.0;59.2;55.8;54.0;52.2;50.2;48.7;46.6;41.7;
2594;2594.0;59.2;55.8;53.9;52.2;50.1;48.7;46.6;41.7;
2595;2595.0;59.2;55.9;54.0;52.2;50.2;48.7;46.6;41.7;
2596;2596.0;59.2;55.9;53.9;52.2;50.1;48.7;46.5;41.7;
2597;2597.0;59.2;55.9;54.0;52.2;50.1;48.7;46.5;41.7;
2598;2598.0;59.2;55.9;53.9;52.2;50.1;48.7;46.6;41.7;
2599;2599.0;59.2;55.8;53.9;52.2;50.2;48.7;46.6;41.7;
2600;2600.0;59.2;55.8;53.9;52.2;50.1;48.7;46.5;41.7;
2601;2601.0;59.2;55.8;53.9;52.2;50.1;48.7;46.6;41.7;
2602;2602.0;59.2;55.9;53.9;52.2;50.2;48.7;46.6;41.7;
2603;2603.0;59.2;55.9;54.0;52.2;50.1;48.7;46.5;41.7;
2604;2604.0;59.2;55.9;54.0;52.2;50.2;48.7;46.6;41.7;
2605;2605.0;59.2;55.9;54.0;52.3;50.1;48.7;46.6;41.7;
2606;2606.0;59.2;55.9;53.9;52.2;50.1;48.7;46.6;41.7;
2607;2607.0;59.2;55.8;54.0;52.3;50.1;48.7;46.6;41.7;
2608;2608.0;59.2;55.9;54.0;52.2;50.2;48.7;46.6;41.7;
2609;2609.0;59.2;56.0;54.0;52.2;50.2;48.7;46.6;41.7;
2610;2610.0;59.2;55.9;54.0;52.2;50.2;48.7;46.6;41.7;
2611;2611.0;59.2;55.9;54.0;52.2;50.2;48.7;46.6;41.7;
2612;2612.0;59.2;55.9;54.0;52.2;50.1;48.7;46.5;41.7;
2613;2613.0;59.3;55.9;54.0;52.2;50.2;48.7;46.6;41.7;
2614;2614.0;59.3;56.0;54.0;52.2;50.2;48.7;46.6;41.7;
2615;2615.0;59.3;55.9;54.0;52.3;50.2;48.7;46.6;41.7;
2616;2616.0;59.2;55.9;54.0;52.2;50.2;48.7;46.6;41.7;
2617;2617.0;59.2;55.9;54.0;52.2;50.2;48.7;46.6;41.7;
2618;2618.0;59.2;56.0;54.0;52.2;50.2;48.7;46.6;41.7;
2619;2619.0;59.2;56.0;54.0;52.3;50.2;48.7;46.6;41.7;
2620;2620.0;59.2;56.0;54.0;52.2;50.1;48.7;46.6;41.7;
2621;2621.0;59.2;56.0;54.0;52.3;50.2;48.7;46.6;41.7;
2622;2622.0;59.2;55.9;54.0;52.3;50.2;48.7;46.6;41.7;
2623;2623.0;59.2;55.9;54.0;52.2;50.2;48.7;46.6;41.7;
2624;2624.0;59.2;55.9;54.0;52.2;50.1;48.7;46.5;41.7;
2625;2625.0;59.3;56.0;54.0;52.3;50.2;48.7;46.6;41.7;
2626;2626.0;59.3;56.0;54.0;52.3;50.2;48.7;46.6;41.7;
2627;2627.0;59.2;55.9;54.0;52.3;50.2;48.7;46.6;41.7;
2628;2628.0;59.2;56.0;54.0;52.2;50.2;48.7;46.6;41.7;
2629;2629.0;59.2;55.9;54.0;52.2;50.1;48.7;46.6;41.7;
2630;2630.0;59.2;56.0;54.0;52.2;50.2;48.7;46.6;41.7;
2631;2631.0;59.3;56.0;54.0;52.3;50.2;48.8;46.6;41.7;
2632;2632.0;59.2;56.0;53.9;52.2;50.1;48.7;46.6;41.7;
2633;2633.0;59.2;55.9;54.0;52.3;50.2;48.7;46.6;41.7;
2634;2634.0;59.3;56.0;54.0;52.3;50.2;48.7;46.6;41.7;
2635;2635.0;59.3;56.0;54.0;52.2;50.2;48.7;46.6;41.7;
2636;2636.0;59.2;56.0;54.0;52.3;50.2;48.8;46.6;41.7;
2637;2637.0;59.3;56.0;54.0;52.3;50.2;48.7;46.6;41.7;
2638;2638.0;59.2;56.0;54.0;52.2;50.2;48.7;46.6;41.7;
2639;2639.0;59.3;56.0;54.0;52.3;50.2;48.7;46.6;41.7;
2640;2640.0;59.3;56.0;54.0;52.3;50.3;48.8;46.6;41.7;
2641;2641.0;59.3;56.0;54.0;52.3;50.2;48.8;46.6;41.7;
2642;2642.0;59.3;56.0;54.0;52.3;50.2;48.7;46.6;41.7;
2643;2643.0;59.3;56.0;54.0;52.3;50.2;48.7;46.6;41.7;
2644;2644.0;59.2;55.9;54.0;52.3;50.2;48.7;46.6;41.7;
2645;2645.0;59.3;56.0;54.0;52.3;50.2;48.8;46.6;41.7;
2646;2646.0;59.3;56.0;54.0;52.3;50.2;48.8;46.6;41.7;
2647;2647.0;59.3;56.0;54.0;52.3;50.2;48.7;46.6;41.7;
2648;2648.0;59.3;56.0;54.0;52.3;50.2;48.8;46.6;41.7;
2649;2649.0;59.4;56.0;54.0;52.3;50.3;48.8;46.6;41.7;
2650;2650.0;59.3;56.0;54.1;52.3;50.2;48.8;46.6;41.7;
2651;2651.0;59.3;56.0;54.0;52.3;50.3;48.8;46.6;41.7;
2652;2652.0;59.3;56.0;54.0;52.3;50.2;48.8;46.6;41.7;
2653;2653.0;59.3;56.0;54.0;52.3;50.2;48.8;46.6;41.7;
2654;2654.0;59.3;56.1;54.0;52.3;50.2;48.8;46.6;41.7;
2655;2655.0;59.3;56.0;54.0;52.3;50.3;48.8;46.6;41.7;
2656;2656.0;59.3;56.0;54.1;52.3;50.2;48.8;46.6;41.7;
2657;2657.0;59.3;56.1;54.0;52.3;50.3;48.8;46.6;41.7;
2658;2658.0;59.3;56.0;54.0;52.3;50.2;48.7;46.6;41.7;
2659;2659.0;59.3;56.0;54.0;52.3;50.3;48.8;46.6;41.7;
2660;2660.0;59.3;56.0;54.0;52.3;50.3;48.8;46.6;41.7;
2661;2661.0;59.3;56.0;54.0;52.3;50.3;48.8;46.6;41.7;
2662;2662.0;59.3;56.0;54.0;52.3;50.2;48.8;46.6;41.7;
2663;2663.0;59.3;56.0;54.0;52.3;50.3;48.8;46.6;41.7;
2664;2664.0;59.3;56.0;54.1;52.3;50.3;48.8;46.6;41.7;
2665;2665.0;59.3;56.0;54.0;52.3;50.3;48.8;46.6;41.7;
2666;2666.0;59.3;56.1;54.1;52.3;50.3;48.8;46.6;41.7;
2667;2667.0;59.3;56.1;54.0;52.3;50.3;48.8;46.6;41.7;
2668;2668.0;59.3;56.0;54.0;52.3;50.3;48.8;46.6;41.7;
2669;2669.0;59.3;56.1;54.1;52.3;50.3;48.8;46.6;41.7;
2670;2670.0;59.3;56.1;54.0;52.4;50.3;48.8;46.6;41.7;
2671;2671.0;59.3;56.1;54.0;52.3;50.3;48.8;46.6;41.7;
2672;2672.0;59.4;56.1;54.1;52.3;50.3;48.8;46.6;41.7;
2673;2673.0;59.3;56.1;54.1;52.3;50.3;48.8;46.6;41.7;
2674;2674.0;59.3;56.1;54.1;52.3;50.3;48.8;46.6;41.7;
2675;2675.0;59.3;56.0;54.0;52.3;50.3;48.8;46.6;41.7;
2676;2676.0;59.3;56.0;54.1;52.3;50.3;48.8;46.6;41.7;
2677;2677.0;59.3;56.0;54.1;52.3;50.3;48.8;46.6;41.7;
2678;2678.0;59.3;56.1;54.1;52.3;50.3;48.8;46.6;41.7;
2679;2679.0;59.3;56.1;54.0;52.4;50.3;48.8;46.6;41.7;
2680;2680.0;59.3;56.1;54.1;52.3;50.3;48.8;46.6;41.7;
2681;2681.0;59.4;56.1;54.1;52.4;50.3;48.8;46.6;41.7;
2682;2682.0;59.4;56.1;54.1;52.3;50.3;48.8;46.6;41.7;
2683;2683.0;59.3;56.1;54.1;52.3;50.3;48.8;46.6;41.7;
2684;2684.0;59.3;56.1;54.1;52.4;50.3;48.8;46.6;41.7;
2685;2685.0;59.3;56.1;54.0;52.3;50.3;48.8;46.6;41.7;
2686;2686.0;59.3;56.1;54.1;52.3;50.3;48.8;46.6;41.7;
2687;2687.0;59.3;56.1;54.1;52.3;50.3;48.8;46.6;41.7;
2688;2688.0;59.3;56.1;54.1;52.3;50.3;48.8;46.6;41.7;
2689;2689.0;59.3;56.1;54.1;52.4;50.3;48.8;46.6;41.8;
2690;2690.0;59.3;56.1;54.1;52.3;50.3;48.8;46.6;41.7;
2691;2691.0;59.3;56.1;54.1;52.3;50.3;48.8;46.6;41.7;
2692;2692.0;59.4;56.1;54.1;52.3;50.3;48.8;46.6;41.7;
2693;2693.0;59.4;56.1;54.1;52.4;50.3;48.8;46.6;41.7;
2694;2694.0;59.3;56.1;54.1;52.3;50.3;48.8;46.6;41.7;
2695;2695.0;59.3;56.1;54.1;52.4;50.3;48.8;46.6;41.7;
2696;2696.0;59.3;56.1;54.1;52.3;50.3;48.8;46.6;41.7;
2697;2697.0;59.4;56.1;54.1;52.4;50.3;48.8;46.6;41.7;
2698;2698.0;59.3;56.1;54.1;52.3;50.3;48.8;46.6;41.7;
2699;2699.0;59.4;56.1;54.1;52.3;50.3;48.8;46.6;41.7;
